iwdee,matches,art_matches,status
ABJURAX.BAM,ABJURAX.BAM,ABJURAX.BAM,present
ABJURH.BAM,ABJURH.BAM,ABJURH.BAM,present
ABJURT.BAM,,,unmatched
ADHWILA.BAM,,,unmatched
ADHWILH.BAM,,,unmatched
ADHWILX.BAM,,,unmatched
ALANCET.BAM,ALANCET.BAM,ALANCET.BAM,present
ALTERAX.BAM,,,unmatched
ALTERH.BAM,ALTERH.BAM,ALTERH.BAM,present
ALTERT.BAM,,,unmatched
AMSHELC.BAM,AMSHELC.BAM,AMSHELC.BAM,present
ARARROW.BAM,ARARROW.BAM,ARARROW.BAM,present
AREA1X.BAM,AREA1X.BAM,AREA1X.BAM,present
AREA2X.BAM,AREA2X.BAM,AREA2X.BAM,present
AREA3X.BAM,,,unmatched
AREA4X.BAM,AREA4X.BAM,AREA4X.BAM,present
ARMORH.BAM,SPARMORI.BAM,SPARMORI.BAM,present
ASCORCT.BAM,,,unmatched
ASTORMA.BAM,ASTORMA.BAM,ASTORMA.BAM,present
ASTORMX.BAM,ASTORMX.BAM,ASTORMX.BAM,present
BBARRH1.BAM,,,unmatched
BBARRH2.BAM,,,unmatched
BDETHER.BAM,BDETHER.BAM,BDETHER.BAM,present
BDETHREA.BAM,BDETHREA.BAM,BDETHREA.BAM,present
BDETHREH.BAM,BDETHREH.BAM,BDETHREH.BAM,present
BDRSPIRI.BAM,BDRSPIRI.BAM,BDRSPIRI.BAM,present
BDSFIREA.BAM,BDSFIREA.BAM,BDSFIREA.BAM,present
BDSFIREH.BAM,BDSFIREH.BAM,BDSFIREH.BAM,present
BDSFIRET.BAM,BDSFIRET.BAM,BDSFIRET.BAM,present
BDSPCLAR.BAM,BDSPCLAR.BAM,BDSPCLAR.BAM,present
BGLRYH.BAM,BGLRYH.BAM,BGLRYH.BAM,present
BGLRYT.BAM,BGLRYT.BAM,BGLRYT.BAM,present
BGLRYU.BAM,,,unmatched
BLESSH.BAM,BLESSH.BAM,BLESSH.BAM,present
CCDAMAH.BAM,CCDAMAH.BAM,CCDAMAH.BAM,present
CCOMMAH.BAM,SPCCMDSI.BAM,SPCCMDSI.BAM,present
CCWOUNH.BAM,,,unmatched
CDISEAH.BAM,CDISEAH.BAM,CDISEAH.BAM,present
CIDAMAH.BAM,CIDAMAH.BAM,CIDAMAH.BAM,present
CIWOUNH.BAM,CIWOUNH.BAM,CIWOUNH.BAM,present
CLDAMAH.BAM,CLDAMAH.BAM,CLDAMAH.BAM,present
CLIGHTT.BAM,,,unmatched
CLOUDBA.BAM,CLOUDBA.BAM,CLOUDBA.BAM,present
CLOUDBH.BAM,CLOUDBH.BAM,CLOUDBH.BAM,present
CLOUDKA.BAM,,,unmatched
CLOUDKR.BAM,,,unmatched
CLOUDKX.BAM,,,unmatched
CLWOUNH.BAM,CLWOUNH.BAM,CLWOUNH.BAM,present
CMDAMAH.BAM,CMDAMAH.BAM,CMDAMAH.BAM,present
CMWOUNH.BAM,CMWOUNH.BAM|SPCMWOUI.BAM,CMWOUNH.BAM|SPCMWOUI.BAM,present
COBONH1.BAM,COBONH1.BAM|L#BHAH1.BAM,COBONH1.BAM|L#BHAH1.BAM,present
COBONH2.BAM,COBONH2.BAM|L#BHAH2.BAM,COBONH2.BAM|L#BHAH2.BAM,present
COCOLDT.BAM,,,unmatched
COFEARC.BAM,SPCLKFRI.BAM,SPCLKFRI.BAM,present
COLDH.BAM,COLDH.BAM,COLDH.BAM,present
CONFUSH.BAM,,,unmatched
CONJUH.BAM,CONJUH.BAM,CONJUH.BAM,present
CONJUT.BAM,,,unmatched
COPESTA.BAM,COPESTA.BAM,COPESTA.BAM,present
CORBT.BAM,,,unmatched
CSDAMAH.BAM,CSDAMAH.BAM,CSDAMAH.BAM,present
CSHIELDH.BAM,CSHIELDH.BAM,CSHIELDH.BAM,present
CSTRENH.BAM,SPCHMPSI.BAM,SPCHMPSI.BAM,present
CSWOUNH.BAM,SPCSWOUI.BAM,SPCSWOUI.BAM,present
CURSEH.BAM,CURSEH.BAM,CURSEH.BAM,present
DDOORH.BAM,DDOORH.BAM,DDOORH.BAM,present
DESTRUH.BAM,DESTRUH.BAM,DESTRUH.BAM,present
DFOGA.BAM,,,unmatched
DFOGR.BAM,,,unmatched
DFOGX.BAM,,,unmatched
DISINTH.BAM,DISINTH.BAM,DISINTH.BAM,present
DISINTT.BAM,,,unmatched
DIVINH.BAM,BDSCRY.BAM,BDSCRY.BAM,present
DSPELLH.BAM,,,unmatched
DSPELLX.BAM,,,unmatched
ENCHAH.BAM,ENCHAH.BAM,ENCHAH.BAM,present
ENCHANX.BAM,ENCHANX.BAM,ENCHANX.BAM,present
ENCHAT.BAM,,,unmatched
ENTANGA.BAM,,,unmatched
ENTANGC.BAM,,,unmatched
ENTANGX.BAM,,,unmatched
ESHIELC.BAM,ESHIELC.BAM,ESHIELC.BAM,present
EXALTAH.BAM,EXALTAH.BAM,EXALTAH.BAM,present
FACTIOH.BAM,SPFRACTI.BAM,SPFRACTI.BAM,present
FDAWNA.BAM,FDAWNA.BAM,FDAWNA.BAM,present
FDAWNX.BAM,FDAWNX.BAM,FDAWNX.BAM,present
FIREBAA.BAM,,,unmatched
FIREBAR.BAM,,,unmatched
FIREBAT.BAM,,,unmatched
FIREBAX.BAM,,,unmatched
FODEATH.BAM,,,unmatched
FSTORMA.BAM,FSTORMA.BAM,FSTORMA.BAM,present
FSTORMX.BAM,FSTORMX.BAM,FSTORMX.BAM,present
FSTRIKH.BAM,FSTRIKH.BAM|FLMSTRK.BAM,FSTRIKH.BAM|FLMSTRK.BAM,present
GARMORH.BAM,GARMORH.BAM,GARMORH.BAM,present
GLDUSTA.BAM,,,unmatched
GLPHWRDH.BAM,,,unmatched
GOINVUC.BAM,,,unmatched
GREASEA.BAM,,,unmatched
GREASEB.BAM,,,unmatched
GREASEC.BAM,,,unmatched
GREASEX.BAM,,,unmatched
GRESTORH.BAM,,,unmatched
GRNDGLOW.BAM,GRNDGLOW.BAM,GRNDGLOW.BAM,present
GSHOUTT.BAM,GSHOUTT.BAM,GSHOUTT.BAM,present
GSOLAC1.BAM,GSOLAC1.BAM,GSOLAC1.BAM,present
GSOLAC2.BAM,GSOLAC2.BAM,GSOLAC2.BAM,present
HARMH.BAM,HARMH.BAM,HARMH.BAM,present
HEALH.BAM,,,unmatched
ICELANT.BAM,ICELANT.BAM,ICELANT.BAM,present
ICLOUDA.BAM,,,unmatched
ICLOUDB.BAM,,,unmatched
ICLOUDX.BAM,,,unmatched
ILLUSH.BAM,ILLUSH.BAM,ILLUSH.BAM,present
ILLUST.BAM,,,unmatched
INVOCH.BAM,INVOCH.BAM,INVOCH.BAM,present
IPLAGUA.BAM,SPIPLAAI.BAM|SPIPLARI.BAM,SPIPLAAI.BAM|SPIPLARI.BAM,present
IPLAGUR.BAM,SPIPLAAI.BAM|SPIPLARI.BAM,SPIPLAAI.BAM|SPIPLARI.BAM,present
IPLAGUX.BAM,,,unmatched
ISTORMA.BAM,,,unmatched
ISTORMX.BAM,,,unmatched
LIGHTNT.BAM,,,unmatched
LODISRT.BAM,LODISRT.BAM,LODISRT.BAM,present
LODISRU.BAM,,,unmatched
LRESTORH.BAM,,,unmatched
MAGICSTN.BAM,,,unmatched
MFMISST.BAM,MFMISST.BAM,MFMISST.BAM,present
MFMISSX.BAM,MFMISSX.BAM,MFMISSX.BAM,present
MGOINVC.BAM,,,unmatched
MMAGICH.BAM,,,unmatched
MOELDAA.BAM,MOELDAA.BAM,MOELDAA.BAM,present
MRAGEH.BAM,MRAGEH.BAM,MRAGEH.BAM,present
MRAGEX.BAM,MRAGEX.BAM,MRAGEX.BAM,present
MSUMM1H.BAM,MSUMM1H.BAM,MSUMM1H.BAM,present
MTOUCHH.BAM,MTOUCHH.BAM,MTOUCHH.BAM,present
NECROH.BAM,NECROH.BAM,NECROH.BAM,present
NECROT.BAM,NECROT.BAM,NECROT.BAM,present
NPOISOH.BAM,SPNPOISI.BAM,SPNPOISI.BAM,present
OFSPHEH.BAM,OFSPHEH.BAM,OFSPHEH.BAM,present
OFSPHET.BAM,OFSPHET.BAM,OFSPHET.BAM,present
ORSPHEC.BAM,,,unmatched
PARALH.BAM,PARALH.BAM,PARALH.BAM,present
PFIREA.BAM,PFIREA.BAM,PFIREA.BAM,present
PFIREX.BAM,PFIREX.BAM,PFIREX.BAM,present
PFNMISC.BAM,,,unmatched
POISONH.BAM,,,unmatched
PRAYERB.BAM,PRAYERB.BAM,PRAYERB.BAM,present
PRAYERG.BAM,PRAYERG.BAM,PRAYERG.BAM,present
PSPRAYT.BAM,,,unmatched
PWKILLX.BAM,,,unmatched
PWSILEH.BAM,,,unmatched
PWSTUNH.BAM,,,unmatched
RDEADH.BAM,SPRAISEI.BAM,SPRAISEI.BAM,present
RECITAB.BAM,RECITAB.BAM,RECITAB.BAM,present
RECITAG.BAM,RECITAG.BAM,RECITAG.BAM,present
REGENERH.BAM,,,unmatched
RESURRH.BAM,,,unmatched
RPARALH.BAM,,,unmatched
RWOTFAH.BAM,RWOTFAH.BAM,RWOTFAH.BAM,present
SANCTRY.BAM,,,unmatched
SARMORH.BAM,SARMORH.BAM,SARMORH.BAM,present
SCLOUDA.BAM,SCLOUDA.BAM,SCLOUDA.BAM,present
SCLOUDR.BAM,SCLOUDR.BAM,SCLOUDR.BAM,present
SCLOUDX.BAM,,,unmatched
SEATERA.BAM,SEATERA.BAM,SEATERA.BAM,present
SEATERH.BAM,SEATERH.BAM,SEATERH.BAM,present
SEYESC1.BAM,SEYESC1.BAM,SEYESC1.BAM,present
SEYESC2.BAM,SEYESC2.BAM,SEYESC2.BAM,present
SGROWTA.BAM,SGROWTA.BAM,SGROWTA.BAM,present
SGROWTX.BAM,SGROWTX.BAM,SGROWTX.BAM,present
SHOUTT.BAM,SHOUTT.BAM,SHOUTT.BAM,present
SHSKULL.BAM,SHSKULL.BAM,SHSKULL.BAM,present
SKLT.BAM,SKLT.BAM,SKLT.BAM,present
SLIVINH.BAM,,,unmatched
SOFLAMC.BAM,SOFLAMC.BAM,SOFLAMC.BAM,present
SOHOPEX.BAM,SOHOPEX.BAM,SOHOPEX.BAM,present
SOLATC1.BAM,SOLATC1.BAM,SOLATC1.BAM,present
SOLATC2.BAM,SOLATC2.BAM,SOLATC2.BAM,present
SOONEH.BAM,SPSTRONE.BAM,SPSTRONE.BAM,present
SPAURAFB.BAM,SPAURAFB.BAM,SPAURAFB.BAM,present
SPAURAFF.BAM,SPAURAFF.BAM,SPAURAFF.BAM,present
SPBEHBLA.BAM,SPBEHBLA.BAM,SPBEHBLA.BAM,present
SPBGBFST.BAM,SPBGBFST.BAM,SPBGBFST.BAM,present
SPBHANDI.BAM,SPBHANDI.BAM,SPBHANDI.BAM,present
SPBOOM.BAM,,,unmatched
SPCAGEMZ.BAM,SPCAGEMZ.BAM,SPCAGEMZ.BAM,present
SPCHRORB.BAM,,,unmatched
SPCLKFRI.BAM,SPCLKFRI.BAM,SPCLKFRI.BAM,present
SPCLOUD3.BAM,SPCLOUD3.BAM,SPCLOUD3.BAM,present
SPCMWOUI.BAM,CMWOUNH.BAM|SPCMWOUI.BAM,CMWOUNH.BAM|SPCMWOUI.BAM,present
SPCOMEXP.BAM,SPCOMEXP.BAM,SPCOMEXP.BAM,present
SPCOMTRV.BAM,SPCOMTRV.BAM,SPCOMTRV.BAM,present
SPCONTIN.BAM,SPCONTIN.BAM,SPCONTIN.BAM,present
SPDRGNBR.BAM,,,unmatched
SPEAR.BAM,SPEAR.BAM,SPEAR.BAM,present
SPENBLD.BAM,SPENBLD.BAM,SPENBLD.BAM,present
SPFIRESB.BAM,SPFIRESB.BAM,SPFIRESB.BAM,present
SPFIRESR.BAM,SPFIRESR.BAM,SPFIRESR.BAM,present
SPFLMARR.BAM,SPFLMARR.BAM,SPFLMARR.BAM,present
SPGFLSH1.BAM,MSUMM1H.BAM,MSUMM1H.BAM,present
SPGLBBLD.BAM,SPGLBBLD.BAM,SPGLBBLD.BAM,present
SPGLYPTI.BAM,,SPGLYPTI.BAM,shared_cycle
SPIMPFR.BAM,SPIMPFR.BAM,SPIMPFR.BAM,present
SPIMPPT.BAM,SPIMPPT.BAM,SPIMPPT.BAM,present
SPIPLAAI.BAM,SPIPLAAI.BAM|SPIPLARI.BAM,SPIPLAAI.BAM|SPIPLARI.BAM,present
SPIPLARI.BAM,SPIPLAAI.BAM|SPIPLARI.BAM,SPIPLAAI.BAM|SPIPLARI.BAM,present
SPMINDAT.BAM,SPMINDAT.BAM,SPMINDAT.BAM,present
SPOISOH.BAM,,,unmatched
SPPORTAL.BAM,SPPORTAL.BAM,SPPORTAL.BAM,present
SPPROIMG.BAM,SPPROIMG.BAM,SPPROIMG.BAM,present
SPSHADOW.BAM,SPSHADOW.BAM,SPSHADOW.BAM,present
SPSPAINI.BAM,SPSPAINI.BAM,SPSPAINI.BAM,present
SPSPEV.BAM,SPSPEV.BAM,SPSPEV.BAM,present
SPSPMAZE.BAM,SPSPMAZE.BAM,SPSPMAZE.BAM,present
SPSTRMVA.BAM,SPSTRMVA.BAM,SPSTRMVA.BAM,present
SPSUMGTE.BAM,SPSUMGTE.BAM,SPSUMGTE.BAM,present
SPSUMP.BAM,SPSUMP.BAM,SPSUMP.BAM,present
SPUSEANY.BAM,SPUSEANY.BAM,SPUSEANY.BAM,present
SSHELLC.BAM,SSHELLC.BAM,SSHELLC.BAM,present
SSORBH.BAM,,,unmatched
SSORBT.BAM,,,unmatched
SSSWARR.BAM,SSSWARR.BAM,SSSWARR.BAM,present
SSSWART.BAM,SSSWART.BAM,SSSWART.BAM,present
SSSWARX.BAM,SSSWARX.BAM,SSSWARX.BAM,present
SSTONEA.BAM,SSTONEA.BAM,SSTONEA.BAM,present
STRENGH.BAM,STRENGH.BAM|SPSTRENI.BAM,STRENGH.BAM|SPSTRENI.BAM,present
SUFFOCA.BAM,SUFFOCA.BAM,SUFFOCA.BAM,present
SUNRAYX.BAM,,,unmatched
SUNSCOH.BAM,SUNSCOH.BAM,SUNSCOH.BAM,present
SWAVEH.BAM,SWAVEH.BAM,SWAVEH.BAM,present
SWAVET.BAM,,,unmatched
SWAVEX.BAM,SWAVEX.BAM,SWAVEX.BAM,present
SWRATHT.BAM,SWRATHT.BAM,SWRATHT.BAM,present
SWRATHU.BAM,,,unmatched
TRAVEL.BAM,TRAVEL.BAM,TRAVEL.BAM,present
TSPRAYT.BAM,TSPRAYT.BAM,TSPRAYT.BAM,present
UWARDX.BAM,UWARDX.BAM,UWARDX.BAM,present
VSPHERT.BAM,VSPHERT.BAM,VSPHERT.BAM,present
VSPHERX.BAM,VSPHERX.BAM,VSPHERX.BAM,present
WEBA.BAM,,,unmatched
WEBC.BAM,,,unmatched
WEBX.BAM,,,unmatched
WHIRLWX.BAM,WHIRLWX.BAM,WHIRLWX.BAM,present
WITHERH.BAM,WITHERH.BAM,WITHERH.BAM,present
WOMOONX.BAM,WOMOONX.BAM,WOMOONX.BAM,present
WRITHING.BAM,WRITHING.BAM,WRITHING.BAM,present
