bam,BG_roots,reason,representative_IWDEE_path,SR_overlap
ABJURT.BAM,SPWI321 | SPWI419 | SPWI513 | SPWI608 | SPWI705 | SPWI805 | SPWI903 | SPWI910,"PRO travel, area spread, ring, trail or nested projectile phase; matching installed EET binding has not been implemented",SPWI321.SPL -> IDPRO227.PRO (ability 1 projectile [MISSILE-1]) -> ABJURT.BAM (PRO travel [flag-dependent]) | SPWI419.SPL -> IDPRO227.PRO (ability 1 projectile [MISSILE-1]) -> ABJURT.BAM (PRO travel [flag-dependent]),False
ADHWILA.BAM,SPWI812,"PRO travel, area spread, ring, trail or nested projectile phase; matching installed EET binding has not been implemented",SPWI812.SPL -> IDPRO318.PRO (ability 9 projectile [MISSILE-1]) -> ADHWILA.BAM (PRO spread [activation not assumed]),False
ADHWILX.BAM,SPWI812,PRO center/VEF phase; declared reference does not prove activation; compare the installed PRO flags/controller and timings,SPWI812.SPL -> IDPRO318.PRO (ability 9 projectile [MISSILE-1]) -> #ADHWILT.VVC (PRO center [activation not assumed]) -> ADHWILX.BAM (VVC main),False
ALTERAX.BAM,SPPR211 | SPPR312 | SPWI305 | SPWI312 | SPWI421 | SPWI711,PRO center/VEF phase; declared reference does not prove activation; compare the installed PRO flags/controller and timings,SPPR211.SPL -> IDPRO245.PRO (ability 9 projectile [MISSILE-1]) -> #GENALTE.VVC (PRO center [activation not assumed]) -> ALTERAX.BAM (VVC main) | SPPR312.SPL -> IDPRO252.PRO (ability 1 projectile [MISSILE-1]) -> #GENALTE.VVC (PRO center [activation not assumed]) -> ALTERAX.BAM (VVC main),False
ALTERT.BAM,SPPR610 | SPWI415 | SPWI514 | SPWI604 | SPWI613 | SPWI625 | SPWI704,"PRO travel, area spread, ring, trail or nested projectile phase; matching installed EET binding has not been implemented",SPPR610.SPL -> IDPRO228.PRO (ability 1 projectile [MISSILE-1]) -> ALTERT.BAM (PRO travel [flag-dependent]) | SPWI415.SPL -> IDPRO228.PRO (ability 1 projectile [MISSILE-1]) -> ALTERT.BAM (PRO travel [flag-dependent]),False
AREA3X.BAM,SPWI116 | SPWI307 | SPWI721,PRO center/VEF phase; declared reference does not prove activation; compare the installed PRO flags/controller and timings,SPWI116.SPL -> SLEEP.PRO (ability 9 projectile [MISSILE-1]) -> AREA3X.VVC (PRO center [activation not assumed]) -> AREA3X.BAM (VVC main) | SPWI307.SPL -> INVIS10.PRO (ability 1 projectile [MISSILE-1]) -> #GENILLU.VVC (PRO center [activation not assumed]) -> AREA3X.BAM (VVC main),False
ASCORCT.BAM,SPWI217,"PRO travel, area spread, ring, trail or nested projectile phase; matching installed EET binding has not been implemented",SPWI217.SPL -> IDPRO109.PRO (ability 1 projectile [MISSILE-1]) -> ASCORCT.BAM (PRO travel [flag-dependent]),False
CLIGHTT.BAM,SPWI615,"PRO travel, area spread, ring, trail or nested projectile phase; matching installed EET binding has not been implemented",SPWI615.SPL -> SPWI615B.SPL (ability 1 opcode 333) -> CHAINLGT.PRO (ability 9 projectile [MISSILE-1]) -> IDPRO210.PRO (PRO nested 0x21a [index/activation unconfirmed]) -> CLIGHTT.BAM (PRO travel [flag-dependent]),False
CLOUDKA.BAM,SPWI502,"PRO travel, area spread, ring, trail or nested projectile phase; matching installed EET binding has not been implemented",SPWI502.SPL -> IDPRO187.PRO (ability 1 projectile [MISSILE-1]) -> CLOUDKA.BAM (PRO spread [activation not assumed]),False
CLOUDKR.BAM,SPWI502,"PRO travel, area spread, ring, trail or nested projectile phase; matching installed EET binding has not been implemented",SPWI502.SPL -> IDPRO187.PRO (ability 1 projectile [MISSILE-1]) -> CLOUDKR.VVC (PRO ring [activation not assumed]) -> CLOUDKR.BAM (VVC main),False
CLOUDKX.BAM,SPWI502,"PRO travel, area spread, ring, trail or nested projectile phase; matching installed EET binding has not been implemented; shared shape alone is not a duplicate, and colour/palette behavior needs review",SPWI502.SPL -> IDPRO187.PRO (ability 1 projectile [MISSILE-1]) -> CLOUDKX.BAM (PRO center [activation not assumed]),False
COCOLDT.BAM,SPWI503,"PRO travel, area spread, ring, trail or nested projectile phase; matching installed EET binding has not been implemented",SPWI503.SPL -> IDPRO25.PRO (ability 9 projectile [MISSILE-1]) -> COCOLDT.BAM (PRO spread [activation not assumed]),False
CONJUT.BAM,SPWI221 | SPWI813,"PRO travel, area spread, ring, trail or nested projectile phase; matching installed EET binding has not been implemented",SPWI221.SPL -> IDPRO231.PRO (ability 9 projectile [MISSILE-1]) -> CONJUT.BAM (PRO travel [flag-dependent]) | SPWI813.SPL -> IDPRO231.PRO (ability 1 projectile [MISSILE-1]) -> CONJUT.BAM (PRO travel [flag-dependent]),False
DFOGA.BAM,SPWI614,"PRO travel, area spread, ring, trail or nested projectile phase; matching installed EET binding has not been implemented",SPWI614.SPL -> IDPRO212.PRO (ability 1 projectile [MISSILE-1]) -> DFOGA.BAM (PRO spread [activation not assumed]),False
DFOGR.BAM,SPWI614,"PRO travel, area spread, ring, trail or nested projectile phase; matching installed EET binding has not been implemented",SPWI614.SPL -> IDPRO212.PRO (ability 1 projectile [MISSILE-1]) -> DFOGR.BAM (PRO ring [activation not assumed]),False
DFOGX.BAM,SPWI614,"PRO travel, area spread, ring, trail or nested projectile phase; matching installed EET binding has not been implemented",SPWI614.SPL -> IDPRO212.PRO (ability 1 projectile [MISSILE-1]) -> DFOGX.BAM (PRO center [activation not assumed]),False
DISINTT.BAM,SPWI616,"PRO travel, area spread, ring, trail or nested projectile phase; matching installed EET binding has not been implemented",SPWI616.SPL -> IDPRO268.PRO (ability 1 projectile [MISSILE-1]) -> DISINTT.BAM (PRO travel [flag-dependent]),False
DSPELLX.BAM,SPWI605,PRO center/VEF phase; declared reference does not prove activation; compare the installed PRO flags/controller and timings,SPWI605.SPL -> IDPRO267.PRO (ability 1 projectile [MISSILE-1]) -> #DEATHSP.VVC (PRO center [activation not assumed]) -> DSPELLX.BAM (VVC main),False
ENCHAT.BAM,SPWI209,"PRO travel, area spread, ring, trail or nested projectile phase; matching installed EET binding has not been implemented",SPWI209.SPL -> IDPRO232.PRO (ability 1 projectile [MISSILE-1]) -> ENCHAT.BAM (PRO travel [flag-dependent]),False
FIREBAA.BAM,SPWI304 | SPWI523 | SPWI712 | SPWI922,"PRO travel, area spread, ring, trail or nested projectile phase; matching installed EET binding has not been implemented; shared shape alone is not a duplicate, and colour/palette behavior needs review",SPWI304.SPL -> FIREBALL.PRO (ability 6 projectile [MISSILE-1]) -> FIREBAA.BAM (PRO spread [activation not assumed]) | SPWI523.SPL -> SPWI523D.SPL (ability 1 opcode 148) -> IDPRO335.PRO (ability 7 projectile [MISSILE-1]) -> FIREBAA.BAM (PRO spread [activation not assumed]),False
FIREBAR.BAM,SPWI304 | SPWI523 | SPWI712 | SPWI922,"PRO travel, area spread, ring, trail or nested projectile phase; matching installed EET binding has not been implemented; shared shape alone is not a duplicate, and colour/palette behavior needs review",SPWI304.SPL -> FIREBALL.PRO (ability 6 projectile [MISSILE-1]) -> FIREBAR.BAM (PRO ring [activation not assumed]) | SPWI523.SPL -> SPWI523D.SPL (ability 1 opcode 148) -> IDPRO335.PRO (ability 7 projectile [MISSILE-1]) -> FIREBAR.BAM (PRO ring [activation not assumed]),False
FIREBAT.BAM,SPPR101 | SPPR104 | SPPR108 | SPPR205 | SPPR208 | SPPR211 | SPPR303 | SPPR304 | SPPR305 | SPPR308 | SPPR309 | SPPR312 | SPPR313 | SPPR314 | SPPR406 | SPPR408 | SPPR503 | SPPR512 | SPPR514 | SPPR515 | SPPR516 | SPPR704 | SPPR705 | SPPR706 | SPPR707 | SPPR709 | SPPR710 | SPPR715 | SPPR718 | SPPR719 | SPPR720 | SPPR722 | SPWI101 | SPWI103 | SPWI105 | SPWI202 | SPWI203 | SPWI205 | SPWI210 | SPWI302 | SPWI304 | SPWI305 | SPWI306 | SPWI307 | SPWI312 | SPWI313 | SPWI324 | SPWI326 | SPWI401 | SPWI404 | SPWI411 | SPWI412 | SPWI421 | SPWI502 | SPWI503 | SPWI507 | SPWI508 | SPWI523 | SPWI605 | SPWI711 | SPWI712 | SPWI714 | SPWI720 | SPWI721 | SPWI810 | SPWI811 | SPWI812 | SPWI815 | SPWI816 | SPWI817 | SPWI912 | SPWI913 | SPWI917 | SPWI925,"PRO travel, area spread, ring, trail or nested projectile phase; matching installed EET binding has not been implemented; shared shape alone is not a duplicate, and colour/palette behavior needs review",SPPR101.SPL -> IDPRO236.PRO (ability 1 projectile [MISSILE-1]) -> FIREBOLT.PRO (PRO nested 0x21a [index/activation unconfirmed]) -> FIREBAT.BAM (PRO travel [flag-dependent]) | SPPR104.SPL -> IDPRO239.PRO (ability 1 projectile [MISSILE-1]) -> FIREBOLT.PRO (PRO nested 0x21a [index/activation unconfirmed]) -> FIREBAT.BAM (PRO travel [flag-dependent]),False
FIREBAX.BAM,SPWI304 | SPWI523 | SPWI712,"PRO travel, area spread, ring, trail or nested projectile phase; matching installed EET binding has not been implemented; shared shape alone is not a duplicate, and colour/palette behavior needs review",SPWI304.SPL -> FIREBALL.PRO (ability 6 projectile [MISSILE-1]) -> FIREBAX.BAM (PRO center [activation not assumed]) | SPWI523.SPL -> SPWI523D.SPL (ability 1 opcode 148) -> IDPRO335.PRO (ability 7 projectile [MISSILE-1]) -> FIREBAX.BAM (PRO center [activation not assumed]),False
GREASEA.BAM,SPWI101,"PRO travel, area spread, ring, trail or nested projectile phase; matching installed EET binding has not been implemented",SPWI101.SPL -> IDPRO101.PRO (ability 1 projectile [MISSILE-1]) -> GREASEA.BAM (PRO spread [activation not assumed]),False
GREASEB.BAM,SPWI101,IWD conditional child visuals have no matching EET child; existing EET uses opcode 158; no arbitrary second overlay added,SPWI101.SPL -> SPWI101B.SPL (ability 1 opcode 326) -> GREASEB.VVC (ability 1 opcode 215) -> GREASEB.BAM (VVC main),False
GREASEC.BAM,SPWI101,IWD conditional child visuals have no matching EET child; existing EET uses opcode 158; no arbitrary second overlay added,SPWI101.SPL -> SPWI101C.SPL (ability 1 opcode 326) -> GREASEC.VVC (ability 1 opcode 215) -> GREASEC.BAM (VVC main),False
GREASEX.BAM,SPWI101,"PRO travel, area spread, ring, trail or nested projectile phase; matching installed EET binding has not been implemented; shared shape alone is not a duplicate, and colour/palette behavior needs review",SPWI101.SPL -> IDPRO101.PRO (ability 1 projectile [MISSILE-1]) -> GREASEX.BAM (PRO center [activation not assumed]),False
ICLOUDA.BAM,SPWI810,"PRO travel, area spread, ring, trail or nested projectile phase; matching installed EET binding has not been implemented",SPWI810.SPL -> IDPRO214.PRO (ability 9 projectile [MISSILE-1]) -> ICLOUDA.BAM (PRO spread [activation not assumed]),False
ICLOUDB.BAM,SPWI810,"PRO travel, area spread, ring, trail or nested projectile phase; matching installed EET binding has not been implemented",SPWI810.SPL -> IDPRO214.PRO (ability 9 projectile [MISSILE-1]) -> ICLOUDB.PRO (PRO nested 0x214 [index/activation unconfirmed]) -> ICLOUDB.BAM (PRO spread [activation not assumed]),False
ICLOUDX.BAM,SPWI810,"PRO travel, area spread, ring, trail or nested projectile phase; matching installed EET binding has not been implemented",SPWI810.SPL -> IDPRO214.PRO (ability 9 projectile [MISSILE-1]) -> ICLOUDX.BAM (PRO center [activation not assumed]),False
ILLUST.BAM,SPWI125,"PRO travel, area spread, ring, trail or nested projectile phase; matching installed EET binding has not been implemented",SPWI125.SPL -> IDPRO233.PRO (ability 7 projectile [MISSILE-1]) -> ILLUST.BAM (PRO travel [flag-dependent]),False
IPLAGUX.BAM,SPPR517,"PRO travel, area spread, ring, trail or nested projectile phase; matching installed EET binding has not been implemented",SPPR517.SPL -> IDPRO216.PRO (ability 1 projectile [MISSILE-1]) -> IPLAGUX.BAM (PRO center [activation not assumed]),False
ISTORMA.BAM,SPWI404,"PRO travel, area spread, ring, trail or nested projectile phase; matching installed EET binding has not been implemented",SPWI404.SPL -> IDPRO98.PRO (ability 1 projectile [MISSILE-1]) -> ISTORMA.BAM (PRO spread [activation not assumed]),False
ISTORMX.BAM,SPWI404,"PRO travel, area spread, ring, trail or nested projectile phase; matching installed EET binding has not been implemented",SPWI404.SPL -> IDPRO98.PRO (ability 1 projectile [MISSILE-1]) -> ISTORMX.BAM (PRO center [activation not assumed]),False
LIGHTNT.BAM,SPWI308,"PRO travel, area spread, ring, trail or nested projectile phase; matching installed EET binding has not been implemented",SPWI308.SPL -> IDPRO40.PRO (ability 6 projectile [MISSILE-1]) -> LIGHTNT.BAM (PRO travel [flag-dependent]),False
MAGICSTN.BAM,SPPR106,Weapon/item or travel binding differs in EET; inspect the installed temporary weapon before wiring artwork,SPPR106.SPL -> IDPRO17.PRO (ability 1 projectile [MISSILE-1]) -> MAGICSTN.BAM (PRO travel [flag-dependent]),False
MMAGICH.BAM,SPPR310,"PRO travel, area spread, ring, trail or nested projectile phase; matching installed EET binding has not been implemented; shared shape alone is not a duplicate, and colour/palette behavior needs review",SPPR310.SPL -> MMAGICH.VVC (ability 1 opcode 215) -> MMAGICH.BAM (VVC main),False
PSPRAYT.BAM,SPWI714,"PRO travel, area spread, ring, trail or nested projectile phase; matching installed EET binding has not been implemented",SPWI714.SPL -> IDPRO272.PRO (ability 1 projectile [MISSILE-1]) -> PSPRAYT.BAM (PRO ring [activation not assumed]),False
PWKILLX.BAM,SPWI815 | SPWI912,PRO center/VEF phase; declared reference does not prove activation; compare the installed PRO flags/controller and timings,SPWI815.SPL -> IDPRO336.PRO (ability 1 projectile [MISSILE-1]) -> #PWDBLIN.VVC (PRO center [activation not assumed]) -> PWKILLX.BAM (VVC main) | SPWI912.SPL -> IDPRO278.PRO (ability 1 projectile [MISSILE-1]) -> #PWDKILL.VVC (PRO center [activation not assumed]) -> PWKILLX.BAM (VVC main),False
SCLOUDX.BAM,SPWI213,"PRO travel, area spread, ring, trail or nested projectile phase; matching installed EET binding has not been implemented",SPWI213.SPL -> IDPRO95.PRO (ability 1 projectile [MISSILE-1]) -> SCLOUDX.BAM (PRO center [activation not assumed]),False
SLIVINH.BAM,SPPR511,Weapon/item or travel binding differs in EET; inspect the installed temporary weapon before wiring artwork,SPPR511.SPL -> SLIVINH.VVC (ability 1 opcode 215) -> SLIVINH.BAM (VVC main),False
SSORBH.BAM,SPPR614,Weapon/item or travel binding differs in EET; inspect the installed temporary weapon before wiring artwork,SPPR614.SPL -> SSORBH.VVC (ability 1 opcode 215) -> SSORBH.BAM (VVC main),False
SSORBT.BAM,SPPR614,"Weapon/item or travel binding differs in EET; inspect the installed temporary weapon before wiring artwork; shared shape alone is not a duplicate, and colour/palette behavior needs review",SPPR614.SPL -> SSORB.PRO (ability 1 projectile [MISSILE-1]) -> SSORBT.BAM (PRO travel [flag-dependent]),False
SUNRAYX.BAM,SPPR707,PRO center/VEF phase; declared reference does not prove activation; compare the installed PRO flags/controller and timings,SPPR707.SPL -> IDPRO274.PRO (ability 1 projectile [MISSILE-1]) -> SUNRAYX.VEF (PRO center [activation not assumed]) -> SUNRAY2.VVC (VEF type 1) -> SUNRAYX.BAM (VVC main),False
WEBA.BAM,SPWI215,"PRO travel, area spread, ring, trail or nested projectile phase; matching installed EET binding has not been implemented",SPWI215.SPL -> WEB.PRO (ability 1 projectile [MISSILE-1]) -> WEBA.BAM (PRO spread [activation not assumed]),False
WEBX.BAM,SPWI215,"PRO travel, area spread, ring, trail or nested projectile phase; matching installed EET binding has not been implemented",SPWI215.SPL -> WEB.PRO (ability 1 projectile [MISSILE-1]) -> WEBX.BAM (PRO center [activation not assumed]),False
