iwdee_bam,source_sha256,status,BG_roots,casting_roots,EET_complete,EET_all_cycle_art,EET_partial_art,EET_shape_only_diagnostic,SR_complete_all_archive,SR_all_cycle_art_all_archive,SR_matches_selected_original_spell_art
ABJURAX.BAM,b0cc72ff488c9c812fb162863eccd6c74bb892e5c9b63534e1e87f9b4cc36497,EET_exact_graphic_match,SPPR108 | SPPR303 | SPPR308 | SPPR408 | SPWI210 | SPWI302 | SPWI326,,ABJURAX.BAM,,,,,,
ABJURH.BAM,5e02e317a9b20524117dccffbff6126f88c6ab0bc40db025cc1a8ed3c43424df,EET_exact_graphic_match,SPPR107 | SPPR108 | SPPR109 | SPPR111 | SPPR303 | SPPR306 | SPPR307 | SPPR407 | SPPR408 | SPPR413 | SPPR515 | SPPR701 | SPWI108 | SPWI113 | SPWI210 | SPWI302 | SPWI310 | SPWI318 | SPWI319 | SPWI320 | SPWI321 | SPWI326 | SPWI410 | SPWI419 | SPWI510 | SPWI511 | SPWI512 | SPWI513 | SPWI517 | SPWI519 | SPWI522 | SPWI606 | SPWI608 | SPWI611 | SPWI618 | SPWI701 | SPWI702 | SPWI705 | SPWI708 | SPWI803 | SPWI805 | SPWI808 | SPWI902 | SPWI903 | SPWI907,,ABJURH.BAM,,,OHRSHFIE.BAM,,,
ABJURT.BAM,e449c185c75e30e394175c55354209f7bc1031ec5d1ceb15ab268ebdc2d64145,distinct_candidate_not_integrated,SPWI321 | SPWI419 | SPWI513 | SPWI608 | SPWI705 | SPWI805 | SPWI903 | SPWI910,,,,,,,,
ADHWILA.BAM,b77c046ddad7f4c6e579c4fd1c0de6da0e5d10120c6d26366ddc4428e198f924,distinct_candidate_not_integrated,SPWI812,,,,,,,,
ADHWILH.BAM,9769280b48b9b4c62a8216619134c3acec5523dccd881b6b88c251f9cb9aa3b6,included,SPWI812,,,,,,,,
ADHWILX.BAM,4810b04c42d49a4a7bb009b5294cf932cbd85e631af7bbd970129d3aa950b231,distinct_candidate_not_integrated,SPWI812,,,,,,,,
ALANCET.BAM,4b6659be61d30646c9418fed79e1c0319dcf22f48433d6ac289a3b9dbffaf1a1,EET_exact_graphic_match,,,ALANCET.BAM,,,LODISRT.BAM,,,
ALTERAX.BAM,147919f5f640a546c38c67c8e185795d7d21fc0cf7909679a00c191aeba49f4a,distinct_candidate_not_integrated,SPPR211 | SPPR312 | SPWI305 | SPWI312 | SPWI421 | SPWI711,,,,,,,,
ALTERH.BAM,b74a2345607cca4c4888f6ab352ab96e2d6617473903971e42c231fc89a8b452,EET_exact_graphic_match,SPPR110 | SPPR113 | SPPR202 | SPPR211 | SPPR506 | SPPR613 | SPPR731 | SPPR732 | SPWI105 | SPWI207 | SPWI219 | SPWI305 | SPWI312 | SPWI325 | SPWI408 | SPWI415 | SPWI416 | SPWI421 | SPWI425 | SPWI603 | SPWI604 | SPWI613 | SPWI625 | SPWI704 | SPWI711 | SPWI916,,ALTERH.BAM,,,,,,
ALTERT.BAM,86bd63b393169089c92eca1e2e901cfd8c97e1d1816eeac02b99ef6c1e0364d3,distinct_candidate_not_integrated,SPPR610 | SPWI415 | SPWI514 | SPWI604 | SPWI613 | SPWI625 | SPWI704,,,,,,,,
AMSHELC.BAM,04dcc6df827d5f122b767d33ec3937138bfc7e67557cf7717bfbb06bb6633bf2,EET_exact_graphic_match,,,AMSHELC.BAM,,,,,,
ARARROW.BAM,062c2b646df3d17d73309e3fbd9f74c6526f83f1446b9ed91fa6c79c3f51add2,EET_exact_graphic_match,SPPR203 | SPPR505 | SPPR609 | SPWI213 | SPWI224 | SPWI322 | SPWI515 | SPWI609 | SPWI614 | SPWI922,,ARARROW.BAM,,,,,,
AREA1X.BAM,ee2b012e14330b81bff24c38d3ba217c4fc9ff882c95db03ec5ac6cfe24c1471,EET_exact_graphic_match,SPPR101 | SPPR514 | SPPR609,,AREA1X.BAM,,,,,,
AREA2X.BAM,e0ef496044d8a9d55df539feb93b626997d2fec015809765a890c06fe71c5480,EET_exact_graphic_match,SPPR104 | SPPR309 | SPPR505 | SPWI202 | SPWI203 | SPWI322 | SPWI515 | SPWI609,,AREA2X.BAM,,,,,,
AREA3X.BAM,df2e3a2c77acbd08285040d80ebe09c14e6f199aa8f0f1397de7e00307e8015f,distinct_candidate_not_integrated,SPWI116 | SPWI307 | SPWI721,,,,,,,,
AREA4X.BAM,167d357e1a4f94ca2f54c118adc2088cac3e5c55bc052e4c00b90e5e0b933095,EET_exact_graphic_match,SPWI205,,AREA4X.BAM,,,,,,
ARMORH.BAM,af0de50ba964410676722cd78e3c4c25bebc61f1cc54517997afbefa2b8aa202,EET_exact_graphic_match,SPWI102,,SPARMORI.BAM,,,,,,
ASCORCT.BAM,9e50ba8e20661ce8ba3ff9f9f0fabdb550a3f5549701273537b0461fa189113b,distinct_candidate_not_integrated,SPWI217,,,,,,,,
ASTORMA.BAM,c7b41a3025711e65f362d4d600a490b793cb59966425376c80700fdbccf3bac0,EET_exact_graphic_match,,,ASTORMA.BAM,,,,,,
ASTORMX.BAM,7f1b0207728324b1151e3d13445fc9adc3debb6325e71c03ed4b3d705bb93bac,EET_exact_graphic_match,,,ASTORMX.BAM,,,,,,
BBARRH1.BAM,1fb418510caa7ada4bf6fb9efd3fbc6e3dc25f2b4c0fa2d25c39c713fea6c857,included,SPPR603,,,,,,,,
BBARRH2.BAM,b8df3647b4c83ae646a27a2645aceddfa6755ce8057b30927a059145d7b8d03f,included,SPPR603,,,,,,,,
BDETHER.BAM,110223dcd804d1c969afe352b77cff25be8a30bb8928dbb56ad5df2c88f01ee4,EET_exact_graphic_match,,,BDETHER.BAM,,,,,,
BDETHREA.BAM,d31c65134beb2d32da4b1a1276d4fd23a8f4471be706644c0149c8c0b1ed572a,EET_exact_graphic_match,,,BDETHREA.BAM,,,,,,
BDETHREH.BAM,bbdd7cca77fed36d8bb81a7624f9d184c63634bc2b5ffc11422c5c6b6e867971,EET_exact_graphic_match,,,BDETHREH.BAM,,,,,,
BDRSPIRI.BAM,f1833cba6fa6f2ecb12f0d60cbf6de89dc6cd036813f5a29910f145a85500cb8,EET_exact_graphic_match,,,BDRSPIRI.BAM,,,SPRAISEI.BAM,,,
BDSFIREA.BAM,a9ba01dd1f7a42e1db508956f4950cde5ce69bef739b82670a05f6b9ea901c81,EET_exact_graphic_match,,,BDSFIREA.BAM,,,SPCLOUDK.BAM | SPCLOUDS.BAM | SPHORWIA.BAM | SPINCINA.BAM,,,
BDSFIREH.BAM,1e5175a71b7da24cf344e7c112d024e830ea7a99aeb4a3bca794445f48212e95,EET_exact_graphic_match,,,BDSFIREH.BAM,,,,,,
BDSFIRET.BAM,a13ab170a6a5cbff57f2b410e49611e9805b863f16eb50be7c59bc48b1728caf,EET_exact_graphic_match,,,BDSFIRET.BAM,,,SPCOMETT.BAM,,,
BDSPCLAR.BAM,e265e87ff9c567c5ff56d0e44dc5284ad9817c4d4760acc18636fb7036f77159,EET_exact_graphic_match,,,BDSPCLAR.BAM,,,,,,
BGLRYH.BAM,ebdd426400a1798061f0f7c2d8372a8bd18d59d80860f1c7fa63d676f457236b,EET_exact_graphic_match,SPPR612,,BGLRYH.BAM,,,MFMISSX.BAM,,,
BGLRYT.BAM,91d12d8ce8a09e08497fe2b39e32cea09d077e0b025f06ab95556dce6d533e52,EET_exact_graphic_match,SPPR612,,BGLRYT.BAM,,,,,,
BGLRYU.BAM,23f8f910198177091ffe6e0e365a5a4f415b2b4eb695492a022b0ed77e7370e2,no_original_BG_spell_mapping,,,,,,,,,
BLESSH.BAM,056869816167a42dd1161218775750ac8a45f1d2e4d8a3f538c68990530cbc00,EET_exact_graphic_match,SPPR101 | SPPR203,,BLESSH.BAM,,,SPBLESHI.BAM,,,
CCDAMAH.BAM,d56a45c7d4a1f015b6fed9ccc77e9d0ab921c0af65675a0729096a6b2785794a,EET_exact_graphic_match,SPPR313 | SPPR314 | SPPR510,,CCDAMAH.BAM,,,,,,
CCOMMAH.BAM,28f597f1148939490a519ec040ba5571ac844a095e78308d5dcd6d1c4503f649,EET_exact_graphic_match,SPPR508,,SPCCMDSI.BAM,,,,,,
CCWOUNH.BAM,c578dd59f0cd4494dba29f4ca2995d4939792e68a74d17c1aaa0dc075dd836b3,included,SPPR502,,,,,,,,
CDISEAH.BAM,b9e019ca9be36c7cf8353d98038f0bd3726f51af3836e712bfbc068087009f07,EET_exact_graphic_match,,,CDISEAH.BAM,,,BDSPLOCK.BAM,,,
CIDAMAH.BAM,1481f9d58da49cdeb27f0db5a296a0f2a7e0f23b4601b58f722bd494010c8e79,EET_exact_graphic_match,,,CIDAMAH.BAM,,,,,,
CIWOUNH.BAM,3d6efe092041f5c74eed817d4437906d0a5bc5a768a33ba98706516013075d5a,EET_exact_graphic_match,SPPR315,,CIWOUNH.BAM,,,,,,
CLDAMAH.BAM,66d58f9e8a64c3436dc78eb427d5b6283d3d362820adc54ef53fcd26888f2a87,EET_exact_graphic_match,SPPR313 | SPPR314,,CLDAMAH.BAM,,,,,,
CLIGHTT.BAM,697f98cac0ae1e742f0c6c051ced917058e0bbaf4e96184f04bbdc2e6ef70698,distinct_candidate_not_integrated,SPWI615,,,,,,,,
CLOUDBA.BAM,36f14aa3087d4b31446fda205d790a8e43973df0e5faeea56a7f42cb7bcca8d7,EET_exact_graphic_match,,,CLOUDBA.BAM,,,,,,
CLOUDBH.BAM,db6f9b55835fa4b4e31fa0c492d4858d6abca62c53770dc2c05af2376a9c52dc,EET_exact_graphic_match,,,CLOUDBH.BAM,,,,,,
CLOUDKA.BAM,56a1c1d620dcdf469bd6530e51b608dad70dc229aa44bac60455bccf0cbd71cb,distinct_candidate_not_integrated,SPWI502,,,,,,,,
CLOUDKR.BAM,bd4b3e91df196d9db076a8bf7fc39f31294eb7bc0edb9b6ee0df1d91f0d3ba96,distinct_candidate_not_integrated,SPWI502,,,,,,,,
CLOUDKX.BAM,c27ce41276ab62bea458bf53392c738acc440ea73309c216a1cb3acd9d167be0,distinct_candidate_not_integrated,SPWI502,,,,,BDDARKX.BAM,,,
CLWOUNH.BAM,c1a5c9f7ffd9a8b8af49bd273cacee3da16a5feaaa5610af13ec3bf4fd2bd61d,EET_exact_graphic_match,SPPR103 | SPPR514,,CLWOUNH.BAM,,,,,,
CMDAMAH.BAM,1775645d05e99fa6982a87b473b8017e2f483e8b604451eef08522ed6b0f2649,EET_exact_graphic_match,SPPR313 | SPPR314,,CMDAMAH.BAM,,,,,,
CMWOUNH.BAM,0ab996c7eaaa82b093a233fba9a0d87263a72fd87f92c2a0d78a6fa879be1067,EET_exact_graphic_match,,,CMWOUNH.BAM | SPCMWOUI.BAM,,,,,,
COBONH1.BAM,c53437e1f581b85bd49aae7b6d4d5e7960db40e90b1b8f415d519f2067bbfdbf,EET_exact_graphic_match,,,COBONH1.BAM | L#BHAH1.BAM,,,,,,
COBONH2.BAM,2ab4dc76eabd090c9c1721cf14d9171f8aa6241fe6f522d1f0296d0266b0d9dc,EET_exact_graphic_match,,,COBONH2.BAM | L#BHAH2.BAM,,,,,,
COCOLDT.BAM,f26976127b1b5aacdc9c7da106aa52e433c5568d8a4dcc52de70c7b47bd4ae7c,distinct_candidate_not_integrated,SPWI503,,,,,,,,
COFEARC.BAM,76e9fde032b15f99b4980ee9446c068bb2dddc4a9fa66a6d5ce6d723731d573f,EET_exact_graphic_match,SPPR416,,SPCLKFRI.BAM,,,,,,
COLDH.BAM,4dd1bd44d7d70b66266e1e79c38bc91f191df8d6435d873eb2a2da1bbeb46df1,EET_exact_graphic_match,,,COLDH.BAM,,,,,,
CONFUSH.BAM,475d2a15a7b74335dd9f3a80993fc3d484d9a4d063faed67359042badbb67f2b,included,SPPR709 | SPWI401 | SPWI508 | SPWI711,,,,,,,,
CONJUH.BAM,fe08bda1af59cd852fdddbf067b3af0ed884fe26aa969526b2cbb21a93814eca,EET_exact_graphic_match,SPPR606 | SPPR706 | SPPR710 | SPPR715 | SPPR718 | SPPR719 | SPPR721 | SPWI714 | SPWI811 | SPWI816 | SPWI817 | SPWI912 | SPWI920,,CONJUH.BAM,,,,,,
CONJUT.BAM,6bd580408ef66f24362d875be4d1d54beddfe6c0c51ab90f480714d0c11e5059,distinct_candidate_not_integrated,SPWI221 | SPWI813,,,,,,,,
COPESTA.BAM,4292c210d000af0e9e979661f081c79add6ac54d0c065b44508e8991cf45445e,EET_exact_graphic_match,,,COPESTA.BAM,,,WRITHING.BAM,,,
CORBT.BAM,f201f7804bc36474f8938a9f9d07671876f43935c28699e147dd7441616c068e,SR_spell_overlap,SPWI118,,,,,,,,
CSDAMAH.BAM,764684ce6f316c501eefd11c05c86336ddecd1586411db4dd01d91d7f16c2c8b,EET_exact_graphic_match,SPPR313 | SPPR314 | SPPR414,,CSDAMAH.BAM,,,,,,
CSHIELDH.BAM,43fb88aa4acdf76d84e6801a8c031600d8c2bad1d7fabb18266187178718a66f,EET_exact_graphic_match,SPWI222 | SPWI723,,CSHIELDH.BAM,,,,,,
CSTRENH.BAM,de4755df8c0243dded12f88fcc347a71c95f712534bde7fd29fa51803eaef09c,EET_exact_graphic_match,SPPR507,,SPCHMPSI.BAM,,,,,,
CSWOUNH.BAM,62dc376609183868c7c972e5bc0bbf6b6e8fe386445bb971de9a6bc3b7eb751a,EET_exact_graphic_match,SPPR401,,SPCSWOUI.BAM,,,,,,
CURSEH.BAM,e4aabe7de35577d60a2f090ff49ff27211b231f5deedec1006ac1615a2dc2661,EET_exact_graphic_match,SPPR203,,CURSEH.BAM,,,,,,
DDOORH.BAM,b3cff3b86f652169ef899b8e6886a4c928d15ac55ad5da5ab1a409afae38de37,EET_exact_graphic_match,SPWI402 | SPWI505,,DDOORH.BAM,,,,,,
DESTRUH.BAM,2bd7d8cf38819dbb9c2de8da8b696a4f7668eb7f573a83371f9347ca8683ac0d,EET_exact_graphic_match,SPWI913,,DESTRUH.BAM,,,,,,
DFOGA.BAM,d42e8429aa1b614627bcc8481a97b0690c71d7910fcee95f659edc583f89eae2,distinct_candidate_not_integrated,SPWI614,,,,,,,,
DFOGR.BAM,1996b526d9f275e6abddaf2200f1fd307a0335ee7fb2fd5ed08e5e0aa7e6e597,distinct_candidate_not_integrated,SPWI614,,,,,,,,
DFOGX.BAM,05428cdfafb236ee50a57411240d2f9cff8cb655f1ecebadba48d4202fc33886,distinct_candidate_not_integrated,SPWI614,,,,,,,,
DISINTH.BAM,f0933efd15031675f9163cb4c39bb56459dac814f2b13b8ebce32168f34371e4,EET_exact_graphic_match,SPWI616 | SPWI711,,DISINTH.BAM,,,,,,
DISINTT.BAM,1a76c167aa6d6f9b36c70408bd1355cdebdc7a7157d17607f85b46362c50389a,distinct_candidate_not_integrated,SPWI616,,,,,,,,
DIVINH.BAM,1556f1b7411f3945ef354d1bbf404d0960be37bf1ac21d67ebcdb0350c748f34,EET_exact_graphic_match,SPPR104 | SPPR205 | SPPR209 | SPPR309 | SPPR415 | SPPR505 | SPWI111 | SPWI202 | SPWI203 | SPWI208 | SPWI301 | SPWI322 | SPWI424 | SPWI515 | SPWI609,,BDSCRY.BAM,,,,,,
DSPELLH.BAM,4fd8b63352dbe13b7e08700f6abd73e9634a54b8ec85e866979f931180720d8f,included,SPWI605,,,,,,,,
DSPELLX.BAM,e5442b6d398b1b79d0993753388d9128273696b8c63a4fccdbcf8ddf9140fda0,distinct_candidate_not_integrated,SPWI605,,,,,,,,
ENCHAH.BAM,7f42085c320a52521866252c1b752dbeee256eb6b3adf9952aab73574ef528c3,EET_exact_graphic_match,SPPR102 | SPPR106 | SPPR204 | SPPR311 | SPPR405 | SPPR406 | SPPR512 | SPWI104 | SPWI107 | SPWI116 | SPWI209 | SPWI221 | SPWI316 | SPWI412 | SPWI417 | SPWI506 | SPWI509,,ENCHAH.BAM,,,SPDHRMNY.BAM,,,
ENCHANX.BAM,730e330ef9390edf139c77ec01730630d89d1d4030ca86a1e450b7f155c6c33b,EET_exact_graphic_match,SPPR208 | SPPR305 | SPPR406 | SPPR512 | SPPR709 | SPWI306 | SPWI324 | SPWI401 | SPWI411 | SPWI412 | SPWI507 | SPWI508 | SPWI720 | SPWI810,,ENCHANX.BAM,,,,,,
ENCHAT.BAM,2bc4ce120c81a9f8fcdfcb7b1f11cb4d12cb8dd36beed0901522ba620907d4e4,distinct_candidate_not_integrated,SPWI209,,,,,,,,
ENTANGA.BAM,dd302566bbe8548ebebdfe53934e61595a201d3417025d0d9917a33dd91b2e5b,SR_spell_overlap,SPPR105,,,,,,,,
ENTANGC.BAM,5f30da62f1191444f227b16865870db58e5cf86b07353e538f3cac62ec4b870d,SR_spell_overlap,SPPR105,,,,,,,,
ENTANGX.BAM,9526efedd9997aed6712eb9821c585cf4a9ef930914f44c932f764bcab5f6593,SR_spell_overlap,SPPR105,,,,,,,,
ESHIELC.BAM,7c01b6f9c4b4a8ee157901291b57e72def4c2fb393b73c21ce05dc5c582b3d48,EET_exact_graphic_match,,,ESHIELC.BAM,,,,,,
EXALTAH.BAM,5aa4a46fbdd8cfd16f96fef8f06475abf1c23cc009941695613faec33f4b4d50,EET_exact_graphic_match,SPPR509,,EXALTAH.BAM,,,,,,
FACTIOH.BAM,09707c89385a9c36bf1bc86cb879c3dc392de902798246dc3c482bdea940fd9c,EET_exact_graphic_match,SPPR403,,SPFRACTI.BAM,,,,,,
FDAWNA.BAM,c86b8c7009980d3b7412323ba4fc822048612e5e565b9cbba3f4096805fe9b7c,EET_exact_graphic_match,SPPR609,,FDAWNA.BAM,,,,,,
FDAWNX.BAM,5f915d9a22f2f26befb69f6531a4227dacc8e9cb5dffc96f063e305fd8fa0bfd,EET_exact_graphic_match,SPPR609,,FDAWNX.BAM,,,,,,
FIREBAA.BAM,0ec860f2c3e6592d465d60956c6387a78ed7bf9c4e0f91cb6d4ce1354a62a284,distinct_candidate_not_integrated,SPWI304 | SPWI523 | SPWI712 | SPWI922,,,,,FIAURAC.BAM | FSTORMX.BAM | PFIREA.BAM,,,
FIREBAR.BAM,35d2c50dd636ef38228bee5408c85dd93078fd700f556b0aff0f6f42c6b989bb,distinct_candidate_not_integrated,SPWI304 | SPWI523 | SPWI712 | SPWI922,,,,,SPPFIRRI.BAM,,,
FIREBAT.BAM,857ec23ea13ff35c1bc27c5565143d20d37cd336e2995c54f527c430249f6184,distinct_candidate_not_integrated,SPPR101 | SPPR104 | SPPR108 | SPPR205 | SPPR208 | SPPR211 | SPPR303 | SPPR304 | SPPR305 | SPPR308 | SPPR309 | SPPR312 | SPPR313 | SPPR314 | SPPR406 | SPPR408 | SPPR503 | SPPR512 | SPPR514 | SPPR515 | SPPR516 | SPPR704 | SPPR705 | SPPR706 | SPPR707 | SPPR709 | SPPR710 | SPPR715 | SPPR718 | SPPR719 | SPPR720 | SPPR722 | SPWI101 | SPWI103 | SPWI105 | SPWI202 | SPWI203 | SPWI205 | SPWI210 | SPWI302 | SPWI304 | SPWI305 | SPWI306 | SPWI307 | SPWI312 | SPWI313 | SPWI324 | SPWI326 | SPWI401 | SPWI404 | SPWI411 | SPWI412 | SPWI421 | SPWI502 | SPWI503 | SPWI507 | SPWI508 | SPWI523 | SPWI605 | SPWI711 | SPWI712 | SPWI714 | SPWI720 | SPWI721 | SPWI810 | SPWI811 | SPWI812 | SPWI815 | SPWI816 | SPWI817 | SPWI912 | SPWI913 | SPWI917 | SPWI925,,,,,FIREBAT.BAM,,,
FIREBAX.BAM,d621a8e374b7128db8b2f223703808773fb0b9c33abb85a2bf5225c3f4dea475,distinct_candidate_not_integrated,SPWI304 | SPWI523 | SPWI712,,,,,BDPFIRXI.BAM | PFIREX.BAM,,,
FODEATH.BAM,3636e6c541bffa52a74491dda9f4a8f741008d2da5c8bfba7f80dbf1e964f59e,included,SPPR708 | SPPR722 | SPWI713,,,,,,,,
FSTORMA.BAM,b8cd5d3f7bb7574bfde9aabebb5b11b47cce389be66011ac58a71a1fe295ebaf,EET_exact_graphic_match,SPPR705,,FSTORMA.BAM,,,,,,
FSTORMX.BAM,c10f356e505aed95f585b2add2d75568ac99803a4fc42c4b685991a8e748ce94,EET_exact_graphic_match,SPPR705,,FSTORMX.BAM,,,FIAURAC.BAM | PFIREA.BAM,,,
FSTRIKH.BAM,13ead5e2f0fc77e619451b5f656945bef215ea4b6bcf50a492a3795195f75428,EET_exact_graphic_match,SPPR503,,FLMSTRK.BAM | FSTRIKH.BAM,,,,,,
GARMORH.BAM,4fa07dcee9fcf6e0d10bf25ca2b36138c636bab13afa68066995852b2fe27248,EET_exact_graphic_match,SPWI317,,GARMORH.BAM,,,,,,
GLDUSTA.BAM,0b55399f1c832886dc9dfe8f7ad8ed84435073d617143524e88ab37826bc45f4,included,SPWI224,,,,,,,,
GLPHWRDH.BAM,5ea558edf498c82c9137943d6c23430879a44ad13763a87b8eccf3939665197e,no_original_BG_spell_mapping,,,,,,,,,
GOINVUC.BAM,8af982e992385a6132941616316de2dccb8e418d0afb79f432404e76d1f9b124,included,SPWI602,,,,,,,,
GREASEA.BAM,f9659b991ec07a98eba1970bca3399b5d7c1fc41326439e314087b8a2e439f6d,distinct_candidate_not_integrated,SPWI101,,,,,,,,
GREASEB.BAM,b80fd3dec46381e17c384a09634fb940aff8ddfc6357044e69b58578d3f4dba3,distinct_candidate_not_integrated,SPWI101,,,,,,,,
GREASEC.BAM,30241211eb363fea791af76bcd1e88aa6ac02233c815361f8aa8751455f148fa,distinct_candidate_not_integrated,SPWI101,,,,,,,,
GREASEX.BAM,8f65cac7b0b9b5f7f1132375c02af98691bbde79eac46b6c2d2eda18ea120069,distinct_candidate_not_integrated,SPWI101,,,,,BDSPLASH.BAM | SHOAL.BAM,,,
GRESTORH.BAM,1dbc4d2117dadddc2b8579647df95e6b90ba01ddad78edcc62f3933928b1f6da,included,SPPR713,,,,,,,,
GRNDGLOW.BAM,e32f57685efb9951b0846ada68aab9e6dabec37b4dc0bdca25e893ce7949aa9e,EET_exact_graphic_match,SPPR318,,GRNDGLOW.BAM,,,,,,
GSHOUTT.BAM,40246ba38262941feaf99bbf55677a8aab223374ad9df81f3378b185374c8a39,EET_exact_graphic_match,,,GSHOUTT.BAM,,,,,,
GSOLAC1.BAM,be840ece04119c325160f8db919ab96bbb79c79c3ee48242feefc7d1b07287ce,EET_exact_graphic_match,,,GSOLAC1.BAM,,,,,,
GSOLAC2.BAM,3499c3556eda8b1ae2276460550f4643d9ae4292a833f89ad0d16ee1cfccd5f8,EET_exact_graphic_match,,,GSOLAC2.BAM,,,,,,
HARMH.BAM,37b2b4ca61736f51ca012af306efb8a92707354f1d92ddb5eb998e766b1ac90d,EET_exact_graphic_match,SPPR313 | SPPR314 | SPPR608,,HARMH.BAM,,,,,,
HEALH.BAM,66b907a56e4289444ac80db4e480adb3bfadda39db791ecc21faa877aadf2cb4,included,SPPR607 | SPPR711,,,,,BDFAVSPI.BAM,,,
ICELANT.BAM,502514993be64875d42771a164bbfff097ca07c2260cfd669d3e6341842658d0,EET_exact_graphic_match,,,ICELANT.BAM,,,,,,
ICLOUDA.BAM,37385587c1ac4ea4d6e8f0f1bc5cccb79e8787c84ee23d363e1821906b7f1476,distinct_candidate_not_integrated,SPWI810,,,,,,,,
ICLOUDB.BAM,8e47b0664da0dd6e4a95351d8b756b90892a2ff89b851d1941b0dd1417a41256,distinct_candidate_not_integrated,SPWI810,,,,,,,,
ICLOUDX.BAM,5c335633b463fe512731d3b3dd8b19d8f2b098a3702c403572be37fdac2538e0,distinct_candidate_not_integrated,SPWI810,,,,,,,,
ILLUSH.BAM,e3971bdb7a160b0a552cf0d0aa1da4fa1e0b3d2bd00bf06ff5444a18ef6729a5,EET_exact_graphic_match,SPPR516 | SPPR704 | SPWI106 | SPWI120 | SPWI125 | SPWI206 | SPWI212 | SPWI223 | SPWI307 | SPWI405 | SPWI721,,ILLUSH.BAM,,,,,,
ILLUST.BAM,dd7d7edcc01e39e34f80ed8fb0defc57b3c8cc4def3a95ca526ae7d5f1b3e621,distinct_candidate_not_integrated,SPWI125,,,,,,,,
INVOCH.BAM,28a06a83ccfe0aeab7a9a6003e1d7f0929c91a65354243eb0e87d9d79e59c2b3,EET_exact_graphic_match,SPPR206 | SPPR207 | SPPR213 | SPWI112 | SPWI114 | SPWI118 | SPWI518 | SPWI716 | SPWI915,,INVOCH.BAM,,,,,,
IPLAGUA.BAM,58582ac90c9e29b32615098b05fa9db8e14299834d0b79eca1ff24c52084ac2b,EET_exact_graphic_match,SPPR517,,SPIPLAAI.BAM | SPIPLARI.BAM,,,,,,
IPLAGUR.BAM,5d1cf36f7e0b56621ff6696c548443ef3e84be04cb9b8f3a4838f98b1dafcf24,EET_exact_graphic_match,SPPR517,,SPIPLAAI.BAM | SPIPLARI.BAM,,,,,,
IPLAGUX.BAM,5c335633b463fe512731d3b3dd8b19d8f2b098a3702c403572be37fdac2538e0,distinct_candidate_not_integrated,SPPR517,,,,,,,,
ISTORMA.BAM,eaadbb5f2ee48df0bdbc1898428e80d6d22fa94b804a569a058f2823c920566f,distinct_candidate_not_integrated,SPWI404,,,,,,,,
ISTORMX.BAM,5c335633b463fe512731d3b3dd8b19d8f2b098a3702c403572be37fdac2538e0,distinct_candidate_not_integrated,SPWI404,,,,,,,,
LIGHTNT.BAM,c5296d2eb91b295af3632f146fbc5c31aac4fa345a8761ae763e02d6468c8e7f,distinct_candidate_not_integrated,SPWI308,,,,,,,,
LODISRT.BAM,4932e613a7f0a42efb449716dc8172d1d2ca2e246f2825d2694cb329d1975ca3,EET_exact_graphic_match,,,LODISRT.BAM,,,ALANCET.BAM,,,
LODISRU.BAM,66086ed2d27693adfb07d5c4a9fb05cdaf9204fed6129db93422b03d5bba4302,no_original_BG_spell_mapping,,,,,,,,,
LRESTORH.BAM,e73366f1fdb8d1074b1e05dd4f99bfe113ccccc9801b57b8736fdc46b42f88dc,included,SPPR417,,,,,,,,
MAGICSTN.BAM,62c51dd348750823af1e93885f1abd3957db119fb4a41a4ff33120ff968b49ee,distinct_candidate_not_integrated,SPPR106,,,,,,,,
MFMISST.BAM,c5ce922ea3f0bdd5ab3b1fbacf18f833d858d2c55040c38de32076e90849c6e8,EET_exact_graphic_match,,,MFMISST.BAM,,,SWRATHT.BAM,,,
MFMISSX.BAM,30f18358a675f65b86458c5855be78cd09f7aee160666b561e22d2e3d0a290fa,EET_exact_graphic_match,,,MFMISSX.BAM,,,BGLRYH.BAM,,,
MGOINVC.BAM,663abe22f67e82a09b4cb0938b752069fde7e953db20db4c7ae44d45f221ef70,included,SPWI406,,,,,,,,
MMAGICH.BAM,afc72ef914063d8dbeee9e9d8ca799d4ee2ef468f0afe0be00fc081c464c2536,included,SPPR310,,,,,CSHIELDH.BAM,,,
MOELDAA.BAM,eb6070a344d01a064bc36c9e3a11abcf16a76cc544d7c1562ddd4787c5139331,EET_exact_graphic_match,,,MOELDAA.BAM,,,,,,
MRAGEH.BAM,cde4ac94470adf66904c6283d773202041641cd6fbeba9c077dfcc8db9d3ddf6,EET_exact_graphic_match,,,MRAGEH.BAM,,,,,,
MRAGEX.BAM,7072c445178a9d9baae2cbde6f2a12a24dd8a66ecbe294b94817bcecf464d981,EET_exact_graphic_match,,,MRAGEX.BAM,,,,,,
MSUMM1H.BAM,085e8de1fcc762bd90c05a16683d07d410f8b1c4bd080a7103c3cee36f466c65,EET_exact_graphic_match,SPWI722 | SPWI919,,MSUMM1H.BAM,,,,,,
MTOUCHH.BAM,f31b88ccadfafb0a80ecb0101d44ffd455ee6062947c645bec3fbaabc79f722b,EET_exact_graphic_match,SPWI220 | SPWI514 | SPWI608 | SPWI805 | SPWI815,,MTOUCHH.BAM,,,,,,
NECROH.BAM,e744b7c2d8452271308fe30a1686068790f279140d83528a051c8be956cf7356,EET_exact_graphic_match,SPPR201 | SPPR409 | SPPR610 | SPWI117 | SPWI119 | SPWI205 | SPWI218 | SPWI313 | SPWI314 | SPWI409 | SPWI720 | SPWI914,,NECROH.BAM,,,,,,
NECROT.BAM,49a4eadaf7c95a1bc2677accbb465cb455cc069a3dfc51ff2a24474bf4536832,EET_exact_graphic_match,SPWI119,,NECROT.BAM,,,,,,
NPOISOH.BAM,2f21f43fdbdda68e1449a11c4a77c06ba8656bd6f78b60fd022571a19db8bef4,EET_exact_graphic_match,SPPR317 | SPPR404,,SPNPOISI.BAM,,,,,,
OFSPHEH.BAM,5ef50ff4fd61c0bb355b2ecc34e49b4e105eaeaccb6c8a950cbe8b94723b1698,EET_exact_graphic_match,,,OFSPHEH.BAM,,,,,,
OFSPHET.BAM,e96089580f6154b7e3dd3e333a71049d651411b594aebe1ac282e3566e59192d,EET_exact_graphic_match,,,OFSPHET.BAM,,,,,,
ORSPHEC.BAM,0b0af8ef31614cc2cd72cc4d0a3ef71644e9758e31f006d4cc26149543395d8b,included,SPWI413,,,,,,,,
PARALH.BAM,b2d3825586f0387a6797b18aad6bd4e25b2a452964adbc3194fcf4d2324a70f4,EET_exact_graphic_match,SPPR208 | SPPR305 | SPWI306 | SPWI324 | SPWI411 | SPWI507,,PARALH.BAM,,,,,,
PFIREA.BAM,8f4620adf4c8eb1cf4c7bebdcf45d92c6ea8df9736993c67a4b0d870f7d6f153,EET_exact_graphic_match,,,PFIREA.BAM,,,FIAURAC.BAM | FSTORMX.BAM,,,
PFIREX.BAM,3e671d211b00e8ab9da63fee62d0d5af6baac45b6f10fca9955e208830f69441,EET_exact_graphic_match,,,PFIREX.BAM,,,BDPFIRXI.BAM,,,
PFNMISC.BAM,646b4337407f8ccc7f50e209dcd325c6d63ad858fd297effc1fb17b0004882ea,included,SPWI311,,,,,,,,
POISONH.BAM,1603936a07668776a4a6ef8cc6d30544a37824d3e287883f9b1462f5b6f985cb,included,SPPR411,,,,,,,,
PRAYERB.BAM,6672c9319a04b7cd1ed85f5648f6c725e669f5a5150e460c0ffa978f5b04cbed,EET_exact_graphic_match,,,PRAYERB.BAM,,,PRAYERG.BAM | SPPRAYRI.BAM,,,
PRAYERG.BAM,76b818b1d3b9df9dc814a53359768a8bd88141c2dd5f633395be018b246cc1b8,EET_exact_graphic_match,,,PRAYERG.BAM,,,PRAYERB.BAM | SPPRAYRI.BAM,,,
PSPRAYT.BAM,7ba2d1fdb3ab7a08b73214f969bc88e634f32483a27d45c91c06e80f074adaaf,distinct_candidate_not_integrated,SPWI714,,,,,,,,
PWKILLX.BAM,b836c5b2c21e872fd7c990ff615870f0bb7a9cd7f38cb328ad26e46a0bca113a,distinct_candidate_not_integrated,SPWI815 | SPWI912,,,,,,,,
PWSILEH.BAM,da4df63d825189fd1481d2395c1d14b91d5461250b3de011ddd4d0a08facb434,included,SPWI612,,,,,,,,
PWSTUNH.BAM,5afba6211239b114778c07ec0d69f85da98a9bfd9e1311629042a89b7f45e394,included,SPWI715,,,,,,,,
RDEADH.BAM,d17f1cdac00f0576c72d6cf6cb6edf73914d0f0198b90e7fd57be0203b7fd0f7,EET_exact_graphic_match,SPPR504 | SPPR729,,SPRAISEI.BAM,,,BDRSPIRI.BAM,,,
RECITAB.BAM,7c24535c40f1037c39fa248ec38d8c30000e45fe25d0b4f7a8078cb15301a5d2,EET_exact_graphic_match,,,RECITAB.BAM,,,RECITAG.BAM | RECITAH.BAM,,,
RECITAG.BAM,d0a51ed2762313a2b98aab33d397bc0b0b5d1a65a330a35500a67c39beb33a73,EET_exact_graphic_match,,,RECITAG.BAM,,,RECITAB.BAM | RECITAH.BAM,,,
REGENERH.BAM,5456e6e36db1414e079c618104bccaa981e34c9ec8a612aefe82283d04fae4ab,included,SPPR711,,,,,,,,
RESURRH.BAM,6cf6ba6fa7c5568d1a1b189a841e08276da9b294fb2f3b9ca986adb7cffaab8f,included,SPPR712,,,,,,,,
RPARALH.BAM,9de5dd837283052d210c9edb68edd49ae7290fbb1c26fa3655b1ed16c2e86162,included,SPPR308,,,,,,,,
RWOTFAH.BAM,48f1282ea08dcebb8e1d1aea648d9316b1fabc144bbc248a428ba05e962a1983,EET_exact_graphic_match,,,RWOTFAH.BAM,,,,,,
SANCTRY.BAM,35f0f7544cb35c516f2ec31e2066312bb30edf6fdc749e7b40332297f23f3594,included,SPPR109,,,,,,,,
SARMORH.BAM,bfa6241faaef02785e53425d47e712262dbc1891713960915fa597ce97d02751,EET_exact_graphic_match,SPWI414,,SARMORH.BAM,,,,,,
SCLOUDA.BAM,feae1d493e2018dccf16cbdff9aa850543affdc6cb2baebebad84db1686abdc5,EET_exact_graphic_match,SPWI213,,SCLOUDA.BAM,,,,,,
SCLOUDR.BAM,cf8a2c50de46ba8e97a2f85f93a6adc65974eebd203f624a8b05a17cf1c6ed5b,EET_exact_graphic_match,SPWI213,,SCLOUDR.BAM,,,,,,
SCLOUDX.BAM,528499497bfe3526839f9bc3fffd37c29f4e4eaf9f8ce9963286238f40211d68,distinct_candidate_not_integrated,SPWI213,,,,,,,,
SEATERA.BAM,609b724ecd30adf58199a1a99916c38f22a7c14ac479b0c1655fd14da07d7e7c,EET_exact_graphic_match,,,SEATERA.BAM,,,,,,
SEATERH.BAM,9cbf1f30153abdaddbd777217ca995d479d42d0364b92603032895f7808eb2ad,EET_exact_graphic_match,,,SEATERH.BAM,,,,,,
SEYESC1.BAM,84283be98564cd7494e94f3779dbcb11fc6f85f4ebc484e44882d8adc322ed73,EET_exact_graphic_match,,,SEYESC1.BAM,,,,,,
SEYESC2.BAM,14bb7ebd3c02f84a31c3114904ffc2614cbe85bfcf8804243f2220dd5954f4f4,EET_exact_graphic_match,,,SEYESC2.BAM,,,,,,
SGROWTA.BAM,57a8f137f46f9e13a9186b6140f2b9ea4fba988ce0075a1e56c9d510c16010a3,EET_exact_graphic_match,,,SGROWTA.BAM,,,,,,
SGROWTX.BAM,803594932a83ab18927f50b3284aa90515fd6e0f3fef0cb02dc361eba8517721,EET_exact_graphic_match,,,SGROWTX.BAM,,,,,,
SHOUTT.BAM,b0616b07c6d70e276d67f70c0a21eee90001006669e326ab6627d4ba450aee68,EET_exact_graphic_match,,,SHOUTT.BAM,,,,,,
SHSKULL.BAM,1e497d63b0a1d10b40b9cb8cae63998a8875dede8f6401953290c4246dc8a946,EET_exact_graphic_match,SPWI313,,SHSKULL.BAM,,,,,,
SKLT.BAM,a2cc27443930b25115501bc9207cac902e04411db16072b6ab0ccbae7639f161,EET_exact_graphic_match,SPWI313,,SKLT.BAM,,,,,,
SLIVINH.BAM,dffe35282f0207bce37d0927abbd051c5ade6e4d86654722b542f639e346e7cf,distinct_candidate_not_integrated,SPPR511,,,,,,,,
SOFLAMC.BAM,ce6952799750ec9034938cb8daa6a4e3990800f0f2310e173c822d31f11d1808,EET_exact_graphic_match,,,SOFLAMC.BAM,,,,,,
SOHOPEX.BAM,037acce163abb89134080a02de4faaa7f8318ddfefe9fc8c05aec4bdc5904a3d,EET_exact_graphic_match,,,SOHOPEX.BAM,,,,,,
SOLATC1.BAM,251c247c84d41e2868ba6b151852994ee501dca00aaf3f8545f34ab48970f31b,EET_exact_graphic_match,,,SOLATC1.BAM,,,,,,
SOLATC2.BAM,2b2636e0a5a7e29b96b19f2aa11c70f599e108b3639c625a6e7e52ca347b2731,EET_exact_graphic_match,,,SOLATC2.BAM,,,,,,
SOONEH.BAM,8cdf63e6748d26ea2610d40dfc58081227e72a07668fcf4bb5154ece723403ac,EET_exact_graphic_match,SPPR312,,SPSTRONE.BAM,,,,,,
SPAURAFB.BAM,4612c0647fd53e097db7e74c234c3947de862057279ab87b9f6043185ecffdb2,EET_exact_graphic_match,SPPR730,,SPAURAFB.BAM,,,,,,
SPAURAFF.BAM,46c33059a99cb99e048bf619ac30ca074b7fbbef6c981f33ec88e44ddd1fdeb9,EET_exact_graphic_match,SPPR730,,SPAURAFF.BAM,,,,,,
SPBEHBLA.BAM,92fda05a13b80e7e3e78f470e5fbefb0978586d9a93825f8bdcbd758bde5439b,EET_exact_graphic_match,SPWI215,,SPBEHBLA.BAM,,,,,,
SPBGBFST.BAM,d6e0fffadfe1ef1561cc3ec5ddb0f1dbae02ef1c1c485f3681c8c59c09bae4eb,EET_exact_graphic_match,SPWI818 | SPWI918,,SPBGBFST.BAM,,,,,,
SPBHANDI.BAM,80f7859b631a5078d4cc73a2d889f54227e2d16d81cbbee55a29efd803cfd5cb,EET_exact_graphic_match,SPWI103,,SPBHANDI.BAM,,,,,,
SPBOOM.BAM,f465792a2deccb27c760c421df2e1dfdb6bc144f6498a419af961eff5d10124b,no_original_BG_spell_mapping,,,,,,,,,
SPCAGEMZ.BAM,572b8cb4ae9f1f135fbef5082c7d36e32d5b449fad927359a66a22e4b44322f1,EET_exact_graphic_match,SPWI910,,SPCAGEMZ.BAM,,,,,,
SPCHRORB.BAM,abc25b0f09763ed0b39fbeec56f45408b205400ebbb0b7562903c3e535007113,SR_spell_overlap,SPWI118,,,,,,,,
SPCLKFRI.BAM,76e9fde032b15f99b4980ee9446c068bb2dddc4a9fa66a6d5ce6d723731d573f,EET_exact_graphic_match,SPPR704,,SPCLKFRI.BAM,,,,,,
SPCLOUD3.BAM,869c0ebec02473e2be84ed4412c3957abc4bee967b7b8b0ecad91f613694c7c6,EET_exact_graphic_match,,,SPCLOUD3.BAM,,,,,,
SPCMWOUI.BAM,0ab996c7eaaa82b093a233fba9a0d87263a72fd87f92c2a0d78a6fa879be1067,EET_exact_graphic_match,SPPR210,,CMWOUNH.BAM | SPCMWOUI.BAM,,,,,,
SPCOMEXP.BAM,4fd66cb40ff5ae2056078af310b53e2fad1852f3c400f34ffd5018d5b89bac1d,EET_exact_graphic_match,SPWI925,,SPCOMEXP.BAM,,,,,,
SPCOMTRV.BAM,75ad2661c6c1a7f7c23393053159dd3579ce5ba5b81c360d8c54750f8ad57762,EET_exact_graphic_match,SPWI925,,SPCOMTRV.BAM,,,,,,
SPCONTIN.BAM,564b475caeafc029c224654830489c35a1ae4caf96ebf93c19d5a2e796398dc7,EET_exact_graphic_match,SPPR611 | SPWI420 | SPWI617 | SPWI710 | SPWI809 | SPWI908,,SPCONTIN.BAM,,,,,,
SPDRGNBR.BAM,781a0224c495b06fa145f3997a04de95efe35a0b7d5c94eb9d9854724d9cc82a,included,SPWI922,,,,,,,,
SPEAR.BAM,80802e06ed6c18d836394c3d07020a0e1bda793b55e2d7725a0f023ae0e9437f,EET_exact_graphic_match,,,SPEAR.BAM,,,,,,
SPENBLD.BAM,62ae2f264fce9020669ba765d93aaffac80afa3259b01ddcd554ed38149a61eb,EET_exact_graphic_match,SPPR721 | SPWI920,,SPENBLD.BAM,,,,,,
SPFIRESB.BAM,48711ea162ef7051f53de2052842743b4492b5a73575d1c2f02e6e1d7f983c0b,EET_exact_graphic_match,SPWI403,,SPFIRESB.BAM,,,L#AMBAS.BAM | L#XZEP5A.BAM | SPFIRESG.BAM | SPFIRESR.BAM | SPGSUNSR.BAM,,,
SPFIRESR.BAM,083240774c0b6ab3863da255fb2335c168ffae4b380edbc9f2746da752599e92,EET_exact_graphic_match,SPWI418,,SPFIRESR.BAM,,,L#AMBAS.BAM | L#XZEP5A.BAM | SPFIRESB.BAM | SPFIRESG.BAM | SPGSUNSR.BAM,,,
SPFLMARR.BAM,d01e0b753a0d2f13fac1e485fe99ef995deddec3a947e8bd26f2ea9f29b049cc,EET_exact_graphic_match,SPWI211 | SPWI303,,SPFLMARR.BAM,,,,,,
SPGFLSH1.BAM,085e8de1fcc762bd90c05a16683d07d410f8b1c4bd080a7103c3cee36f466c65,EET_exact_graphic_match,,,MSUMM1H.BAM,,,,,,
SPGLBBLD.BAM,3b4516a253723de448602da89c31bb1a281adf4d0ce8636e6352154d27e7a9cd,EET_exact_graphic_match,SPPR725,,SPGLBBLD.BAM,,,,,,
SPGLYPTI.BAM,118c1b05c270901c19e606d22cd0f4d7950ff0961c1573fd90f798c03ec51e22,EET_all_visible_cycle_art_match,SPPR304 | SPPR706 | SPPR718 | SPPR719 | SPWI811 | SPWI816 | SPWI817,,,SPGLYPTI.BAM,,SPGLYPTI.BAM,,,
SPIMPFR.BAM,afaf2a45c7c74319c0663e32f7481e7612680d25745e0d2205cdef9c42afe0ab,EET_exact_graphic_match,SPPR728,,SPIMPFR.BAM,,,,,,
SPIMPPT.BAM,060565f70d10d04f710e479978ce3dc1dc5dbf29b0b2787c0f87cf03441d8c0c,EET_exact_graphic_match,SPPR728,,SPIMPPT.BAM,,,,,,
SPIPLAAI.BAM,5ce9cf15e26185fe27274e263778b4e7677176c9c48c980c6a3563fca70f857b,EET_exact_graphic_match,SPPR319,,SPIPLAAI.BAM | SPIPLARI.BAM,,,,,,
SPIPLARI.BAM,5ce9cf15e26185fe27274e263778b4e7677176c9c48c980c6a3563fca70f857b,EET_exact_graphic_match,SPPR319,,SPIPLAAI.BAM | SPIPLARI.BAM,,,,,,
SPMINDAT.BAM,db3caf2775440b5233a1edb9721cce7c9e47d3a505f733e4bc60c46bd6efc4d7,EET_exact_graphic_match,SPWI516 | SPWI520 | SPWI521,,SPMINDAT.BAM,,,OHRMIND.BAM,,,
SPOISOH.BAM,7d90c884cc0c8c88c17f11b2a11da422829d4696223bde1e49d08747aaaf2be4,included,SPPR212,,,,,BDSPLOCK.BAM | CDISEAH.BAM,,,
SPPORTAL.BAM,90ff0f284bda26daa93b7ec03d58f3d0b8ddf9e6d5477c84696c7d17d94feb8e,EET_exact_graphic_match,SPWI516 | SPWI520 | SPWI521,,SPPORTAL.BAM,,,OHNPORTA.BAM,,,
SPPROIMG.BAM,f0d9a08a44c93783356b2a16c0a67a38c1b00367e9f28d55797b322ef24c65ba,EET_exact_graphic_match,SPWI607 | SPWI703 | SPWI804,,SPPROIMG.BAM,,,,,,
SPSHADOW.BAM,e6104e53e1659f20588cbe6bb5ff236ef40a93f6fb81140b825e10ec1ed89e22,EET_exact_graphic_match,,,SPSHADOW.BAM,,,,,,
SPSPAINI.BAM,e6a80fe78290d815d532ce110f0ae9104f0a538e843e0281f3b58a2514c28c89,EET_exact_graphic_match,SPPR706 | SPPR718 | SPPR719 | SPWI811 | SPWI816 | SPWI817,,SPSPAINI.BAM,,,,,,
SPSPEV.BAM,175d7cc482ba9d943015119fa945ca16e8c30a36eacb4755a3467e04a8f63311,EET_exact_graphic_match,SPPR727 | SPWI924,,SPSPEV.BAM,,,,,,
SPSPMAZE.BAM,778b37be96c003c8fcf794441ca4a3d678d86d12ba73622235efc1c57d63b245,EET_exact_graphic_match,SPWI813,,SPSPMAZE.BAM,,,,,,
SPSTRMVA.BAM,b21368ef03e0ea1cb1a808858129b51d4ec76c52e287ad5da21b7ee147cd0d08,EET_exact_graphic_match,SPPR722,,SPSTRMVA.BAM,,,,,,
SPSUMGTE.BAM,4d6823ee31888ff5d6446b203f62015e5bb02a4a053239eee5e5d11d941076f5,EET_exact_graphic_match,SPPR703 | SPWI707 | SPWI807 | SPWI905,,SPSUMGTE.BAM,,,,,,
SPSUMP.BAM,6efa963f67aac01ccd60dd74bd1fdf1aaaf3e3faa059978d6b218968a5d0805a,EET_exact_graphic_match,SPPR726 | SPWI923,,SPSUMP.BAM,,,,,,
SPUSEANY.BAM,60e89cbc4f128aa900e7c6ccd59b839837fd82f85d9f4f4ab547cb670117908f,EET_exact_graphic_match,SPWI921,,SPUSEANY.BAM,,,,,,
SSHELLC.BAM,454faa5e7b0e8a1182e7fdaf44e565125c882256abc951b5c8a30ff73495f1e2,EET_exact_graphic_match,,,SSHELLC.BAM,,,,,,
SSORBH.BAM,6106207c684fb9d206889da9f3973dd66919b79459f8777477524cffd7dc5474,distinct_candidate_not_integrated,SPPR614,,,,,,,,
SSORBT.BAM,a17b8ecef456c9fdf08e8a1c1cfa586edda7314e715671998a76cf351769008a,distinct_candidate_not_integrated,SPPR614,,,,,OFSPHET.BAM,,,
SSSWARR.BAM,5c006f116246b1577a6199b9a0bc8a05443e7dc6d8eb1a52002fe168d3ec22ac,EET_exact_graphic_match,,,SSSWARR.BAM,,,,,,
SSSWART.BAM,aa45aea01eba3bead92e2154c9e61edb0567c073a1d89a7296c38eb84c095e16,EET_exact_graphic_match,,,SSSWART.BAM,,,,,,
SSSWARX.BAM,aeac0fd6f45184e2b324eb121652899133fd53a889b8995e7e93b941b46813db,EET_exact_graphic_match,,,SSSWARX.BAM,,,,,,
SSTONEA.BAM,4466cdf172201c88e70f50b3acbbdc43484fd92cf5c305afaa041505997b61b3,EET_exact_graphic_match,,,SSTONEA.BAM,,,,,,
STRENGH.BAM,cfc948b0d6898bd1709910f8a016fd94814340f263a9e971bedb0e90110c2ac0,EET_exact_graphic_match,SPWI214,,SPSTRENI.BAM | STRENGH.BAM,,,,,,
SUFFOCA.BAM,d326192bb36d6492415ff791ecb4f28c17e9723512f5e69b5d08dbb2545c01ee,EET_exact_graphic_match,,,SUFFOCA.BAM,,,,,,
SUNRAYX.BAM,5b888a86bbe72e2aebae9ebf69de3a04100cb986a6206c5da125eb8d9c8d782d,distinct_candidate_not_integrated,SPPR707,,,,,,,,
SUNSCOH.BAM,b2590a80af887965a8218ab154d5453aadcc6cbbfcdbc6822ace6d356807a8bf,EET_exact_graphic_match,,,SUNSCOH.BAM,,,,,,
SWAVEH.BAM,5f9724ab073195ac9397d1d71560eb20636333c8d1f585fa02f8a68bbdb9b475,EET_exact_graphic_match,,,SWAVEH.BAM,,,,,,
SWAVET.BAM,bb537b09b57527258ed335f7314c85ab7c2728526b9f97ee0e4ac2074b82baee,no_original_BG_spell_mapping,,,,,,,,,
SWAVEX.BAM,569035e2a04012da66bc7fc6dc10994030de82bbede24aa0a69c917d1c52660a,EET_exact_graphic_match,SPPR503,,SWAVEX.BAM,,,,,,
SWRATHT.BAM,aa8ea7fa8bf2d2bd4f03330a0ffb718364e74d0e028a3c0bbe106d1fd54908d0,EET_exact_graphic_match,,,SWRATHT.BAM,,,MFMISST.BAM,,,
SWRATHU.BAM,3c9102253472d012486737810949a508d460b3d9b3a491c3d6b9689544f9bb91,no_original_BG_spell_mapping,,,,,,,,,
TRAVEL.BAM,fa59baf2c0c928cf0a8d5dce86ec63d3c3a2266d64c042983c3f8ee08f434468,EET_exact_graphic_match,SPWI116 | SPWI222 | SPWI416 | SPWI723,,TRAVEL.BAM,,,,,,
TSPRAYT.BAM,6075b561e17f2d642c41a81388f698f5cc1f3fd2183e6819cbc4fc87130eb8a1,EET_exact_graphic_match,,,TSPRAYT.BAM,,,,,,
UWARDX.BAM,4651e60ec393f09ffcd88f73df9bc6b8100b847084606e070a73e2045727022a,EET_exact_graphic_match,,,UWARDX.BAM,,,,,,
VSPHERT.BAM,84d0c95919beb38778d09f8a66f66e9ec2712b5fe3274013f775a82a816dfb48,EET_exact_graphic_match,,,VSPHERT.BAM,,,,,,
VSPHERX.BAM,62b42681dbf486fe59043952359375c560db623c79c73a97307222be299dd6c8,EET_exact_graphic_match,,,VSPHERX.BAM,,,,,,
WEBA.BAM,7fe6527df7e7190196c196ef4930b52cc3a337da6e737d17df5c4f8b554d7e50,distinct_candidate_not_integrated,SPWI215,,,,,,,,
WEBC.BAM,0712be46f930c6e88209bfda4e57fe5b68b4b43f9a34be7e8178d6099e876fc7,included,SPWI215,,,,,,,,
WEBX.BAM,048e593530bc98d94bc2c5a723af9c6afc837cf7e97bcf463624dcb8965dd454,distinct_candidate_not_integrated,SPWI215,,,,,,,,
WHIRLWX.BAM,5fdb87c2c1ce542964266e68b75a70643e1c3b04ef38560e7624030afd9f8e2d,EET_exact_graphic_match,,,WHIRLWX.BAM,,,,,,
WITHERH.BAM,a6f2f75363d4c84ced93ad4bfca6aa54bf8caf20d11bdee833f9762a5c9ff448,EET_exact_graphic_match,,,WITHERH.BAM,,,,,,
WOMOONX.BAM,32ef6bba9fb2427b76b316ef72118f7248044f8a003134bba4bc269f6da9766c,EET_exact_graphic_match,,,WOMOONX.BAM,,,,,,
WRITHING.BAM,fca64bcc0e624472f379049806bfe01ee0d1a2c72555a8346d9febf282255129,EET_exact_graphic_match,,,WRITHING.BAM,,,COPESTA.BAM,,,
