bg_spell,asset,path
SPPR110,SHILLE.ITM@SUB,SPPR110.SPL -> SHILLE.ITM (ability 9 opcode 111 [weapon/item binding; not artwork import])
SPPR206,FBLADE.ITM@SUB,SPPR206.SPL -> FBLADE.ITM (ability 9 opcode 111 [weapon/item binding; not artwork import])
SPPR207,GBERRY.ITM@SUB,SPPR207.SPL -> GBERRY.ITM (ability 1 opcode 122 [weapon/item binding; not artwork import])
SPPR213,SHAMMR3.ITM@SUB,SPPR213.SPL -> SHAMMR3.ITM (ability 18 opcode 111 [weapon/item binding; not artwork import])
SPPR213,SHAMMR2.ITM@SUB,SPPR213.SPL -> SHAMMR2.ITM (ability 9 opcode 111 [weapon/item binding; not artwork import])
SPPR213,SHAMMR.ITM@SUB,SPPR213.SPL -> SHAMMR.ITM (ability 4 opcode 111 [weapon/item binding; not artwork import])
SPPR414,SERIOUS.ITM@SUB,SPPR414.SPL -> SERIOUS.ITM (ability 1 opcode 111 [weapon/item binding; not artwork import])
SPPR510,CRITICAL.ITM@SUB,SPPR510.SPL -> CRITICAL.ITM (ability 1 opcode 111 [weapon/item binding; not artwork import])
SPPR606,FIRESEED.ITM@SUB,SPPR606.SPL -> FIRESEED.ITM (ability 1 opcode 122 [weapon/item binding; not artwork import])
SPPR608,HARM.ITM@SUB,SPPR608.SPL -> HARM.ITM (ability 1 opcode 111 [weapon/item binding; not artwork import])
SPPR614,SPFIRSED.BAM,SPPR614.SPL -> SORB.ITM (ability 1 opcode 111 [weapon/item binding; not artwork import]) -> PFIRE3.PRO (ability 1 projectile [MISSILE-1]) -> SPFIRSED.BAM (PRO travel [flag-dependent])
SPPR721,ENEBLADE.ITM@SUB,SPPR721.SPL -> ENEBLADE.ITM (ability 9 opcode 111 [weapon/item binding; not artwork import])
SPPR731,DRUFIR.ITM@SUB,SPPR731.SPL -> SPPR731A.SPL (ability 1 opcode 146) -> DRUFIR.ITM (ability 1 opcode 111 [weapon/item binding; not artwork import])
SPPR732,DRUEAR.ITM@SUB,SPPR732.SPL -> SPPR732A.SPL (ability 1 opcode 146) -> DRUEAR.ITM (ability 1 opcode 111 [weapon/item binding; not artwork import])
SPWI115,SGRASP20.ITM@SUB,SPWI115.SPL -> SGRASP20.ITM (ability 20 opcode 111 [weapon/item binding; not artwork import])
SPWI115,SGRASP19.ITM@SUB,SPWI115.SPL -> SGRASP19.ITM (ability 19 opcode 111 [weapon/item binding; not artwork import])
SPWI115,SGRASP18.ITM@SUB,SPWI115.SPL -> SGRASP18.ITM (ability 18 opcode 111 [weapon/item binding; not artwork import])
SPWI115,SGRASP17.ITM@SUB,SPWI115.SPL -> SGRASP17.ITM (ability 17 opcode 111 [weapon/item binding; not artwork import])
SPWI115,SGRASP16.ITM@SUB,SPWI115.SPL -> SGRASP16.ITM (ability 16 opcode 111 [weapon/item binding; not artwork import])
SPWI115,SGRASP15.ITM@SUB,SPWI115.SPL -> SGRASP15.ITM (ability 15 opcode 111 [weapon/item binding; not artwork import])
SPWI115,SGRASP14.ITM@SUB,SPWI115.SPL -> SGRASP14.ITM (ability 14 opcode 111 [weapon/item binding; not artwork import])
SPWI115,SGRASP13.ITM@SUB,SPWI115.SPL -> SGRASP13.ITM (ability 13 opcode 111 [weapon/item binding; not artwork import])
SPWI115,SGRASP12.ITM@SUB,SPWI115.SPL -> SGRASP12.ITM (ability 12 opcode 111 [weapon/item binding; not artwork import])
SPWI115,SGRASP11.ITM@SUB,SPWI115.SPL -> SGRASP11.ITM (ability 11 opcode 111 [weapon/item binding; not artwork import])
SPWI115,SGRASP10.ITM@SUB,SPWI115.SPL -> SGRASP10.ITM (ability 10 opcode 111 [weapon/item binding; not artwork import])
SPWI115,SGRASP09.ITM@SUB,SPWI115.SPL -> SGRASP09.ITM (ability 9 opcode 111 [weapon/item binding; not artwork import])
SPWI115,SGRASP08.ITM@SUB,SPWI115.SPL -> SGRASP08.ITM (ability 8 opcode 111 [weapon/item binding; not artwork import])
SPWI115,SGRASP07.ITM@SUB,SPWI115.SPL -> SGRASP07.ITM (ability 7 opcode 111 [weapon/item binding; not artwork import])
SPWI115,SGRASP06.ITM@SUB,SPWI115.SPL -> SGRASP06.ITM (ability 6 opcode 111 [weapon/item binding; not artwork import])
SPWI115,SGRASP05.ITM@SUB,SPWI115.SPL -> SGRASP05.ITM (ability 5 opcode 111 [weapon/item binding; not artwork import])
SPWI115,SGRASP04.ITM@SUB,SPWI115.SPL -> SGRASP04.ITM (ability 4 opcode 111 [weapon/item binding; not artwork import])
SPWI115,SGRASP03.ITM@SUB,SPWI115.SPL -> SGRASP03.ITM (ability 3 opcode 111 [weapon/item binding; not artwork import])
SPWI115,SGRASP02.ITM@SUB,SPWI115.SPL -> SGRASP02.ITM (ability 2 opcode 111 [weapon/item binding; not artwork import])
SPWI115,SGRASP01.ITM@SUB,SPWI115.SPL -> SGRASP01.ITM (ability 1 opcode 111 [weapon/item binding; not artwork import])
SPWI117,CHILLT.ITM@SUB,SPWI117.SPL -> CHILLT.ITM (ability 1 opcode 111 [weapon/item binding; not artwork import])
SPWI123,NONE.BAM,SPWI123.SPL -> K#FAMSUM.EFF (ability 1 opcode 177) -> NONE.BAM (external effect opcode 67 arrival)
SPWI218,GHOULT.ITM@SUB,SPWI218.SPL -> GHOULT.ITM (ability 1 opcode 111 [weapon/item binding; not artwork import])
SPWI325,MELFMET.ITM@SUB,SPWI325.SPL -> MELFMET.ITM (ability 9 opcode 111 [weapon/item binding; not artwork import])
SPWI415,SQUIRP.ITM@SUB,SPWI415.SPL -> SQUIRP.ITM (ability 1 opcode 111 [weapon/item binding; not artwork import])
SPWI518,PHANBLAD.ITM@SUB,SPWI518.SPL -> PHANBLAD.ITM (ability 9 opcode 111 [weapon/item binding; not artwork import])
SPWI711,SQUIRP.ITM@SUB,SPWI711.SPL -> SPWI711A.SPL (ability 1 opcode 146) -> SQUIRP.ITM (ability 1 opcode 111 [weapon/item binding; not artwork import])
SPWI915,BLAKBLAD.ITM@SUB,SPWI915.SPL -> BLAKBLAD.ITM (ability 1 opcode 111 [weapon/item binding; not artwork import])
SPWI920,ENEBLADE.ITM@SUB,SPWI920.SPL -> ENEBLADE.ITM (ability 9 opcode 111 [weapon/item binding; not artwork import])
