bg_spell,iwdee_spell,phase,asset,path
SPPR101,SPPR101,postcast,FIREBAT.BAM,SPPR101.SPL -> IDPRO236.PRO (ability 1 projectile [MISSILE-1]) -> FIREBOLT.PRO (PRO nested 0x21a [index/activation unconfirmed]) -> FIREBAT.BAM (PRO travel [flag-dependent])
SPPR101,SPPR101,postcast,AREA1X.BAM,SPPR101.SPL -> IDPRO236.PRO (ability 1 projectile [MISSILE-1]) -> #BLESS.VVC (PRO center [activation not assumed]) -> AREA1X.BAM (VVC main)
SPPR101,SPPR101,postcast,BLESSH.BAM,SPPR101.SPL -> BLESSH.VVC (ability 1 opcode 215) -> BLESSH.BAM (VVC main)
SPPR102,SPPR102,postcast,ENCHAH.BAM,SPPR102.SPL -> ENCHAH.VVC (ability 1 opcode 215) -> ENCHAH.BAM (VVC main)
SPPR103,SPPR103,postcast,CLWOUNH.BAM,SPPR103.SPL -> CLWOUNH.VVC (ability 1 opcode 215) -> CLWOUNH.BAM (VVC main)
SPPR104,SPPR104,postcast,FIREBAT.BAM,SPPR104.SPL -> IDPRO239.PRO (ability 1 projectile [MISSILE-1]) -> FIREBOLT.PRO (PRO nested 0x21a [index/activation unconfirmed]) -> FIREBAT.BAM (PRO travel [flag-dependent])
SPPR104,SPPR104,postcast,AREA2X.BAM,SPPR104.SPL -> IDPRO239.PRO (ability 1 projectile [MISSILE-1]) -> #GENDIVI.VVC (PRO center [activation not assumed]) -> AREA2X.BAM (VVC main)
SPPR104,SPPR104,postcast,DIVINH.BAM,SPPR104.SPL -> DIVINH.VVC (ability 1 opcode 215) -> DIVINH.BAM (VVC main)
SPPR105,SPPR105,postcast,ENTANGX.BAM,SPPR105.SPL -> ENTANGLE.PRO (ability 1 projectile [MISSILE-1]) -> ENTANGX.BAM (PRO center [activation not assumed])
SPPR105,SPPR105,postcast,ENTANGA.BAM,SPPR105.SPL -> ENTANGLE.PRO (ability 1 projectile [MISSILE-1]) -> ENTANGA.BAM (PRO spread [activation not assumed])
SPPR105,SPPR105,postcast,ENTANGC.BAM,SPPR105.SPL -> ENTANGC.VVC (ability 1 opcode 154) -> ENTANGC.BAM (VVC main)
SPPR106,SPPR106,postcast,MAGICSTN.BAM,SPPR106.SPL -> IDPRO17.PRO (ability 1 projectile [MISSILE-1]) -> MAGICSTN.BAM (PRO travel [flag-dependent])
SPPR106,SPPR106,postcast,ENCHAH.BAM,SPPR106.SPL -> ENCHAH.VVC (ability 1 opcode 215) -> ENCHAH.BAM (VVC main)
SPPR107,SPPR107,postcast,ABJURH.BAM,SPPR107.SPL -> ABJURH.VVC (ability 9 opcode 215) -> ABJURH.BAM (VVC main)
SPPR108,SPPR108,postcast,FIREBAT.BAM,SPPR108.SPL -> IDPRO238.PRO (ability 1 projectile [MISSILE-1]) -> FIREBOLT.PRO (PRO nested 0x21a [index/activation unconfirmed]) -> FIREBAT.BAM (PRO travel [flag-dependent])
SPPR108,SPPR108,postcast,ABJURAX.BAM,SPPR108.SPL -> IDPRO238.PRO (ability 1 projectile [MISSILE-1]) -> #GENABJU.VVC (PRO center [activation not assumed]) -> ABJURAX.BAM (VVC main)
SPPR108,SPPR108,postcast,ABJURH.BAM,SPPR108.SPL -> ABJURH.VVC (ability 1 opcode 215) -> ABJURH.BAM (VVC main)
SPPR109,SPPR109,postcast,SANCTRY.BAM,SPPR109.SPL -> SANCTRY.VVC (ability 9 opcode 153) -> SANCTRY.BAM (VVC main)
SPPR109,SPPR109,postcast,ABJURH.BAM,SPPR109.SPL -> ABJURH.VVC (ability 9 opcode 215) -> ABJURH.BAM (VVC main)
SPPR110,SPPR110,postcast,SHILLEL.ITM@SUB,SPPR110.SPL -> SHILLEL.ITM (ability 9 opcode 111 [weapon/item binding; not artwork import])
SPPR110,SPPR110,postcast,ALTERH.BAM,SPPR110.SPL -> ALTERH.VVC (ability 9 opcode 215) -> ALTERH.BAM (VVC main)
SPPR111,SPPR111,postcast,ABJURH.BAM,SPPR111.SPL -> ABJURH.VVC (ability 9 opcode 215) -> ABJURH.BAM (VVC main)
SPPR113,SPPR113,postcast,ALTERH.BAM,SPPR113.SPL -> ALTERH.VVC (ability 1 opcode 215) -> ALTERH.BAM (VVC main)
SPPR201,SPPR201,postcast,NECROH.BAM,SPPR201.SPL -> NECROH.VVC (ability 9 opcode 215) -> NECROH.BAM (VVC main)
SPPR202,SPPR202,postcast,ALTERH.BAM,SPPR202.SPL -> ALTERH.VVC (ability 9 opcode 215) -> ALTERH.BAM (VVC main)
SPPR203,SPPR203,postcast,ARARROW.BAM,SPPR203.SPL -> SPPR203E.SPL (ability 1 opcode 146) -> OHVRNP.PRO (ability 1 projectile [MISSILE-1]) -> ARROW.PRO (PRO nested 0x21a [index/activation unconfirmed]) -> ARARROW.BAM (PRO travel [flag-dependent])
SPPR203,SPPR203,postcast,CURSEH.BAM,SPPR203.SPL -> SPPR203E.SPL (ability 1 opcode 146) -> CURSEH.VVC (ability 1 opcode 215) -> CURSEH.BAM (VVC main)
SPPR203,SPPR203,postcast,BLESSH.BAM,SPPR203.SPL -> SPPR203D.SPL (ability 1 opcode 146) -> BLESSH.VVC (ability 1 opcode 215) -> BLESSH.BAM (VVC main)
SPPR204,SPPR204,postcast,ENCHAH.BAM,SPPR204.SPL -> ENCHAH.VVC (ability 1 opcode 215) -> ENCHAH.BAM (VVC main)
SPPR205,SPPR205,postcast,FIREBAT.BAM,SPPR205.SPL -> SPPR205D.SPL (ability 1 opcode 146) -> INAREANS.PRO (ability 1 projectile [MISSILE-1]) -> FIREBOLT.PRO (PRO nested 0x21a [index/activation unconfirmed]) -> FIREBAT.BAM (PRO travel [flag-dependent])
SPPR205,SPPR205,postcast,DIVINH.BAM,SPPR205.SPL -> DIVINH.VVC (ability 1 opcode 215) -> DIVINH.BAM (VVC main)
SPPR206,SPPR206,postcast,INVOCH.BAM,SPPR206.SPL -> INVOCH.VVC (ability 9 opcode 215) -> INVOCH.BAM (VVC main)
SPPR206,SPPR206,postcast,FBLADE.ITM@SUB,SPPR206.SPL -> FBLADE.ITM (ability 9 opcode 111 [weapon/item binding; not artwork import])
SPPR207,SPPR207,postcast,INVOCH.BAM,SPPR207.SPL -> INVOCH.VVC (ability 1 opcode 215) -> INVOCH.BAM (VVC main)
SPPR207,SPPR207,postcast,GBERRY.ITM@SUB,SPPR207.SPL -> GBERRY.ITM (ability 1 opcode 122 [weapon/item binding; not artwork import])
SPPR208,SPPR208,postcast,PARALH.BAM,SPPR208.SPL -> PARALH.VVC (ability 9 opcode 215) -> PARALH.BAM (VVC main)
SPPR208,SPPR208,postcast,FIREBAT.BAM,SPPR208.SPL -> HOLD.PRO (ability 9 projectile [MISSILE-1]) -> FIREBOLT.PRO (PRO nested 0x21a [index/activation unconfirmed]) -> FIREBAT.BAM (PRO travel [flag-dependent])
SPPR208,SPPR208,postcast,ENCHANX.BAM,SPPR208.SPL -> HOLD.PRO (ability 9 projectile [MISSILE-1]) -> #GENENCH.VVC (PRO center [activation not assumed]) -> ENCHANX.BAM (VVC main)
SPPR209,SPPR209,postcast,DIVINH.BAM,SPPR209.SPL -> DIVINH.VVC (ability 1 opcode 215) -> DIVINH.BAM (VVC main)
SPPR210,SPPR210,postcast,SPCMWOUI.BAM,SPPR210.SPL -> ICRMPARI.VVC (ability 9 opcode 215) -> SPCMWOUI.BAM (VVC main)
SPPR211,SPPR211,postcast,FIREBAT.BAM,SPPR211.SPL -> IDPRO245.PRO (ability 9 projectile [MISSILE-1]) -> FIREBOLT.PRO (PRO nested 0x21a [index/activation unconfirmed]) -> FIREBAT.BAM (PRO travel [flag-dependent])
SPPR211,SPPR211,postcast,ALTERAX.BAM,SPPR211.SPL -> IDPRO245.PRO (ability 9 projectile [MISSILE-1]) -> #GENALTE.VVC (PRO center [activation not assumed]) -> ALTERAX.BAM (VVC main)
SPPR211,SPPR211,postcast,ALTERH.BAM,SPPR211.SPL -> ALTERH.VVC (ability 9 opcode 215) -> ALTERH.BAM (VVC main)
SPPR212,SPPR212,postcast,SPOISOH.BAM,SPPR212.SPL -> SPOISOH.VVC (ability 1 opcode 215) -> SPOISOH.BAM (VVC main)
SPPR213,SPPR213,postcast,SHAMME3.ITM@SUB,SPPR213.SPL -> SHAMME3.ITM (ability 28 opcode 111 [weapon/item binding; not artwork import])
SPPR213,SPPR213,postcast,SHAMME2.ITM@SUB,SPPR213.SPL -> SHAMME2.ITM (ability 9 opcode 111 [weapon/item binding; not artwork import])
SPPR213,SPPR213,postcast,SHAMME1.ITM@SUB,SPPR213.SPL -> SHAMME1.ITM (ability 4 opcode 111 [weapon/item binding; not artwork import])
SPPR213,SPPR213,postcast,INVOCH.BAM,SPPR213.SPL -> INVOCH.VVC (ability 9 opcode 215) -> INVOCH.BAM (VVC main)
SPPR303,SPPR303,postcast,SMCUDGE.ITM@SUB,SPPR303.SPL -> SMCUDGE.ITM (ability 1 opcode 112 [weapon/item binding; not artwork import])
SPPR303,SPPR303,postcast,SHILLEL.ITM@SUB,SPPR303.SPL -> SHILLEL.ITM (ability 1 opcode 112 [weapon/item binding; not artwork import])
SPPR303,SPPR303,postcast,SHAMME3.ITM@SUB,SPPR303.SPL -> SHAMME3.ITM (ability 1 opcode 112 [weapon/item binding; not artwork import])
SPPR303,SPPR303,postcast,SHAMME2.ITM@SUB,SPPR303.SPL -> SHAMME2.ITM (ability 1 opcode 112 [weapon/item binding; not artwork import])
SPPR303,SPPR303,postcast,SHAMME1.ITM@SUB,SPPR303.SPL -> SHAMME1.ITM (ability 1 opcode 112 [weapon/item binding; not artwork import])
SPPR303,SPPR303,postcast,MSWORD.ITM@SUB,SPPR303.SPL -> MSWORD.ITM (ability 1 opcode 112 [weapon/item binding; not artwork import])
SPPR303,SPPR303,postcast,MOONBLA.ITM@SUB,SPPR303.SPL -> MOONBLA.ITM (ability 1 opcode 112 [weapon/item binding; not artwork import])
SPPR303,SPPR303,postcast,LTOUCH.ITM@SUB,SPPR303.SPL -> LTOUCH.ITM (ability 1 opcode 112 [weapon/item binding; not artwork import])
SPPR303,SPPR303,postcast,FIREBAT.BAM,SPPR303.SPL -> IDPRO246.PRO (ability 1 projectile [MISSILE-1]) -> FIREBOLT.PRO (PRO nested 0x21a [index/activation unconfirmed]) -> FIREBAT.BAM (PRO travel [flag-dependent])
SPPR303,SPPR303,postcast,ABJURAX.BAM,SPPR303.SPL -> IDPRO246.PRO (ability 1 projectile [MISSILE-1]) -> #GENABJU.VVC (PRO center [activation not assumed]) -> ABJURAX.BAM (VVC main)
SPPR303,SPPR303,postcast,DOBONE.ITM@SUB,SPPR303.SPL -> DOBONE.ITM (ability 1 opcode 112 [weapon/item binding; not artwork import])
SPPR303,SPPR303,postcast,DECASTA.ITM@SUB,SPPR303.SPL -> DECASTA.ITM (ability 1 opcode 112 [weapon/item binding; not artwork import])
SPPR303,SPPR303,postcast,CTOUCH.ITM@SUB,SPPR303.SPL -> CTOUCH.ITM (ability 1 opcode 112 [weapon/item binding; not artwork import])
SPPR303,SPPR303,postcast,BCLAW.ITM@SUB,SPPR303.SPL -> BCLAW.ITM (ability 1 opcode 112 [weapon/item binding; not artwork import])
SPPR303,SPPR303,postcast,ABJURH.BAM,SPPR303.SPL -> ABJURH.VVC (ability 1 opcode 215) -> ABJURH.BAM (VVC main)
SPPR304,SPPR304,postcast,SPGLYPTI.BAM,SPPR304.SPL -> TRAPGLYP.PRO (ability 9 projectile [MISSILE-1]) -> SPGLYPTI.BAM (PRO travel [flag-dependent])
SPPR304,SPPR304,postcast,FIREBAT.BAM,SPPR304.SPL -> TRAPGLYP.PRO (ability 9 projectile [MISSILE-1]) -> FIREBOLT.PRO (PRO nested 0x21a [index/activation unconfirmed]) -> FIREBAT.BAM (PRO travel [flag-dependent])
SPPR305,SPPR305,postcast,PARALH.BAM,SPPR305.SPL -> PARALH.VVC (ability 9 opcode 215) -> PARALH.BAM (VVC main)
SPPR305,SPPR305,postcast,FIREBAT.BAM,SPPR305.SPL -> IDPRO249.PRO (ability 9 projectile [MISSILE-1]) -> FIREBOLT.PRO (PRO nested 0x21a [index/activation unconfirmed]) -> FIREBAT.BAM (PRO travel [flag-dependent])
SPPR305,SPPR305,postcast,ENCHANX.BAM,SPPR305.SPL -> IDPRO249.PRO (ability 9 projectile [MISSILE-1]) -> #GENENCH.VVC (PRO center [activation not assumed]) -> ENCHANX.BAM (VVC main)
SPPR306,SPPR306,postcast,ABJURH.BAM,SPPR306.SPL -> ABJURH.VVC (ability 9 opcode 215) -> ABJURH.BAM (VVC main)
SPPR307,SPPR307,postcast,ABJURH.BAM,SPPR307.SPL -> ABJURH.VVC (ability 1 opcode 215) -> ABJURH.BAM (VVC main)
SPPR308,SPPR308,postcast,RPARALH.BAM,SPPR308.SPL -> RPARALH.VVC (ability 1 opcode 215) -> RPARALH.BAM (VVC main)
SPPR308,SPPR308,postcast,FIREBAT.BAM,SPPR308.SPL -> IDPRO250.PRO (ability 1 projectile [MISSILE-1]) -> FIREBOLT.PRO (PRO nested 0x21a [index/activation unconfirmed]) -> FIREBAT.BAM (PRO travel [flag-dependent])
SPPR308,SPPR308,postcast,ABJURAX.BAM,SPPR308.SPL -> IDPRO250.PRO (ability 1 projectile [MISSILE-1]) -> #GENABJU.VVC (PRO center [activation not assumed]) -> ABJURAX.BAM (VVC main)
SPPR309,SPPR309,postcast,FIREBAT.BAM,SPPR309.SPL -> IDPRO240.PRO (ability 1 projectile [MISSILE-1]) -> FIREBOLT.PRO (PRO nested 0x21a [index/activation unconfirmed]) -> FIREBAT.BAM (PRO travel [flag-dependent])
SPPR309,SPPR309,postcast,AREA2X.BAM,SPPR309.SPL -> IDPRO240.PRO (ability 1 projectile [MISSILE-1]) -> #GENDIVI.VVC (PRO center [activation not assumed]) -> AREA2X.BAM (VVC main)
SPPR309,SPPR309,postcast,DIVINH.BAM,SPPR309.SPL -> DIVINH.VVC (ability 1 opcode 215) -> DIVINH.BAM (VVC main)
SPPR310,SPPR310,postcast,MMAGICH.BAM,SPPR310.SPL -> MMAGICH.VVC (ability 1 opcode 215) -> MMAGICH.BAM (VVC main)
SPPR311,SPPR311,postcast,ENCHAH.BAM,SPPR311.SPL -> ENCHAH.VVC (ability 9 opcode 215) -> ENCHAH.BAM (VVC main)
SPPR312,SPPR312,postcast,SOONEH.BAM,SPPR312.SPL -> SOONEH.VVC (ability 1 opcode 215) -> SOONEH.BAM (VVC main)
SPPR312,SPPR312,postcast,FIREBAT.BAM,SPPR312.SPL -> IDPRO252.PRO (ability 1 projectile [MISSILE-1]) -> FIREBOLT.PRO (PRO nested 0x21a [index/activation unconfirmed]) -> FIREBAT.BAM (PRO travel [flag-dependent])
SPPR312,SPPR312,postcast,ALTERAX.BAM,SPPR312.SPL -> IDPRO252.PRO (ability 1 projectile [MISSILE-1]) -> #GENALTE.VVC (PRO center [activation not assumed]) -> ALTERAX.BAM (VVC main)
SPPR313,SPPR313,postcast,FIREBAT.BAM,SPPR313.SPL -> PHOLYST.PRO (ability 5 projectile [MISSILE-1]) -> FIREBOLT.PRO (PRO nested 0x21a [index/activation unconfirmed]) -> FIREBAT.BAM (PRO travel [flag-dependent])
SPPR313,SPPR313,postcast,HARMH.BAM,SPPR313.SPL -> HARMH.VVC (ability 5 opcode 215) -> HARMH.BAM (VVC main)
SPPR313,SPPR313,postcast,CSDAMAH.BAM,SPPR313.SPL -> CSDAMAH.VVC (ability 3 opcode 215) -> CSDAMAH.BAM (VVC main)
SPPR313,SPPR313,postcast,CMDAMAH.BAM,SPPR313.SPL -> CMDAMAH.VVC (ability 2 opcode 215) -> CMDAMAH.BAM (VVC main)
SPPR313,SPPR313,postcast,CLDAMAH.BAM,SPPR313.SPL -> CLDAMAH.VVC (ability 1 opcode 215) -> CLDAMAH.BAM (VVC main)
SPPR313,SPPR313,postcast,CCDAMAH.BAM,SPPR313.SPL -> CCDAMAH.VVC (ability 4 opcode 215) -> CCDAMAH.BAM (VVC main)
SPPR314,SPPR314,postcast,FIREBAT.BAM,SPPR314.SPL -> PUNHLST.PRO (ability 5 projectile [MISSILE-1]) -> FIREBOLT.PRO (PRO nested 0x21a [index/activation unconfirmed]) -> FIREBAT.BAM (PRO travel [flag-dependent])
SPPR314,SPPR314,postcast,HARMH.BAM,SPPR314.SPL -> HARMH.VVC (ability 5 opcode 215) -> HARMH.BAM (VVC main)
SPPR314,SPPR314,postcast,CSDAMAH.BAM,SPPR314.SPL -> CSDAMAH.VVC (ability 3 opcode 215) -> CSDAMAH.BAM (VVC main)
SPPR314,SPPR314,postcast,CMDAMAH.BAM,SPPR314.SPL -> CMDAMAH.VVC (ability 2 opcode 215) -> CMDAMAH.BAM (VVC main)
SPPR314,SPPR314,postcast,CLDAMAH.BAM,SPPR314.SPL -> CLDAMAH.VVC (ability 1 opcode 215) -> CLDAMAH.BAM (VVC main)
SPPR314,SPPR314,postcast,CCDAMAH.BAM,SPPR314.SPL -> CCDAMAH.VVC (ability 4 opcode 215) -> CCDAMAH.BAM (VVC main)
SPPR315,SPPR315,postcast,CIWOUNH.BAM,SPPR315.SPL -> CIWOUNH.VVC (ability 1 opcode 215) -> CIWOUNH.BAM (VVC main)
SPPR317,SPPR317,postcast,NPOISOH.BAM,SPPR317.SPL -> NPOISOH.VVC (ability 1 opcode 215) -> NPOISOH.BAM (VVC main)
SPPR318,SPPR318,postcast,GRNDGLOW.BAM,SPPR318.SPL -> FIRECOLD.VVC (ability 1 opcode 215) -> GRNDGLOW.BAM (VVC main)
SPPR319,SPPR319,postcast,SPIPLARI.BAM,SPPR319.SPL -> INSEC1.PRO (ability 1 projectile [MISSILE-1]) -> SPIPLARI.BAM (PRO travel [flag-dependent])
SPPR319,SPPR319,postcast,SPIPLAAI.BAM,SPPR319.SPL -> ICINHIT.VVC (ability 1 opcode 215) -> SPIPLAAI.BAM (VVC main)
SPPR401,SPPR401,postcast,CSWOUNH.BAM,SPPR401.SPL -> CSWOUNH.VVC (ability 1 opcode 215) -> CSWOUNH.BAM (VVC main)
SPPR403,SPPR403,postcast,FACTIOH.BAM,SPPR403.SPL -> FACTIOH.VVC (ability 9 opcode 215) -> FACTIOH.BAM (VVC main)
SPPR404,SPPR404,postcast,NPOISOH.BAM,SPPR404.SPL -> NPOISOH.VVC (ability 1 opcode 215) -> NPOISOH.BAM (VVC main)
SPPR405,SPPR405,postcast,ENCHAH.BAM,SPPR405.SPL -> ENCHAH.VVC (ability 9 opcode 215) -> ENCHAH.BAM (VVC main)
SPPR406,SPPR406,postcast,FIREBAT.BAM,SPPR406.SPL -> IDPRO257.PRO (ability 1 projectile [MISSILE-1]) -> FIREBOLT.PRO (PRO nested 0x21a [index/activation unconfirmed]) -> FIREBAT.BAM (PRO travel [flag-dependent])
SPPR406,SPPR406,postcast,ENCHANX.BAM,SPPR406.SPL -> IDPRO257.PRO (ability 1 projectile [MISSILE-1]) -> #GENENCH.VVC (PRO center [activation not assumed]) -> ENCHANX.BAM (VVC main)
SPPR406,SPPR406,postcast,ENCHAH.BAM,SPPR406.SPL -> ENCHAH.VVC (ability 1 opcode 215) -> ENCHAH.BAM (VVC main)
SPPR407,SPPR407,postcast,ABJURH.BAM,SPPR407.SPL -> ABJURH.VVC (ability 9 opcode 215) -> ABJURH.BAM (VVC main)
SPPR408,SPPR408,postcast,FIREBAT.BAM,SPPR408.SPL -> IDPRO258.PRO (ability 9 projectile [MISSILE-1]) -> FIREBOLT.PRO (PRO nested 0x21a [index/activation unconfirmed]) -> FIREBAT.BAM (PRO travel [flag-dependent])
SPPR408,SPPR408,postcast,ABJURAX.BAM,SPPR408.SPL -> IDPRO258.PRO (ability 9 projectile [MISSILE-1]) -> #GENABJU.VVC (PRO center [activation not assumed]) -> ABJURAX.BAM (VVC main)
SPPR408,SPPR408,postcast,ABJURH.BAM,SPPR408.SPL -> ABJURH.VVC (ability 9 opcode 215) -> ABJURH.BAM (VVC main)
SPPR409,SPPR409,postcast,NECROH.BAM,SPPR409.SPL -> NECROH.VVC (ability 9 opcode 215) -> NECROH.BAM (VVC main)
SPPR411,SPPR411,postcast,POISONH.BAM,SPPR411.SPL -> POISONH.VVC (ability 1 opcode 215) -> POISONH.BAM (VVC main)
SPPR413,SPPR413,postcast,ABJURH.BAM,SPPR413.SPL -> ABJURH.VVC (ability 1 opcode 215) -> ABJURH.BAM (VVC main)
SPPR414,SPPR414,postcast,CSDAMAH.BAM,SPPR414.SPL -> CSDAMAH.VVC (ability 1 opcode 215) -> CSDAMAH.BAM (VVC main)
SPPR415,SPPR415,postcast,DIVINH.BAM,SPPR415.SPL -> DIVINH.VVC (ability 9 opcode 215) -> DIVINH.BAM (VVC main)
SPPR416,SPPR416,postcast,COFEARC.BAM,SPPR416.SPL -> #CLOAKFE.VVC (ability 1 opcode 215) -> COFEARC.BAM (VVC main)
SPPR417,SPPR417,postcast,LRESTORH.BAM,SPPR417.SPL -> LRESTORH.VVC (ability 1 opcode 215) -> LRESTORH.BAM (VVC main)
SPPR502,SPPR502,postcast,CCWOUNH.BAM,SPPR502.SPL -> CCWOUNH.VVC (ability 1 opcode 215) -> CCWOUNH.BAM (VVC main)
SPPR503,SPPR503,postcast,SWAVEX.BAM,SPPR503.SPL -> IDPRO67.PRO (ability 1 projectile [MISSILE-1]) -> SWAVE.PRO (PRO nested 0x214 [index/activation unconfirmed]) -> SWAVEX.BAM (PRO travel [flag-dependent])
SPPR503,SPPR503,postcast,FSTRIKH.BAM,SPPR503.SPL -> IDPRO67.PRO (ability 1 projectile [MISSILE-1]) -> FSTRIKH.PRO (PRO nested 0x214 [index/activation unconfirmed]) -> FSTRIKH.BAM (PRO travel [flag-dependent])
SPPR503,SPPR503,postcast,FIREBAT.BAM,SPPR503.SPL -> IDPRO67.PRO (ability 1 projectile [MISSILE-1]) -> FIREBOLT.PRO (PRO nested 0x21a [index/activation unconfirmed]) -> FIREBAT.BAM (PRO travel [flag-dependent])
SPPR504,SPPR504,postcast,RDEADH.BAM,SPPR504.SPL -> SPPR504A.SPL (ability 1 opcode 326) -> RDEADH.VVC (ability 1 opcode 215) -> RDEADH.BAM (VVC main)
SPPR505,SPPR505,postcast,ARARROW.BAM,SPPR505.SPL -> SPPR505D.SPL (ability 1 opcode 146) -> BIGNAREA.PRO (ability 1 projectile [MISSILE-1]) -> ARROW.PRO (PRO nested 0x21a [index/activation unconfirmed]) -> ARARROW.BAM (PRO travel [flag-dependent])
SPPR505,SPPR505,postcast,DIVINH.BAM,SPPR505.SPL -> DIVINH.VVC (ability 1 opcode 215) -> DIVINH.BAM (VVC main)
SPPR505,SPPR505,postcast,AREA2X.BAM,SPPR505.SPL -> #GENDIVI.VVC (ability 1 opcode 215) -> AREA2X.BAM (VVC main)
SPPR506,SPPR506,postcast,ALTERH.BAM,SPPR506.SPL -> ALTERH.VVC (ability 8 opcode 215) -> ALTERH.BAM (VVC main)
SPPR507,SPPR507,postcast,CSTRENH.BAM,SPPR507.SPL -> CSTRENH.VVC (ability 1 opcode 215) -> CSTRENH.BAM (VVC main)
SPPR508,SPPR508,postcast,CCOMMAH.BAM,SPPR508.SPL -> CCOMMAH.VVC (ability 9 opcode 215) -> CCOMMAH.BAM (VVC main)
SPPR509,SPPR509,postcast,EXALTAH.BAM,SPPR509.SPL -> EXALTAH.VVC (ability 9 opcode 215) -> EXALTAH.BAM (VVC main)
SPPR510,SPPR510,postcast,CCDAMAH.BAM,SPPR510.SPL -> CCDAMAH.VVC (ability 1 opcode 215) -> CCDAMAH.BAM (VVC main)
SPPR511,SPPR511,postcast,SLIVINH.BAM,SPPR511.SPL -> SLIVINH.VVC (ability 1 opcode 215) -> SLIVINH.BAM (VVC main)
SPPR512,SPPR512,postcast,FIREBAT.BAM,SPPR512.SPL -> IDPRO339.PRO (ability 9 projectile [MISSILE-1]) -> FIREBOLT.PRO (PRO nested 0x21a [index/activation unconfirmed]) -> FIREBAT.BAM (PRO travel [flag-dependent])
SPPR512,SPPR512,postcast,ENCHANX.BAM,SPPR512.SPL -> IDPRO339.PRO (ability 9 projectile [MISSILE-1]) -> #GENENCH.VVC (PRO center [activation not assumed]) -> ENCHANX.BAM (VVC main)
SPPR512,SPPR512,postcast,ENCHAH.BAM,SPPR512.SPL -> ENCHAH.VVC (ability 9 opcode 215) -> ENCHAH.BAM (VVC main)
SPPR514,SPPR514,postcast,FIREBAT.BAM,SPPR514.SPL -> IDPRO359.PRO (ability 9 projectile [MISSILE-1]) -> FIREBOLT.PRO (PRO nested 0x21a [index/activation unconfirmed]) -> FIREBAT.BAM (PRO travel [flag-dependent])
SPPR514,SPPR514,postcast,AREA1X.BAM,SPPR514.SPL -> IDPRO359.PRO (ability 9 projectile [MISSILE-1]) -> #BLESS.VVC (PRO center [activation not assumed]) -> AREA1X.BAM (VVC main)
SPPR514,SPPR514,postcast,CLWOUNH.BAM,SPPR514.SPL -> CLWOUNH.VVC (ability 9 opcode 215) -> CLWOUNH.BAM (VVC main)
SPPR515,SPPR515,postcast,FIREBAT.BAM,SPPR515.SPL -> SPPR515D.EFF (ability 1 opcode 177) -> SPPR515D.SPL (external effect opcode 232) -> INAREASM.PRO (ability 1 projectile [MISSILE-1]) -> FIREBOLT.PRO (PRO nested 0x21a [index/activation unconfirmed]) -> FIREBAT.BAM (PRO travel [flag-dependent])
SPPR515,SPPR515,postcast,ABJURH.BAM,SPPR515.SPL -> ABJURH.VVC (ability 1 opcode 215) -> ABJURH.BAM (VVC main)
SPPR516,SPPR516,postcast,FIREBAT.BAM,SPPR516.SPL -> INAREAPA.PRO (ability 1 projectile [MISSILE-1]) -> FIREBOLT.PRO (PRO nested 0x21a [index/activation unconfirmed]) -> FIREBAT.BAM (PRO travel [flag-dependent])
SPPR516,SPPR516,postcast,ILLUSH.BAM,SPPR516.SPL -> ILLUSH.VVC (ability 1 opcode 215) -> ILLUSH.BAM (VVC main)
SPPR517,SPPR517,postcast,IPLAGUX.BAM,SPPR517.SPL -> IDPRO216.PRO (ability 1 projectile [MISSILE-1]) -> IPLAGUX.BAM (PRO center [activation not assumed])
SPPR517,SPPR517,postcast,IPLAGUR.BAM,SPPR517.SPL -> IDPRO216.PRO (ability 1 projectile [MISSILE-1]) -> IPLAGUR.BAM (PRO ring [activation not assumed])
SPPR517,SPPR517,postcast,IPLAGUA.BAM,SPPR517.SPL -> IDPRO216.PRO (ability 1 projectile [MISSILE-1]) -> IPLAGUA.BAM (PRO spread [activation not assumed])
SPPR603,SPPR603,postcast,BBARRH2.BAM,SPPR603.SPL -> BBARRH2.VVC (ability 1 opcode 215) -> BBARRH2.BAM (VVC main)
SPPR603,SPPR603,postcast,BBARRH1.BAM,SPPR603.SPL -> BBARRH1.VVC (ability 1 opcode 215) -> BBARRH1.BAM (VVC main)
SPPR606,SPPR606,postcast,FSEEDS.ITM@SUB,SPPR606.SPL -> FSEEDS.ITM (ability 9 opcode 122 [weapon/item binding; not artwork import])
SPPR606,SPPR606,postcast,CONJUH.BAM,SPPR606.SPL -> CONJUH.VVC (ability 9 opcode 215) -> CONJUH.BAM (VVC main)
SPPR607,SPPR607,postcast,HEALH.BAM,SPPR607.SPL -> HEALH.VVC (ability 1 opcode 215) -> HEALH.BAM (VVC main)
SPPR608,SPPR608,postcast,HARMH.BAM,SPPR608.SPL -> HARMH.VVC (ability 1 opcode 215) -> HARMH.BAM (VVC main)
SPPR609,SPPR609,postcast,FDAWNX.BAM,SPPR609.SPL -> FDAWN.PRO (ability 1 projectile [MISSILE-1]) -> FDAWNX.VEF (PRO center [activation not assumed]) -> FDAWNX.VVC (VEF type 1) -> FDAWNX.BAM (VVC main)
SPPR609,SPPR609,postcast,AREA1X.BAM,SPPR609.SPL -> FDAWN.PRO (ability 1 projectile [MISSILE-1]) -> FDAWNX.VEF (PRO center [activation not assumed]) -> AREA1X.VVC (VEF type 1) -> AREA1X.BAM (VVC main)
SPPR609,SPPR609,postcast,FDAWNA.BAM,SPPR609.SPL -> FDAWN.PRO (ability 1 projectile [MISSILE-1]) -> FDAWNA.BAM (PRO spread [activation not assumed])
SPPR609,SPPR609,postcast,ARARROW.BAM,SPPR609.SPL -> FDAWN.PRO (ability 1 projectile [MISSILE-1]) -> ARROW.PRO (PRO nested 0x21a [index/activation unconfirmed]) -> ARARROW.BAM (PRO travel [flag-dependent])
SPPR610,SPPR610,postcast,NECROH.BAM,SPPR610.SPL -> NECROH.VVC (ability 1 opcode 215) -> NECROH.BAM (VVC main)
SPPR610,SPPR610,postcast,ALTERT.BAM,SPPR610.SPL -> IDPRO228.PRO (ability 1 projectile [MISSILE-1]) -> ALTERT.BAM (PRO travel [flag-dependent])
SPPR611,SPPR611,postcast,SPCONTIN.BAM,SPPR611.SPL -> SPCONTIN.VVC (ability 1 opcode 215) -> SPCONTIN.BAM (VVC main)
SPPR612,SPPR612,postcast,BGLRYH.BAM,SPPR612.SPL -> BGLRYH.VVC (ability 1 opcode 215) -> BGLRYH.BAM (VVC main)
SPPR612,SPPR612,postcast,BGLRYT.BAM,SPPR612.SPL -> BGLRY.PRO (ability 1 projectile [MISSILE-1]) -> BGLRYT.BAM (PRO travel [flag-dependent])
SPPR613,SPPR613,postcast,ALTERH.BAM,SPPR613.SPL -> ALTERH.VVC (ability 1 opcode 215) -> ALTERH.BAM (VVC main)
SPPR614,SPPR614,postcast,SSORBH.BAM,SPPR614.SPL -> SSORBH.VVC (ability 1 opcode 215) -> SSORBH.BAM (VVC main)
SPPR614,SPPR614,postcast,SSORBT.BAM,SPPR614.SPL -> SSORB.PRO (ability 1 projectile [MISSILE-1]) -> SSORBT.BAM (PRO travel [flag-dependent])
SPPR701,SPPR701,postcast,ABJURH.BAM,SPPR701.SPL -> ABJURH.VVC (ability 9 opcode 215) -> ABJURH.BAM (VVC main)
SPPR703,SPPR703,postcast,SPSUMGTE.BAM,SPPR703.SPL -> SPGATE.EFF (ability 1 opcode 177) -> SPSUMGTE.VVC (external effect opcode 67 arrival) -> SPSUMGTE.BAM (VVC main)
SPPR704,SPPR704,postcast,FIREBAT.BAM,SPPR704.SPL -> INAREANP.PRO (ability 1 projectile [MISSILE-1]) -> FIREBOLT.PRO (PRO nested 0x21a [index/activation unconfirmed]) -> FIREBAT.BAM (PRO travel [flag-dependent])
SPPR704,SPPR704,postcast,ILLUSH.BAM,SPPR704.SPL -> ILLUSH.VVC (ability 1 opcode 215) -> ILLUSH.BAM (VVC main)
SPPR704,SPPR704,postcast,SPCLKFRI.BAM,SPPR704.SPL -> ICCLKFR2.VVC (ability 1 opcode 215) -> SPCLKFRI.BAM (VVC main)
SPPR705,SPPR705,postcast,FSTORMA.BAM,SPPR705.SPL -> IDPRO92.PRO (ability 9 projectile [MISSILE-1]) -> FSTORMA.BAM (PRO spread [activation not assumed])
SPPR705,SPPR705,postcast,FIREBAT.BAM,SPPR705.SPL -> IDPRO92.PRO (ability 9 projectile [MISSILE-1]) -> FIREBOLT.PRO (PRO nested 0x21a [index/activation unconfirmed]) -> FIREBAT.BAM (PRO travel [flag-dependent])
SPPR705,SPPR705,postcast,FSTORMX.BAM,SPPR705.SPL -> FSTORMX.VVC (ability 9 opcode 215) -> FSTORMX.BAM (VVC main)
SPPR706,SPPR706,postcast,SPGLYPTI.BAM,SPPR706.SPL -> ICEGLYP.PRO (ability 7 projectile [MISSILE-1]) -> SPGLYPTI.BAM (PRO travel [flag-dependent])
SPPR706,SPPR706,postcast,SPSPAINI.BAM,SPPR706.SPL -> ICEGLYP.PRO (ability 7 projectile [MISSILE-1]) -> ICSPAIN.VVC (PRO center [activation not assumed]) -> SPSPAINI.BAM (VVC main)
SPPR706,SPPR706,postcast,FIREBAT.BAM,SPPR706.SPL -> ICEGLYP.PRO (ability 7 projectile [MISSILE-1]) -> FIREBOLT.PRO (PRO nested 0x21a [index/activation unconfirmed]) -> FIREBAT.BAM (PRO travel [flag-dependent])
SPPR706,SPPR706,postcast,CONJUH.BAM,SPPR706.SPL -> CONJUH.VVC (ability 7 opcode 215) -> CONJUH.BAM (VVC main)
SPPR707,SPPR707,postcast,SUNRAYX.BAM,SPPR707.SPL -> IDPRO274.PRO (ability 1 projectile [MISSILE-1]) -> SUNRAYX.VEF (PRO center [activation not assumed]) -> SUNRAY2.VVC (VEF type 1) -> SUNRAYX.BAM (VVC main)
SPPR707,SPPR707,postcast,FIREBAT.BAM,SPPR707.SPL -> IDPRO274.PRO (ability 1 projectile [MISSILE-1]) -> FIREBOLT.PRO (PRO nested 0x21a [index/activation unconfirmed]) -> FIREBAT.BAM (PRO travel [flag-dependent])
SPPR708,SPPR708,postcast,FODEATH.BAM,SPPR708.SPL -> FODEATH.VVC (ability 1 opcode 215) -> FODEATH.BAM (VVC main)
SPPR709,SPPR709,postcast,FIREBAT.BAM,SPPR709.SPL -> IDPRO275.PRO (ability 9 projectile [MISSILE-1]) -> FIREBOLT.PRO (PRO nested 0x21a [index/activation unconfirmed]) -> FIREBAT.BAM (PRO travel [flag-dependent])
SPPR709,SPPR709,postcast,ENCHANX.BAM,SPPR709.SPL -> IDPRO275.PRO (ability 9 projectile [MISSILE-1]) -> #GENENCH.VVC (PRO center [activation not assumed]) -> ENCHANX.BAM (VVC main)
SPPR709,SPPR709,postcast,CONFUSH.BAM,SPPR709.SPL -> CONFUSH.VVC (ability 9 opcode 215) -> CONFUSH.BAM (VVC main)
SPPR710,SPPR710,postcast,FIREBAT.BAM,SPPR710.SPL -> IDPRO340.PRO (ability 1 projectile [MISSILE-1]) -> FIREBOLT.PRO (PRO nested 0x21a [index/activation unconfirmed]) -> FIREBAT.BAM (PRO travel [flag-dependent])
SPPR710,SPPR710,postcast,CONJUH.BAM,SPPR710.SPL -> CONJUH.VVC (ability 1 opcode 215) -> CONJUH.BAM (VVC main)
SPPR711,SPPR711,postcast,REGENERH.BAM,SPPR711.SPL -> REGENERH.VVC (ability 9 opcode 215) -> REGENERH.BAM (VVC main)
SPPR711,SPPR711,postcast,HEALH.BAM,SPPR711.SPL -> HEALH.VVC (ability 9 opcode 215) -> HEALH.BAM (VVC main)
SPPR712,SPPR712,postcast,RESURRH.BAM,SPPR712.SPL -> SPPR712A.SPL (ability 1 opcode 326) -> RESURRH.VVC (ability 1 opcode 215) -> RESURRH.BAM (VVC main)
SPPR713,SPPR713,postcast,GRESTORH.BAM,SPPR713.SPL -> GRESTORH.VVC (ability 1 opcode 215) -> GRESTORH.BAM (VVC main)
SPPR715,SPPR715,postcast,FIREBAT.BAM,SPPR715.SPL -> IDPRO341.PRO (ability 1 projectile [MISSILE-1]) -> FIREBOLT.PRO (PRO nested 0x21a [index/activation unconfirmed]) -> FIREBAT.BAM (PRO travel [flag-dependent])
SPPR715,SPPR715,postcast,CONJUH.BAM,SPPR715.SPL -> CONJUH.VVC (ability 1 opcode 215) -> CONJUH.BAM (VVC main)
SPPR718,SPPR718,postcast,SPGLYPTI.BAM,SPPR718.SPL -> ICEGLYP.PRO (ability 7 projectile [MISSILE-1]) -> SPGLYPTI.BAM (PRO travel [flag-dependent])
SPPR718,SPPR718,postcast,SPSPAINI.BAM,SPPR718.SPL -> ICEGLYP.PRO (ability 7 projectile [MISSILE-1]) -> ICSPAIN.VVC (PRO center [activation not assumed]) -> SPSPAINI.BAM (VVC main)
SPPR718,SPPR718,postcast,FIREBAT.BAM,SPPR718.SPL -> ICEGLYP.PRO (ability 7 projectile [MISSILE-1]) -> FIREBOLT.PRO (PRO nested 0x21a [index/activation unconfirmed]) -> FIREBAT.BAM (PRO travel [flag-dependent])
SPPR718,SPPR718,postcast,CONJUH.BAM,SPPR718.SPL -> CONJUH.VVC (ability 7 opcode 215) -> CONJUH.BAM (VVC main)
SPPR719,SPPR719,postcast,CONJUH.BAM,SPPR719.SPL -> SYMVISU.EFF (ability 1 opcode 177) -> CONJUH.VVC (external effect opcode 215) -> CONJUH.BAM (VVC main)
SPPR719,SPPR719,postcast,SPGLYPTI.BAM,SPPR719.SPL -> ICEGLYP.PRO (ability 1 projectile [MISSILE-1]) -> SPGLYPTI.BAM (PRO travel [flag-dependent])
SPPR719,SPPR719,postcast,SPSPAINI.BAM,SPPR719.SPL -> ICEGLYP.PRO (ability 1 projectile [MISSILE-1]) -> ICSPAIN.VVC (PRO center [activation not assumed]) -> SPSPAINI.BAM (VVC main)
SPPR719,SPPR719,postcast,FIREBAT.BAM,SPPR719.SPL -> ICEGLYP.PRO (ability 1 projectile [MISSILE-1]) -> FIREBOLT.PRO (PRO nested 0x21a [index/activation unconfirmed]) -> FIREBAT.BAM (PRO travel [flag-dependent])
SPPR720,SPPR720,postcast,FIREBAT.BAM,SPPR720.SPL -> IDPRO306.PRO (ability 1 projectile [MISSILE-1]) -> FIREBOLT.PRO (PRO nested 0x21a [index/activation unconfirmed]) -> FIREBAT.BAM (PRO travel [flag-dependent])
SPPR721,SPPR721,postcast,SPENBLD.BAM,SPPR721.SPL -> SPENBLD.PRO (ability 9 projectile [MISSILE-1]) -> SPENBLD.BAM (PRO travel [flag-dependent])
SPPR721,SPPR721,postcast,ENEBLADE.ITM@SUB,SPPR721.SPL -> ENEBLADE.ITM (ability 9 opcode 111 [weapon/item binding; not artwork import])
SPPR721,SPPR721,postcast,CONJUH.BAM,SPPR721.SPL -> CONJUH.VVC (ability 9 opcode 215) -> CONJUH.BAM (VVC main)
SPPR722,SPPR722,postcast,SPSTRMVA.BAM,SPPR722.SPL -> STRMVENG.PRO (ability 1 projectile [MISSILE-1]) -> SPSTRMVA.BAM (PRO travel [flag-dependent])
SPPR722,SPPR722,postcast,FIREBAT.BAM,SPPR722.SPL -> STRMVENG.PRO (ability 1 projectile [MISSILE-1]) -> FIREBOLT.PRO (PRO nested 0x21a [index/activation unconfirmed]) -> FIREBAT.BAM (PRO travel [flag-dependent])
SPPR722,SPPR722,postcast,FODEATH.BAM,SPPR722.SPL -> FODEATH.VVC (ability 1 opcode 215) -> FODEATH.BAM (VVC main)
SPPR725,SPPR725,postcast,SPGLBBLD.BAM,SPPR725.SPL -> SPGLBBLD.VVC (ability 1 opcode 215) -> SPGLBBLD.BAM (VVC main)
SPPR726,SPPR726,postcast,SPSUMP.BAM,SPPR726.SPL -> SPDEVA.EFF (ability 9 opcode 177) -> SPSUMP.VVC (external effect opcode 67 arrival) -> SPSUMP.BAM (VVC main)
SPPR727,SPPR727,postcast,SPSPEV.BAM,SPPR727.SPL -> SPDEVA2.EFF (ability 9 opcode 177) -> SPSPEV.VVC (external effect opcode 67 arrival) -> SPSPEV.BAM (VVC main)
SPPR728,SPPR728,postcast,SPIMPPT.BAM,SPPR728.SPL -> SPIMPPT.BAM (ability 1 opcode 215)
SPPR728,SPPR728,postcast,SPIMPFR.BAM,SPPR728.SPL -> SPIMPFR.VVC (ability 1 opcode 215) -> SPIMPFR.BAM (VVC main)
SPPR729,SPPR729,postcast,RDEADH.BAM,SPPR729.SPL -> SPPR729A.SPL (ability 9 opcode 326) -> RDEADH.VVC (ability 9 opcode 215) -> RDEADH.BAM (VVC main)
SPPR730,SPPR730,postcast,SPAURAFF.BAM,SPPR730.SPL -> SPAURAFF.VVC (ability 9 opcode 215) -> SPAURAFF.BAM (VVC main)
SPPR730,SPPR730,postcast,SPAURAFB.BAM,SPPR730.SPL -> SPAURAFB.VVC (ability 9 opcode 215) -> SPAURAFB.BAM (VVC main)
SPPR731,SPPR731,postcast,DRUFIR.ITM@SUB,SPPR731.SPL -> DRUFIR.ITM (ability 1 opcode 111 [weapon/item binding; not artwork import])
SPPR731,SPPR731,postcast,ALTERH.BAM,SPPR731.SPL -> ALTERH.VVC (ability 1 opcode 215) -> ALTERH.BAM (VVC main)
SPPR732,SPPR732,postcast,DRUEAR.ITM@SUB,SPPR732.SPL -> DRUEAR.ITM (ability 1 opcode 111 [weapon/item binding; not artwork import])
SPPR732,SPPR732,postcast,ALTERH.BAM,SPPR732.SPL -> ALTERH.VVC (ability 1 opcode 215) -> ALTERH.BAM (VVC main)
SPWI101,SPWI101,postcast,GREASEC.BAM,SPWI101.SPL -> SPWI101C.SPL (ability 1 opcode 326) -> GREASEC.VVC (ability 1 opcode 215) -> GREASEC.BAM (VVC main)
SPWI101,SPWI101,postcast,GREASEB.BAM,SPWI101.SPL -> SPWI101B.SPL (ability 1 opcode 326) -> GREASEB.VVC (ability 1 opcode 215) -> GREASEB.BAM (VVC main)
SPWI101,SPWI101,postcast,GREASEX.BAM,SPWI101.SPL -> IDPRO101.PRO (ability 1 projectile [MISSILE-1]) -> GREASEX.BAM (PRO center [activation not assumed])
SPWI101,SPWI101,postcast,GREASEA.BAM,SPWI101.SPL -> IDPRO101.PRO (ability 1 projectile [MISSILE-1]) -> GREASEA.BAM (PRO spread [activation not assumed])
SPWI101,SPWI101,postcast,FIREBAT.BAM,SPWI101.SPL -> IDPRO101.PRO (ability 1 projectile [MISSILE-1]) -> FIREBOLT.PRO (PRO nested 0x21a [index/activation unconfirmed]) -> FIREBAT.BAM (PRO travel [flag-dependent])
SPWI102,SPWI102,postcast,ARMORH.BAM,SPWI102.SPL -> ARMORH.VVC (ability 1 opcode 215) -> ARMORH.BAM (VVC main)
SPWI103,SPWI103,postcast,SPBHANDI.BAM,SPWI103.SPL -> BURNHAND.PRO (ability 9 projectile [MISSILE-1]) -> SPBHANDI.BAM (PRO ring [activation not assumed])
SPWI103,SPWI103,postcast,FIREBAT.BAM,SPWI103.SPL -> BURNHAND.PRO (ability 9 projectile [MISSILE-1]) -> FIREBOLT.PRO (PRO nested 0x21a [index/activation unconfirmed]) -> FIREBAT.BAM (PRO travel [flag-dependent])
SPWI104,SPWI104,postcast,ENCHAH.BAM,SPWI104.SPL -> ENCHAH.VVC (ability 1 opcode 215) -> ENCHAH.BAM (VVC main)
SPWI105,SPWI105,postcast,FIREBAT.BAM,SPWI105.SPL -> CSPRAY.PRO (ability 9 projectile [MISSILE-1]) -> FIREBOLT.PRO (PRO nested 0x21a [index/activation unconfirmed]) -> FIREBAT.BAM (PRO travel [flag-dependent])
SPWI105,SPWI105,postcast,ALTERH.BAM,SPWI105.SPL -> ALTERH.VVC (ability 9 opcode 215) -> ALTERH.BAM (VVC main)
SPWI106,SPWI226,postcast,ILLUSH.BAM,SPWI226.SPL -> ILLUSH.VVC (ability 1 opcode 215) -> ILLUSH.BAM (VVC main)
SPWI107,SPWI107,postcast,ENCHAH.BAM,SPWI107.SPL -> ENCHAH.VVC (ability 9 opcode 215) -> ENCHAH.BAM (VVC main)
SPWI108,SPWI227,postcast,ABJURH.BAM,SPWI227.SPL -> ABJURH.VVC (ability 9 opcode 215) -> ABJURH.BAM (VVC main)
SPWI111,SPWI111,postcast,DIVINH.BAM,SPWI111.SPL -> DIVINH.VVC (ability 1 opcode 215) -> DIVINH.BAM (VVC main)
SPWI112,SPWI112,postcast,INVOCH.BAM,SPWI112.SPL -> INVOCH.VVC (ability 5 opcode 215) -> INVOCH.BAM (VVC main)
SPWI113,SPWI113,postcast,ABJURH.BAM,SPWI113.SPL -> ABJURH.VVC (ability 9 opcode 215) -> ABJURH.BAM (VVC main)
SPWI114,SPWI114,postcast,INVOCH.BAM,SPWI114.SPL -> INVOCH.VVC (ability 9 opcode 215) -> INVOCH.BAM (VVC main)
SPWI116,SPWI116,postcast,TRAVEL.BAM,SPWI116.SPL -> SLEEP.PRO (ability 9 projectile [MISSILE-1]) -> SPARKLPU.PRO (PRO nested 0x21a [index/activation unconfirmed]) -> TRAVEL.BAM (PRO travel [flag-dependent])
SPWI116,SPWI116,postcast,AREA3X.BAM,SPWI116.SPL -> SLEEP.PRO (ability 9 projectile [MISSILE-1]) -> AREA3X.VVC (PRO center [activation not assumed]) -> AREA3X.BAM (VVC main)
SPWI116,SPWI116,postcast,ENCHAH.BAM,SPWI116.SPL -> ENCHAH.VVC (ability 9 opcode 215) -> ENCHAH.BAM (VVC main)
SPWI117,SPWI117,postcast,NECROH.BAM,SPWI117.SPL -> NECROH.VVC (ability 9 opcode 215) -> NECROH.BAM (VVC main)
SPWI117,SPWI117,postcast,CTOUCH.ITM@SUB,SPWI117.SPL -> CTOUCH.ITM (ability 9 opcode 111 [weapon/item binding; not artwork import])
SPWI118,SPWI118,postcast,INVOCH.BAM,SPWI118.SPL -> INVOCH.VVC (ability 6 opcode 215) -> INVOCH.BAM (VVC main)
SPWI118,SPWI118,postcast,SPCHRORB.BAM,SPWI118.SPL -> CHROMORB.PRO (ability 6 projectile [MISSILE-1]) -> SPCHRORB.BAM (PRO shadow)
SPWI118,SPWI118,postcast,CORBT.BAM,SPWI118.SPL -> CHROMORB.PRO (ability 6 projectile [MISSILE-1]) -> CORBT.BAM (PRO travel [flag-dependent])
SPWI119,SPWI119,postcast,NECROH.BAM,SPWI119.SPL -> SPWI119A.SPL (ability 1 opcode 146) -> NECROH.VVC (ability 1 opcode 215) -> NECROH.BAM (VVC main)
SPWI119,SPWI119,postcast,NECROT.BAM,SPWI119.SPL -> IDPRO230.PRO (ability 1 projectile [MISSILE-1]) -> NECROT.BAM (PRO travel [flag-dependent])
SPWI120,SPWI120,postcast,ILLUSH.BAM,SPWI120.SPL -> ILLUSH.VVC (ability 9 opcode 215) -> ILLUSH.BAM (VVC main)
SPWI125,SPWI125,postcast,ILLUSH.BAM,SPWI125.SPL -> ILLUSH.VVC (ability 7 opcode 215) -> ILLUSH.BAM (VVC main)
SPWI125,SPWI125,postcast,ILLUST.BAM,SPWI125.SPL -> IDPRO233.PRO (ability 7 projectile [MISSILE-1]) -> ILLUST.BAM (PRO travel [flag-dependent])
SPWI202,SPWI202,postcast,FIREBAT.BAM,SPWI202.SPL -> IDPRO239.PRO (ability 1 projectile [MISSILE-1]) -> FIREBOLT.PRO (PRO nested 0x21a [index/activation unconfirmed]) -> FIREBAT.BAM (PRO travel [flag-dependent])
SPWI202,SPWI202,postcast,AREA2X.BAM,SPWI202.SPL -> IDPRO239.PRO (ability 1 projectile [MISSILE-1]) -> #GENDIVI.VVC (PRO center [activation not assumed]) -> AREA2X.BAM (VVC main)
SPWI202,SPWI202,postcast,DIVINH.BAM,SPWI202.SPL -> DIVINH.VVC (ability 1 opcode 215) -> DIVINH.BAM (VVC main)
SPWI203,SPWI203,postcast,FIREBAT.BAM,SPWI203.SPL -> IDPRO240.PRO (ability 1 projectile [MISSILE-1]) -> FIREBOLT.PRO (PRO nested 0x21a [index/activation unconfirmed]) -> FIREBAT.BAM (PRO travel [flag-dependent])
SPWI203,SPWI203,postcast,AREA2X.BAM,SPWI203.SPL -> IDPRO240.PRO (ability 1 projectile [MISSILE-1]) -> #GENDIVI.VVC (PRO center [activation not assumed]) -> AREA2X.BAM (VVC main)
SPWI203,SPWI203,postcast,DIVINH.BAM,SPWI203.SPL -> DIVINH.VVC (ability 1 opcode 215) -> DIVINH.BAM (VVC main)
SPWI205,SPWI205,postcast,NECROH.BAM,SPWI205.SPL -> NECROH.VVC (ability 1 opcode 215) -> NECROH.BAM (VVC main)
SPWI205,SPWI205,postcast,FIREBAT.BAM,SPWI205.SPL -> IDPRO241.PRO (ability 1 projectile [MISSILE-1]) -> FIREBOLT.PRO (PRO nested 0x21a [index/activation unconfirmed]) -> FIREBAT.BAM (PRO travel [flag-dependent])
SPWI205,SPWI205,postcast,AREA4X.BAM,SPWI205.SPL -> IDPRO241.PRO (ability 1 projectile [MISSILE-1]) -> #GRNRING.VVC (PRO center [activation not assumed]) -> AREA4X.BAM (VVC main)
SPWI206,SPWI206,postcast,ILLUSH.BAM,SPWI206.SPL -> ILLUSH.VVC (ability 1 opcode 215) -> ILLUSH.BAM (VVC main)
SPWI207,SPWI207,postcast,ALTERH.BAM,SPWI207.SPL -> ALTERH.VVC (ability 1 opcode 215) -> ALTERH.BAM (VVC main)
SPWI208,SPWI208,postcast,DIVINH.BAM,SPWI208.SPL -> DIVINH.VVC (ability 1 opcode 215) -> DIVINH.BAM (VVC main)
SPWI209,SPWI209,postcast,ENCHAT.BAM,SPWI209.SPL -> IDPRO232.PRO (ability 1 projectile [MISSILE-1]) -> ENCHAT.BAM (PRO travel [flag-dependent])
SPWI209,SPWI209,postcast,ENCHAH.BAM,SPWI209.SPL -> ENCHAH.VVC (ability 1 opcode 215) -> ENCHAH.BAM (VVC main)
SPWI210,SPWI210,postcast,FIREBAT.BAM,SPWI210.SPL -> IDPRO242.PRO (ability 1 projectile [MISSILE-1]) -> FIREBOLT.PRO (PRO nested 0x21a [index/activation unconfirmed]) -> FIREBAT.BAM (PRO travel [flag-dependent])
SPWI210,SPWI210,postcast,ABJURAX.BAM,SPWI210.SPL -> IDPRO242.PRO (ability 1 projectile [MISSILE-1]) -> #GENABJU.VVC (PRO center [activation not assumed]) -> ABJURAX.BAM (VVC main)
SPWI210,SPWI210,postcast,ABJURH.BAM,SPWI210.SPL -> ABJURH.VVC (ability 1 opcode 215) -> ABJURH.BAM (VVC main)
SPWI211,SPWI211,postcast,SPFLMARR.BAM,SPWI211.SPL -> ARROWFLG.PRO (ability 9 projectile [MISSILE-1]) -> SPFLMARR.BAM (PRO travel [flag-dependent])
SPWI212,SPWI212,postcast,ILLUSH.BAM,SPWI212.SPL -> ILLUSH.VVC (ability 9 opcode 215) -> ILLUSH.BAM (VVC main)
SPWI213,SPWI213,postcast,SCLOUDX.BAM,SPWI213.SPL -> IDPRO95.PRO (ability 1 projectile [MISSILE-1]) -> SCLOUDX.BAM (PRO center [activation not assumed])
SPWI213,SPWI213,postcast,SCLOUDR.BAM,SPWI213.SPL -> IDPRO95.PRO (ability 1 projectile [MISSILE-1]) -> SCLOUDR.BAM (PRO ring [activation not assumed])
SPWI213,SPWI213,postcast,SCLOUDA.BAM,SPWI213.SPL -> IDPRO95.PRO (ability 1 projectile [MISSILE-1]) -> SCLOUDA.BAM (PRO spread [activation not assumed])
SPWI213,SPWI213,postcast,ARARROW.BAM,SPWI213.SPL -> IDPRO95.PRO (ability 1 projectile [MISSILE-1]) -> ARROW.PRO (PRO nested 0x21a [index/activation unconfirmed]) -> ARARROW.BAM (PRO travel [flag-dependent])
SPWI214,SPWI214,postcast,STRENGH.BAM,SPWI214.SPL -> STRENGH.VVC (ability 9 opcode 215) -> STRENGH.BAM (VVC main)
SPWI215,SPWI215,postcast,WEBC.BAM,SPWI215.SPL -> WEBC.VVC (ability 1 opcode 157) -> WEBC.BAM (VVC main)
SPWI215,SPWI215,postcast,WEBX.BAM,SPWI215.SPL -> WEB.PRO (ability 1 projectile [MISSILE-1]) -> WEBX.BAM (PRO center [activation not assumed])
SPWI215,SPWI215,postcast,WEBA.BAM,SPWI215.SPL -> WEB.PRO (ability 1 projectile [MISSILE-1]) -> WEBA.BAM (PRO spread [activation not assumed])
SPWI215,SPWI215,postcast,SPBEHBLA.BAM,SPWI215.SPL -> WEB.PRO (ability 1 projectile [MISSILE-1]) -> CDBEHBLA.PRO (PRO nested 0x21a [index/activation unconfirmed]) -> SPBEHBLA.BAM (PRO travel [flag-dependent])
SPWI217,SPWI217,postcast,ASCORCT.BAM,SPWI217.SPL -> IDPRO109.PRO (ability 1 projectile [MISSILE-1]) -> ASCORCT.BAM (PRO travel [flag-dependent])
SPWI218,SPWI218,postcast,NECROH.BAM,SPWI218.SPL -> NECROH.VVC (ability 1 opcode 215) -> NECROH.BAM (VVC main)
SPWI218,SPWI218,postcast,GHOULT.ITM@SUB,SPWI218.SPL -> GHOULT.ITM (ability 1 opcode 111 [weapon/item binding; not artwork import])
SPWI219,SPWI219,postcast,ALTERH.BAM,SPWI219.SPL -> ALTERH.VVC (ability 1 opcode 215) -> ALTERH.BAM (VVC main)
SPWI220,SPWI220,postcast,MTOUCHH.BAM,SPWI220.SPL -> MTOUCHH.VVC (ability 1 opcode 215) -> MTOUCHH.BAM (VVC main)
SPWI221,SPWI221,postcast,CONJUT.BAM,SPWI221.SPL -> IDPRO231.PRO (ability 9 projectile [MISSILE-1]) -> CONJUT.BAM (PRO travel [flag-dependent])
SPWI221,SPWI221,postcast,ENCHAH.BAM,SPWI221.SPL -> ENCHAH.VVC (ability 9 opcode 215) -> ENCHAH.BAM (VVC main)
SPWI222,SPWI222,postcast,TRAVEL.BAM,SPWI222.SPL -> SPARKLPU.PRO (ability 7 projectile [MISSILE-1]) -> TRAVEL.BAM (PRO travel [flag-dependent])
SPWI222,SPWI222,postcast,CSHIELDH.BAM,SPWI222.SPL -> CSHIELDH.VVC (ability 7 opcode 215) -> CSHIELDH.BAM (VVC main)
SPWI223,SPWI223,postcast,ILLUSH.BAM,SPWI223.SPL -> ILLUSH.VVC (ability 1 opcode 215) -> ILLUSH.BAM (VVC main)
SPWI224,SPWI224,postcast,GLDUSTA.BAM,SPWI224.SPL -> GLDUSTH.VVC (ability 1 opcode 215) -> GLDUSTA.BAM (VVC main)
SPWI224,SPWI224,postcast,ARARROW.BAM,SPWI224.SPL -> GLDUST.PRO (ability 1 projectile [MISSILE-1]) -> ARROW.PRO (PRO nested 0x21a [index/activation unconfirmed]) -> ARARROW.BAM (PRO travel [flag-dependent])
SPWI301,SPWI301,postcast,DIVINH.BAM,SPWI301.SPL -> DIVINH.VVC (ability 1 opcode 215) -> DIVINH.BAM (VVC main)
SPWI302,SPWI302,postcast,SMCUDGE.ITM@SUB,SPWI302.SPL -> SMCUDGE.ITM (ability 1 opcode 112 [weapon/item binding; not artwork import])
SPWI302,SPWI302,postcast,SHILLEL.ITM@SUB,SPWI302.SPL -> SHILLEL.ITM (ability 1 opcode 112 [weapon/item binding; not artwork import])
SPWI302,SPWI302,postcast,SHAMME3.ITM@SUB,SPWI302.SPL -> SHAMME3.ITM (ability 1 opcode 112 [weapon/item binding; not artwork import])
SPWI302,SPWI302,postcast,SHAMME2.ITM@SUB,SPWI302.SPL -> SHAMME2.ITM (ability 1 opcode 112 [weapon/item binding; not artwork import])
SPWI302,SPWI302,postcast,SHAMME1.ITM@SUB,SPWI302.SPL -> SHAMME1.ITM (ability 1 opcode 112 [weapon/item binding; not artwork import])
SPWI302,SPWI302,postcast,FIREBAT.BAM,SPWI302.SPL -> RMAGIC.PRO (ability 1 projectile [MISSILE-1]) -> FIREBOLT.PRO (PRO nested 0x21a [index/activation unconfirmed]) -> FIREBAT.BAM (PRO travel [flag-dependent])
SPWI302,SPWI302,postcast,ABJURAX.BAM,SPWI302.SPL -> RMAGIC.PRO (ability 1 projectile [MISSILE-1]) -> #GENABJU.VVC (PRO center [activation not assumed]) -> ABJURAX.BAM (VVC main)
SPWI302,SPWI302,postcast,MSWORD.ITM@SUB,SPWI302.SPL -> MSWORD.ITM (ability 1 opcode 112 [weapon/item binding; not artwork import])
SPWI302,SPWI302,postcast,MOONBLA.ITM@SUB,SPWI302.SPL -> MOONBLA.ITM (ability 1 opcode 112 [weapon/item binding; not artwork import])
SPWI302,SPWI302,postcast,LTOUCH.ITM@SUB,SPWI302.SPL -> LTOUCH.ITM (ability 1 opcode 112 [weapon/item binding; not artwork import])
SPWI302,SPWI302,postcast,DOBONE.ITM@SUB,SPWI302.SPL -> DOBONE.ITM (ability 1 opcode 112 [weapon/item binding; not artwork import])
SPWI302,SPWI302,postcast,DECASTA.ITM@SUB,SPWI302.SPL -> DECASTA.ITM (ability 1 opcode 112 [weapon/item binding; not artwork import])
SPWI302,SPWI302,postcast,CTOUCH.ITM@SUB,SPWI302.SPL -> CTOUCH.ITM (ability 1 opcode 112 [weapon/item binding; not artwork import])
SPWI302,SPWI302,postcast,BCLAW.ITM@SUB,SPWI302.SPL -> BCLAW.ITM (ability 1 opcode 112 [weapon/item binding; not artwork import])
SPWI302,SPWI302,postcast,ABJURH.BAM,SPWI302.SPL -> ABJURH.VVC (ability 1 opcode 215) -> ABJURH.BAM (VVC main)
SPWI303,SPWI303,postcast,SPFLMARR.BAM,SPWI303.SPL -> #IDFLMAR.PRO (ability 6 projectile [MISSILE-1]) -> SPFLMARR.BAM (PRO travel [flag-dependent])
SPWI304,SPWI304,postcast,FIREBAT.BAM,SPWI304.SPL -> FIREBALL.PRO (ability 6 projectile [MISSILE-1]) -> FIREBOLT.PRO (PRO nested 0x21a [index/activation unconfirmed]) -> FIREBAT.BAM (PRO travel [flag-dependent])
SPWI304,SPWI304,postcast,FIREBAX.BAM,SPWI304.SPL -> FIREBALL.PRO (ability 6 projectile [MISSILE-1]) -> FIREBAX.BAM (PRO center [activation not assumed])
SPWI304,SPWI304,postcast,FIREBAR.BAM,SPWI304.SPL -> FIREBALL.PRO (ability 6 projectile [MISSILE-1]) -> FIREBAR.BAM (PRO ring [activation not assumed])
SPWI304,SPWI304,postcast,FIREBAA.BAM,SPWI304.SPL -> FIREBALL.PRO (ability 6 projectile [MISSILE-1]) -> FIREBAA.BAM (PRO spread [activation not assumed])
SPWI305,SPWI305,postcast,FIREBAT.BAM,SPWI305.SPL -> IDPRO247.PRO (ability 9 projectile [MISSILE-1]) -> FIREBOLT.PRO (PRO nested 0x21a [index/activation unconfirmed]) -> FIREBAT.BAM (PRO travel [flag-dependent])
SPWI305,SPWI305,postcast,ALTERAX.BAM,SPWI305.SPL -> IDPRO247.PRO (ability 9 projectile [MISSILE-1]) -> #GENALTE.VVC (PRO center [activation not assumed]) -> ALTERAX.BAM (VVC main)
SPWI305,SPWI305,postcast,ALTERH.BAM,SPWI305.SPL -> ALTERH.VVC (ability 9 opcode 215) -> ALTERH.BAM (VVC main)
SPWI306,SPWI306,postcast,PARALH.BAM,SPWI306.SPL -> PARALH.VVC (ability 9 opcode 215) -> PARALH.BAM (VVC main)
SPWI306,SPWI306,postcast,FIREBAT.BAM,SPWI306.SPL -> HOLD.PRO (ability 9 projectile [MISSILE-1]) -> FIREBOLT.PRO (PRO nested 0x21a [index/activation unconfirmed]) -> FIREBAT.BAM (PRO travel [flag-dependent])
SPWI306,SPWI306,postcast,ENCHANX.BAM,SPWI306.SPL -> HOLD.PRO (ability 9 projectile [MISSILE-1]) -> #GENENCH.VVC (PRO center [activation not assumed]) -> ENCHANX.BAM (VVC main)
SPWI307,SPWI307,postcast,FIREBAT.BAM,SPWI307.SPL -> INVIS10.PRO (ability 1 projectile [MISSILE-1]) -> FIREBOLT.PRO (PRO nested 0x21a [index/activation unconfirmed]) -> FIREBAT.BAM (PRO travel [flag-dependent])
SPWI307,SPWI307,postcast,AREA3X.BAM,SPWI307.SPL -> INVIS10.PRO (ability 1 projectile [MISSILE-1]) -> #GENILLU.VVC (PRO center [activation not assumed]) -> AREA3X.BAM (VVC main)
SPWI307,SPWI307,postcast,ILLUSH.BAM,SPWI307.SPL -> ILLUSH.VVC (ability 1 opcode 215) -> ILLUSH.BAM (VVC main)
SPWI308,SPWI308,postcast,LIGHTNT.BAM,SPWI308.SPL -> IDPRO40.PRO (ability 6 projectile [MISSILE-1]) -> LIGHTNT.BAM (PRO travel [flag-dependent])
SPWI310,SPWI310,postcast,ABJURH.BAM,SPWI310.SPL -> ABJURH.VVC (ability 9 opcode 215) -> ABJURH.BAM (VVC main)
SPWI311,SPWI311,postcast,PFNMISC.BAM,SPWI311.SPL -> #PRONM.VVC (ability 9 opcode 156) -> PFNMISC.BAM (VVC main)
SPWI312,SPWI312,postcast,FIREBAT.BAM,SPWI312.SPL -> IDPRO248.PRO (ability 9 projectile [MISSILE-1]) -> FIREBOLT.PRO (PRO nested 0x21a [index/activation unconfirmed]) -> FIREBAT.BAM (PRO travel [flag-dependent])
SPWI312,SPWI312,postcast,ALTERAX.BAM,SPWI312.SPL -> IDPRO248.PRO (ability 9 projectile [MISSILE-1]) -> #GENALTE.VVC (PRO center [activation not assumed]) -> ALTERAX.BAM (VVC main)
SPWI312,SPWI312,postcast,ALTERH.BAM,SPWI312.SPL -> ALTERH.VVC (ability 9 opcode 215) -> ALTERH.BAM (VVC main)
SPWI313,SPWI313,postcast,NECROH.BAM,SPWI313.SPL -> NECROH.VVC (ability 9 opcode 215) -> NECROH.BAM (VVC main)
SPWI313,SPWI313,postcast,SKLT.BAM,SPWI313.SPL -> IDPRO96.PRO (ability 9 projectile [MISSILE-1]) -> SKLT.BAM (PRO travel [flag-dependent])
SPWI313,SPWI313,postcast,SHSKULL.BAM,SPWI313.SPL -> IDPRO96.PRO (ability 9 projectile [MISSILE-1]) -> SHSKULL.BAM (PRO shadow)
SPWI313,SPWI313,postcast,FIREBAT.BAM,SPWI313.SPL -> IDPRO96.PRO (ability 9 projectile [MISSILE-1]) -> FIREBOLT.PRO (PRO nested 0x21a [index/activation unconfirmed]) -> FIREBAT.BAM (PRO travel [flag-dependent])
SPWI314,SPWI314,postcast,NECROH.BAM,SPWI314.SPL -> SPWI314A.SPL (ability 5 opcode 146) -> NECROH.VVC (ability 5 opcode 215) -> NECROH.BAM (VVC main)
SPWI316,SPWI316,postcast,ENCHAH.BAM,SPWI316.SPL -> ENCHAH.VVC (ability 1 opcode 215) -> ENCHAH.BAM (VVC main)
SPWI317,SPWI317,postcast,GARMORH.BAM,SPWI317.SPL -> GARMORH.VVC (ability 9 opcode 215) -> GARMORH.BAM (VVC main)
SPWI318,SPWI318,postcast,ABJURH.BAM,SPWI318.SPL -> ABJURH.VVC (ability 9 opcode 215) -> ABJURH.BAM (VVC main)
SPWI319,SPWI319,postcast,ABJURH.BAM,SPWI319.SPL -> ABJURH.VVC (ability 9 opcode 215) -> ABJURH.BAM (VVC main)
SPWI320,SPWI320,postcast,ABJURH.BAM,SPWI320.SPL -> ABJURH.VVC (ability 9 opcode 215) -> ABJURH.BAM (VVC main)
SPWI321,SPWI321,postcast,ABJURT.BAM,SPWI321.SPL -> IDPRO227.PRO (ability 1 projectile [MISSILE-1]) -> ABJURT.BAM (PRO travel [flag-dependent])
SPWI321,SPWI321,postcast,ABJURH.BAM,SPWI321.SPL -> ABJURH.VVC (ability 1 opcode 215) -> ABJURH.BAM (VVC main)
SPWI322,SPWI322,postcast,ARARROW.BAM,SPWI322.SPL -> OHVRNP.PRO (ability 1 projectile [MISSILE-1]) -> ARROW.PRO (PRO nested 0x21a [index/activation unconfirmed]) -> ARARROW.BAM (PRO travel [flag-dependent])
SPWI322,SPWI322,postcast,DIVINH.BAM,SPWI322.SPL -> DIVINH.VVC (ability 1 opcode 215) -> DIVINH.BAM (VVC main)
SPWI322,SPWI322,postcast,AREA2X.BAM,SPWI322.SPL -> #GENDIVI.VVC (ability 1 opcode 215) -> AREA2X.BAM (VVC main)
SPWI324,SPWI324,postcast,PARALH.BAM,SPWI324.SPL -> PARALH.VVC (ability 9 opcode 215) -> PARALH.BAM (VVC main)
SPWI324,SPWI324,postcast,FIREBAT.BAM,SPWI324.SPL -> HOLDNECR.PRO (ability 9 projectile [MISSILE-1]) -> FIREBOLT.PRO (PRO nested 0x21a [index/activation unconfirmed]) -> FIREBAT.BAM (PRO travel [flag-dependent])
SPWI324,SPWI324,postcast,ENCHANX.BAM,SPWI324.SPL -> HOLDNECR.PRO (ability 9 projectile [MISSILE-1]) -> #GENENCH.VVC (PRO center [activation not assumed]) -> ENCHANX.BAM (VVC main)
SPWI325,SPWI325,postcast,MELFMET.ITM@SUB,SPWI325.SPL -> MELFMET.ITM (ability 9 opcode 111 [weapon/item binding; not artwork import])
SPWI325,SPWI325,postcast,ALTERH.BAM,SPWI325.SPL -> ALTERH.VVC (ability 9 opcode 215) -> ALTERH.BAM (VVC main)
SPWI326,SPWI323,postcast,SMCUDGE.ITM@SUB,SPWI323.SPL -> SMCUDGE.ITM (ability 1 opcode 112 [weapon/item binding; not artwork import])
SPWI326,SPWI323,postcast,SHILLEL.ITM@SUB,SPWI323.SPL -> SHILLEL.ITM (ability 1 opcode 112 [weapon/item binding; not artwork import])
SPWI326,SPWI323,postcast,SHAMME3.ITM@SUB,SPWI323.SPL -> SHAMME3.ITM (ability 1 opcode 112 [weapon/item binding; not artwork import])
SPWI326,SPWI323,postcast,SHAMME2.ITM@SUB,SPWI323.SPL -> SHAMME2.ITM (ability 1 opcode 112 [weapon/item binding; not artwork import])
SPWI326,SPWI323,postcast,SHAMME1.ITM@SUB,SPWI323.SPL -> SHAMME1.ITM (ability 1 opcode 112 [weapon/item binding; not artwork import])
SPWI326,SPWI323,postcast,MSWORD.ITM@SUB,SPWI323.SPL -> MSWORD.ITM (ability 1 opcode 112 [weapon/item binding; not artwork import])
SPWI326,SPWI323,postcast,MOONBLA.ITM@SUB,SPWI323.SPL -> MOONBLA.ITM (ability 1 opcode 112 [weapon/item binding; not artwork import])
SPWI326,SPWI323,postcast,LTOUCH.ITM@SUB,SPWI323.SPL -> LTOUCH.ITM (ability 1 opcode 112 [weapon/item binding; not artwork import])
SPWI326,SPWI323,postcast,FIREBAT.BAM,SPWI323.SPL -> IDPRO246.PRO (ability 1 projectile [MISSILE-1]) -> FIREBOLT.PRO (PRO nested 0x21a [index/activation unconfirmed]) -> FIREBAT.BAM (PRO travel [flag-dependent])
SPWI326,SPWI323,postcast,ABJURAX.BAM,SPWI323.SPL -> IDPRO246.PRO (ability 1 projectile [MISSILE-1]) -> #GENABJU.VVC (PRO center [activation not assumed]) -> ABJURAX.BAM (VVC main)
SPWI326,SPWI323,postcast,DOBONE.ITM@SUB,SPWI323.SPL -> DOBONE.ITM (ability 1 opcode 112 [weapon/item binding; not artwork import])
SPWI326,SPWI323,postcast,DECASTA.ITM@SUB,SPWI323.SPL -> DECASTA.ITM (ability 1 opcode 112 [weapon/item binding; not artwork import])
SPWI326,SPWI323,postcast,CTOUCH.ITM@SUB,SPWI323.SPL -> CTOUCH.ITM (ability 1 opcode 112 [weapon/item binding; not artwork import])
SPWI326,SPWI323,postcast,BCLAW.ITM@SUB,SPWI323.SPL -> BCLAW.ITM (ability 1 opcode 112 [weapon/item binding; not artwork import])
SPWI326,SPWI323,postcast,ABJURH.BAM,SPWI323.SPL -> ABJURH.VVC (ability 1 opcode 215) -> ABJURH.BAM (VVC main)
SPWI401,SPWI401,postcast,FIREBAT.BAM,SPWI401.SPL -> IDPRO254.PRO (ability 9 projectile [MISSILE-1]) -> FIREBOLT.PRO (PRO nested 0x21a [index/activation unconfirmed]) -> FIREBAT.BAM (PRO travel [flag-dependent])
SPWI401,SPWI401,postcast,ENCHANX.BAM,SPWI401.SPL -> IDPRO254.PRO (ability 9 projectile [MISSILE-1]) -> #GENENCH.VVC (PRO center [activation not assumed]) -> ENCHANX.BAM (VVC main)
SPWI401,SPWI401,postcast,CONFUSH.BAM,SPWI401.SPL -> CONFUSH.VVC (ability 9 opcode 215) -> CONFUSH.BAM (VVC main)
SPWI402,SPWI402,postcast,DDOORH.BAM,SPWI402.SPL -> DDOORH.VVC (ability 1 opcode 215) -> DDOORH.BAM (VVC main)
SPWI403,SPWI403,postcast,SPFIRESB.BAM,SPWI403.SPL -> SPFIRESB.VVC (ability 9 opcode 215) -> SPFIRESB.BAM (VVC main)
SPWI404,SPWI404,postcast,ISTORMX.BAM,SPWI404.SPL -> IDPRO98.PRO (ability 1 projectile [MISSILE-1]) -> ISTORMX.BAM (PRO center [activation not assumed])
SPWI404,SPWI404,postcast,ISTORMA.BAM,SPWI404.SPL -> IDPRO98.PRO (ability 1 projectile [MISSILE-1]) -> ISTORMA.BAM (PRO spread [activation not assumed])
SPWI404,SPWI404,postcast,FIREBAT.BAM,SPWI404.SPL -> IDPRO98.PRO (ability 1 projectile [MISSILE-1]) -> FIREBOLT.PRO (PRO nested 0x21a [index/activation unconfirmed]) -> FIREBAT.BAM (PRO travel [flag-dependent])
SPWI405,SPWI405,postcast,ILLUSH.BAM,SPWI405.SPL -> ILLUSH.VVC (ability 9 opcode 215) -> ILLUSH.BAM (VVC main)
SPWI406,SPWI406,postcast,MGOINVC.BAM,SPWI406.SPL -> MGOINVC.VVC (ability 9 opcode 155) -> MGOINVC.BAM (VVC main)
SPWI408,SPWI408,postcast,ALTERH.BAM,SPWI408.SPL -> ALTERH.VVC (ability 9 opcode 215) -> ALTERH.BAM (VVC main)
SPWI409,SPWI409,postcast,NECROH.BAM,SPWI409.SPL -> NECROH.VVC (ability 1 opcode 215) -> NECROH.BAM (VVC main)
SPWI410,SPWI410,postcast,ABJURH.BAM,SPWI410.SPL -> ABJURH.VVC (ability 1 opcode 215) -> ABJURH.BAM (VVC main)
SPWI411,SPWI411,postcast,PARALH.BAM,SPWI411.SPL -> PARALH.VVC (ability 1 opcode 215) -> PARALH.BAM (VVC main)
SPWI411,SPWI411,postcast,FIREBAT.BAM,SPWI411.SPL -> IDPRO255.PRO (ability 1 projectile [MISSILE-1]) -> FIREBOLT.PRO (PRO nested 0x21a [index/activation unconfirmed]) -> FIREBAT.BAM (PRO travel [flag-dependent])
SPWI411,SPWI411,postcast,ENCHANX.BAM,SPWI411.SPL -> IDPRO255.PRO (ability 1 projectile [MISSILE-1]) -> #GENENCH.VVC (PRO center [activation not assumed]) -> ENCHANX.BAM (VVC main)
SPWI412,SPWI412,postcast,FIREBAT.BAM,SPWI412.SPL -> IDPRO256.PRO (ability 9 projectile [MISSILE-1]) -> FIREBOLT.PRO (PRO nested 0x21a [index/activation unconfirmed]) -> FIREBAT.BAM (PRO travel [flag-dependent])
SPWI412,SPWI412,postcast,ENCHANX.BAM,SPWI412.SPL -> IDPRO256.PRO (ability 9 projectile [MISSILE-1]) -> #GENENCH.VVC (PRO center [activation not assumed]) -> ENCHANX.BAM (VVC main)
SPWI412,SPWI412,postcast,ENCHAH.BAM,SPWI412.SPL -> ENCHAH.VVC (ability 9 opcode 215) -> ENCHAH.BAM (VVC main)
SPWI413,SPWI413,postcast,ORSPHEC.BAM,SPWI413.SPL -> SPWI413A.SPL (ability 1 opcode 326) -> #OTILUKE.VVC (ability 1 opcode 215) -> ORSPHEC.BAM (VVC main)
SPWI414,SPWI414,postcast,SARMORH.BAM,SPWI414.SPL -> SARMORH.VVC (ability 1 opcode 215) -> SARMORH.BAM (VVC main)
SPWI415,SPWI415,postcast,SQUIRP.ITM@SUB,SPWI415.SPL -> SQUIRP.ITM (ability 1 opcode 111 [weapon/item binding; not artwork import])
SPWI415,SPWI415,postcast,ALTERT.BAM,SPWI415.SPL -> IDPRO228.PRO (ability 1 projectile [MISSILE-1]) -> ALTERT.BAM (PRO travel [flag-dependent])
SPWI415,SPWI415,postcast,ALTERH.BAM,SPWI415.SPL -> ALTERH.VVC (ability 1 opcode 215) -> ALTERH.BAM (VVC main)
SPWI416,SPWI416,postcast,B1-6.ITM@SUB,SPWI416.SPL -> SPWI489.SPL (ability 9 opcode 146) -> B1-6.ITM (ability 1 opcode 111 [weapon/item binding; not artwork import])
SPWI416,SPWI416,postcast,ALTERH.BAM,SPWI416.SPL -> SPWI489.SPL (ability 9 opcode 146) -> ALTERH.VVC (ability 1 opcode 215) -> ALTERH.BAM (VVC main)
SPWI416,SPWI416,postcast,TRAVEL.BAM,SPWI416.SPL -> SPARKLBL.PRO (ability 9 projectile [MISSILE-1]) -> TRAVEL.BAM (PRO travel [flag-dependent])
SPWI417,SPWI417,postcast,ENCHAH.BAM,SPWI417.SPL -> ENCHAH.VVC (ability 9 opcode 215) -> ENCHAH.BAM (VVC main)
SPWI418,SPWI418,postcast,SPFIRESR.BAM,SPWI418.SPL -> SPFIREST.VVC (ability 9 opcode 215) -> SPFIRESR.BAM (VVC main)
SPWI419,SPWI419,postcast,ABJURT.BAM,SPWI419.SPL -> IDPRO227.PRO (ability 1 projectile [MISSILE-1]) -> ABJURT.BAM (PRO travel [flag-dependent])
SPWI419,SPWI419,postcast,ABJURH.BAM,SPWI419.SPL -> ABJURH.VVC (ability 1 opcode 215) -> ABJURH.BAM (VVC main)
SPWI420,SPWI420,postcast,SPCONTIN.BAM,SPWI420.SPL -> SPCONTIN.VVC (ability 1 opcode 215) -> SPCONTIN.BAM (VVC main)
SPWI421,SPWI421,postcast,FIREBAT.BAM,SPWI421.SPL -> PFIELD.PRO (ability 1 projectile [MISSILE-1]) -> FIREBOLT.PRO (PRO nested 0x21a [index/activation unconfirmed]) -> FIREBAT.BAM (PRO travel [flag-dependent])
SPWI421,SPWI421,postcast,ALTERAX.BAM,SPWI421.SPL -> PFIELD.PRO (ability 1 projectile [MISSILE-1]) -> #GENALTE.VVC (PRO center [activation not assumed]) -> ALTERAX.BAM (VVC main)
SPWI421,SPWI421,postcast,ALTERH.BAM,SPWI421.SPL -> ALTERH.VVC (ability 1 opcode 215) -> ALTERH.BAM (VVC main)
SPWI424,SPWI424,postcast,DIVINH.BAM,SPWI424.SPL -> DIVINH.VVC (ability 9 opcode 215) -> DIVINH.BAM (VVC main)
SPWI425,SPWI425,postcast,ALTERH.BAM,SPWI425.SPL -> ALTERH.VVC (ability 9 opcode 215) -> ALTERH.BAM (VVC main)
SPWI502,SPWI502,postcast,FIREBAT.BAM,SPWI502.SPL -> IDPRO187.PRO (ability 1 projectile [MISSILE-1]) -> FIREBOLT.PRO (PRO nested 0x21a [index/activation unconfirmed]) -> FIREBAT.BAM (PRO travel [flag-dependent])
SPWI502,SPWI502,postcast,CLOUDKX.BAM,SPWI502.SPL -> IDPRO187.PRO (ability 1 projectile [MISSILE-1]) -> CLOUDKX.BAM (PRO center [activation not assumed])
SPWI502,SPWI502,postcast,CLOUDKR.BAM,SPWI502.SPL -> IDPRO187.PRO (ability 1 projectile [MISSILE-1]) -> CLOUDKR.VVC (PRO ring [activation not assumed]) -> CLOUDKR.BAM (VVC main)
SPWI502,SPWI502,postcast,CLOUDKA.BAM,SPWI502.SPL -> IDPRO187.PRO (ability 1 projectile [MISSILE-1]) -> CLOUDKA.BAM (PRO spread [activation not assumed])
SPWI503,SPWI503,postcast,FIREBAT.BAM,SPWI503.SPL -> IDPRO25.PRO (ability 9 projectile [MISSILE-1]) -> FIREBOLT.PRO (PRO nested 0x21a [index/activation unconfirmed]) -> FIREBAT.BAM (PRO travel [flag-dependent])
SPWI503,SPWI503,postcast,COCOLDT.BAM,SPWI503.SPL -> IDPRO25.PRO (ability 9 projectile [MISSILE-1]) -> COCOLDT.BAM (PRO spread [activation not assumed])
SPWI505,SPWI505,postcast,DDOORH.BAM,SPWI505.SPL -> DDOORH.VVC (ability 9 opcode 215) -> DDOORH.BAM (VVC main)
SPWI506,SPWI506,postcast,ENCHAH.BAM,SPWI506.SPL -> ENCHAH.VVC (ability 1 opcode 215) -> ENCHAH.BAM (VVC main)
SPWI507,SPWI507,postcast,PARALH.BAM,SPWI507.SPL -> PARALH.VVC (ability 9 opcode 215) -> PARALH.BAM (VVC main)
SPWI507,SPWI507,postcast,FIREBAT.BAM,SPWI507.SPL -> IDPRO263.PRO (ability 9 projectile [MISSILE-1]) -> FIREBOLT.PRO (PRO nested 0x21a [index/activation unconfirmed]) -> FIREBAT.BAM (PRO travel [flag-dependent])
SPWI507,SPWI507,postcast,ENCHANX.BAM,SPWI507.SPL -> IDPRO263.PRO (ability 9 projectile [MISSILE-1]) -> #GENENCH.VVC (PRO center [activation not assumed]) -> ENCHANX.BAM (VVC main)
SPWI508,SPWI508,postcast,FIREBAT.BAM,SPWI508.SPL -> IDPRO264.PRO (ability 9 projectile [MISSILE-1]) -> FIREBOLT.PRO (PRO nested 0x21a [index/activation unconfirmed]) -> FIREBAT.BAM (PRO travel [flag-dependent])
SPWI508,SPWI508,postcast,ENCHANX.BAM,SPWI508.SPL -> IDPRO264.PRO (ability 9 projectile [MISSILE-1]) -> #GENENCH.VVC (PRO center [activation not assumed]) -> ENCHANX.BAM (VVC main)
SPWI508,SPWI508,postcast,CONFUSH.BAM,SPWI508.SPL -> CONFUSH.VVC (ability 9 opcode 215) -> CONFUSH.BAM (VVC main)
SPWI509,SPWI509,postcast,ENCHAH.BAM,SPWI509.SPL -> ENCHAH.VVC (ability 1 opcode 215) -> ENCHAH.BAM (VVC main)
SPWI510,SPWI510,postcast,ABJURH.BAM,SPWI510.SPL -> ABJURH.VVC (ability 1 opcode 215) -> ABJURH.BAM (VVC main)
SPWI511,SPWI511,postcast,ABJURH.BAM,SPWI511.SPL -> ABJURH.VVC (ability 9 opcode 215) -> ABJURH.BAM (VVC main)
SPWI512,SPWI512,postcast,ABJURH.BAM,SPWI512.SPL -> ABJURH.VVC (ability 9 opcode 215) -> ABJURH.BAM (VVC main)
SPWI513,SPWI513,postcast,ABJURT.BAM,SPWI513.SPL -> IDPRO227.PRO (ability 1 projectile [MISSILE-1]) -> ABJURT.BAM (PRO travel [flag-dependent])
SPWI513,SPWI513,postcast,ABJURH.BAM,SPWI513.SPL -> ABJURH.VVC (ability 1 opcode 215) -> ABJURH.BAM (VVC main)
SPWI514,SPWI514,postcast,MTOUCHH.BAM,SPWI514.SPL -> MTOUCHH.VVC (ability 9 opcode 215) -> MTOUCHH.BAM (VVC main)
SPWI514,SPWI514,postcast,ALTERT.BAM,SPWI514.SPL -> IDPRO228.PRO (ability 9 projectile [MISSILE-1]) -> ALTERT.BAM (PRO travel [flag-dependent])
SPWI515,SPWI515,postcast,DIVINH.BAM,SPWI515.SPL -> DIVINH.VVC (ability 1 opcode 215) -> DIVINH.BAM (VVC main)
SPWI515,SPWI515,postcast,ARARROW.BAM,SPWI515.SPL -> BIGNAREA.PRO (ability 1 projectile [MISSILE-1]) -> ARROW.PRO (PRO nested 0x21a [index/activation unconfirmed]) -> ARARROW.BAM (PRO travel [flag-dependent])
SPWI515,SPWI515,postcast,AREA2X.BAM,SPWI515.SPL -> #GENDIVI.VVC (ability 1 opcode 215) -> AREA2X.BAM (VVC main)
SPWI516,SPWI516,postcast,SPPORTAL.BAM,SPWI516.SPL -> SPLESFIR.EFF (ability 9 opcode 177) -> SPPORTAL.VVC (external effect opcode 67 arrival) -> SPPORTAL.BAM (VVC main)
SPWI516,SPWI516,postcast,SPMINDAT.BAM,SPWI516.SPL -> SPELEMND.VVC (ability 9 opcode 215) -> SPMINDAT.BAM (VVC main)
SPWI517,SPWI517,postcast,ABJURH.BAM,SPWI517.SPL -> ABJURH.VVC (ability 9 opcode 215) -> ABJURH.BAM (VVC main)
SPWI518,SPWI518,postcast,PHANBLAD.ITM@SUB,SPWI518.SPL -> PHANBLAD.ITM (ability 9 opcode 111 [weapon/item binding; not artwork import])
SPWI518,SPWI518,postcast,INVOCH.BAM,SPWI518.SPL -> INVOCH.VVC (ability 9 opcode 215) -> INVOCH.BAM (VVC main)
SPWI519,SPWI519,postcast,ABJURH.BAM,SPWI519.SPL -> ABJURH.VVC (ability 9 opcode 215) -> ABJURH.BAM (VVC main)
SPWI520,SPWI520,postcast,SPPORTAL.BAM,SPWI520.SPL -> SPLESAIR.EFF (ability 9 opcode 177) -> SPPORTAL.VVC (external effect opcode 67 arrival) -> SPPORTAL.BAM (VVC main)
SPWI520,SPWI520,postcast,SPMINDAT.BAM,SPWI520.SPL -> SPELEMND.VVC (ability 9 opcode 215) -> SPMINDAT.BAM (VVC main)
SPWI521,SPWI521,postcast,SPPORTAL.BAM,SPWI521.SPL -> SPLESEAR.EFF (ability 9 opcode 177) -> SPPORTAL.VVC (external effect opcode 67 arrival) -> SPPORTAL.BAM (VVC main)
SPWI521,SPWI521,postcast,SPMINDAT.BAM,SPWI521.SPL -> SPELEMND.VVC (ability 9 opcode 215) -> SPMINDAT.BAM (VVC main)
SPWI522,SPWI522,postcast,ABJURH.BAM,SPWI522.SPL -> ABJURH.VVC (ability 9 opcode 215) -> ABJURH.BAM (VVC main)
SPWI523,SPWI523,postcast,FIREBAT.BAM,SPWI523.SPL -> SPWI523D.SPL (ability 1 opcode 148) -> IDPRO335.PRO (ability 7 projectile [MISSILE-1]) -> FIREBOLT.PRO (PRO nested 0x21a [index/activation unconfirmed]) -> FIREBAT.BAM (PRO travel [flag-dependent])
SPWI523,SPWI523,postcast,FIREBAX.BAM,SPWI523.SPL -> SPWI523D.SPL (ability 1 opcode 148) -> IDPRO335.PRO (ability 7 projectile [MISSILE-1]) -> FIREBAX.BAM (PRO center [activation not assumed])
SPWI523,SPWI523,postcast,FIREBAR.BAM,SPWI523.SPL -> SPWI523D.SPL (ability 1 opcode 148) -> IDPRO335.PRO (ability 7 projectile [MISSILE-1]) -> FIREBAR.BAM (PRO ring [activation not assumed])
SPWI523,SPWI523,postcast,FIREBAA.BAM,SPWI523.SPL -> SPWI523D.SPL (ability 1 opcode 148) -> IDPRO335.PRO (ability 7 projectile [MISSILE-1]) -> FIREBAA.BAM (PRO spread [activation not assumed])
SPWI602,SPWI602,postcast,GOINVUC.BAM,SPWI602.SPL -> #GLOBINV.VVC (ability 9 opcode 215) -> GOINVUC.BAM (VVC main)
SPWI603,SPWI603,postcast,ALTERH.BAM,SPWI603.SPL -> ALTERH.VVC (ability 9 opcode 215) -> ALTERH.BAM (VVC main)
SPWI604,SPWI604,postcast,ALTERT.BAM,SPWI604.SPL -> IDPRO228.PRO (ability 1 projectile [MISSILE-1]) -> ALTERT.BAM (PRO travel [flag-dependent])
SPWI604,SPWI604,postcast,ALTERH.BAM,SPWI604.SPL -> ALTERH.VVC (ability 1 opcode 215) -> ALTERH.BAM (VVC main)
SPWI605,SPWI605,postcast,FIREBAT.BAM,SPWI605.SPL -> IDPRO267.PRO (ability 1 projectile [MISSILE-1]) -> FIREBOLT.PRO (PRO nested 0x21a [index/activation unconfirmed]) -> FIREBAT.BAM (PRO travel [flag-dependent])
SPWI605,SPWI605,postcast,DSPELLX.BAM,SPWI605.SPL -> IDPRO267.PRO (ability 1 projectile [MISSILE-1]) -> #DEATHSP.VVC (PRO center [activation not assumed]) -> DSPELLX.BAM (VVC main)
SPWI605,SPWI605,postcast,DSPELLH.BAM,SPWI605.SPL -> DSPELLH.VVC (ability 1 opcode 215) -> DSPELLH.BAM (VVC main)
SPWI606,SPWI606,postcast,ABJURH.BAM,SPWI606.SPL -> ABJURH.VVC (ability 9 opcode 215) -> ABJURH.BAM (VVC main)
SPWI607,SPWI607,postcast,SPPROIMG.BAM,SPWI607.SPL -> SPPROIMG.VVC (ability 9 opcode 215) -> SPPROIMG.BAM (VVC main)
SPWI608,SPWI608,postcast,MTOUCHH.BAM,SPWI608.SPL -> MTOUCHH.VVC (ability 9 opcode 215) -> MTOUCHH.BAM (VVC main)
SPWI608,SPWI608,postcast,ABJURT.BAM,SPWI608.SPL -> IDPRO227.PRO (ability 9 projectile [MISSILE-1]) -> ABJURT.BAM (PRO travel [flag-dependent])
SPWI608,SPWI608,postcast,ABJURH.BAM,SPWI608.SPL -> ABJURH.VVC (ability 9 opcode 215) -> ABJURH.BAM (VVC main)
SPWI609,SPWI609,postcast,ARARROW.BAM,SPWI609.SPL -> SPPR950.SPL (ability 1 opcode 146) -> BIGNAREA.PRO (ability 1 projectile [MISSILE-1]) -> ARROW.PRO (PRO nested 0x21a [index/activation unconfirmed]) -> ARARROW.BAM (PRO travel [flag-dependent])
SPWI609,SPWI609,postcast,DIVINH.BAM,SPWI609.SPL -> DIVINH.VVC (ability 1 opcode 215) -> DIVINH.BAM (VVC main)
SPWI609,SPWI609,postcast,AREA2X.BAM,SPWI609.SPL -> #GENDIVI.VVC (ability 1 opcode 215) -> AREA2X.BAM (VVC main)
SPWI611,SPWI611,postcast,ABJURH.BAM,SPWI611.SPL -> ABJURH.VVC (ability 1 opcode 215) -> ABJURH.BAM (VVC main)
SPWI612,SPWI612,postcast,PWSILEH.BAM,SPWI612.SPL -> PWSILEH.VVC (ability 1 opcode 215) -> PWSILEH.BAM (VVC main)
SPWI613,SPWI613,postcast,ALTERT.BAM,SPWI613.SPL -> IDPRO228.PRO (ability 9 projectile [MISSILE-1]) -> ALTERT.BAM (PRO travel [flag-dependent])
SPWI613,SPWI613,postcast,ALTERH.BAM,SPWI613.SPL -> ALTERH.VVC (ability 9 opcode 215) -> ALTERH.BAM (VVC main)
SPWI614,SPWI614,postcast,DFOGX.BAM,SPWI614.SPL -> IDPRO212.PRO (ability 1 projectile [MISSILE-1]) -> DFOGX.BAM (PRO center [activation not assumed])
SPWI614,SPWI614,postcast,DFOGR.BAM,SPWI614.SPL -> IDPRO212.PRO (ability 1 projectile [MISSILE-1]) -> DFOGR.BAM (PRO ring [activation not assumed])
SPWI614,SPWI614,postcast,DFOGA.BAM,SPWI614.SPL -> IDPRO212.PRO (ability 1 projectile [MISSILE-1]) -> DFOGA.BAM (PRO spread [activation not assumed])
SPWI614,SPWI614,postcast,ARARROW.BAM,SPWI614.SPL -> IDPRO212.PRO (ability 1 projectile [MISSILE-1]) -> ARROW.PRO (PRO nested 0x21a [index/activation unconfirmed]) -> ARARROW.BAM (PRO travel [flag-dependent])
SPWI615,SPWI615,postcast,CLIGHTT.BAM,SPWI615.SPL -> SPWI615B.SPL (ability 1 opcode 333) -> CHAINLGT.PRO (ability 9 projectile [MISSILE-1]) -> IDPRO210.PRO (PRO nested 0x21a [index/activation unconfirmed]) -> CLIGHTT.BAM (PRO travel [flag-dependent])
SPWI616,SPWI616,postcast,DISINTT.BAM,SPWI616.SPL -> IDPRO268.PRO (ability 1 projectile [MISSILE-1]) -> DISINTT.BAM (PRO travel [flag-dependent])
SPWI616,SPWI616,postcast,DISINTH.BAM,SPWI616.SPL -> DISINTH.VVC (ability 1 opcode 215) -> DISINTH.BAM (VVC main)
SPWI617,SPWI617,postcast,SPCONTIN.BAM,SPWI617.SPL -> SPCONTIN.VVC (ability 3 opcode 215) -> SPCONTIN.BAM (VVC main)
SPWI618,SPWI618,postcast,ABJURH.BAM,SPWI618.SPL -> ABJURH.VVC (ability 9 opcode 215) -> ABJURH.BAM (VVC main)
SPWI625,SPWI625,postcast,ALTERT.BAM,SPWI625.SPL -> IDPRO228.PRO (ability 1 projectile [MISSILE-1]) -> ALTERT.BAM (PRO travel [flag-dependent])
SPWI625,SPWI625,postcast,GORGON.ITM@SUB,SPWI625.SPL -> GORGON.ITM (ability 1 opcode 112 [weapon/item binding; not artwork import])
SPWI625,SPWI625,postcast,ALTERH.BAM,SPWI625.SPL -> ALTERH.VVC (ability 1 opcode 215) -> ALTERH.BAM (VVC main)
SPWI701,SPWI701,postcast,ABJURH.BAM,SPWI701.SPL -> ABJURH.VVC (ability 9 opcode 215) -> ABJURH.BAM (VVC main)
SPWI702,SPWI702,postcast,ABJURH.BAM,SPWI702.SPL -> ABJURH.VVC (ability 9 opcode 215) -> ABJURH.BAM (VVC main)
SPWI703,SPWI703,postcast,SPPROIMG.BAM,SPWI703.SPL -> SPPROIMG.VVC (ability 9 opcode 215) -> SPPROIMG.BAM (VVC main)
SPWI704,SPWI704,postcast,ALTERT.BAM,SPWI704.SPL -> IDPRO228.PRO (ability 1 projectile [MISSILE-1]) -> ALTERT.BAM (PRO travel [flag-dependent])
SPWI704,SPWI704,postcast,ALTERH.BAM,SPWI704.SPL -> ALTERH.VVC (ability 1 opcode 215) -> ALTERH.BAM (VVC main)
SPWI705,SPWI705,postcast,ABJURT.BAM,SPWI705.SPL -> IDPRO227.PRO (ability 1 projectile [MISSILE-1]) -> ABJURT.BAM (PRO travel [flag-dependent])
SPWI705,SPWI705,postcast,ABJURH.BAM,SPWI705.SPL -> ABJURH.VVC (ability 1 opcode 215) -> ABJURH.BAM (VVC main)
SPWI707,SPWI707,postcast,SPSUMGTE.BAM,SPWI707.SPL -> SPCACO.EFF (ability 1 opcode 177) -> SPSUMGTE.VVC (external effect opcode 67 arrival) -> SPSUMGTE.BAM (VVC main)
SPWI708,SPWI708,postcast,ABJURH.BAM,SPWI708.SPL -> ABJURH.VVC (ability 1 opcode 215) -> ABJURH.BAM (VVC main)
SPWI710,SPWI710,postcast,SPCONTIN.BAM,SPWI710.SPL -> SPCONTIN.VVC (ability 1 opcode 215) -> SPCONTIN.BAM (VVC main)
SPWI711,SPWI711,postcast,SQUIRP.ITM@SUB,SPWI711.SPL -> SQUIRP.ITM (ability 1 opcode 111 [weapon/item binding; not artwork import])
SPWI711,SPWI711,postcast,FIREBAT.BAM,SPWI711.SPL -> PFIELD.PRO (ability 1 projectile [MISSILE-1]) -> FIREBOLT.PRO (PRO nested 0x21a [index/activation unconfirmed]) -> FIREBAT.BAM (PRO travel [flag-dependent])
SPWI711,SPWI711,postcast,ALTERAX.BAM,SPWI711.SPL -> PFIELD.PRO (ability 1 projectile [MISSILE-1]) -> #GENALTE.VVC (PRO center [activation not assumed]) -> ALTERAX.BAM (VVC main)
SPWI711,SPWI711,postcast,DISINTH.BAM,SPWI711.SPL -> DISINTH.VVC (ability 1 opcode 215) -> DISINTH.BAM (VVC main)
SPWI711,SPWI711,postcast,CONFUSH.BAM,SPWI711.SPL -> CONFUSH.VVC (ability 1 opcode 215) -> CONFUSH.BAM (VVC main)
SPWI711,SPWI711,postcast,ALTERH.BAM,SPWI711.SPL -> ALTERH.VVC (ability 1 opcode 215) -> ALTERH.BAM (VVC main)
SPWI712,SPWI712,postcast,FIREBAT.BAM,SPWI712.SPL -> DFIREBL.PRO (ability 1 projectile [MISSILE-1]) -> FIREBOLT.PRO (PRO nested 0x21a [index/activation unconfirmed]) -> FIREBAT.BAM (PRO travel [flag-dependent])
SPWI712,SPWI712,postcast,FIREBAX.BAM,SPWI712.SPL -> DFIREBL.PRO (ability 1 projectile [MISSILE-1]) -> FIREBAX.BAM (PRO center [activation not assumed])
SPWI712,SPWI712,postcast,FIREBAR.BAM,SPWI712.SPL -> DFIREBL.PRO (ability 1 projectile [MISSILE-1]) -> FIREBAR.BAM (PRO ring [activation not assumed])
SPWI712,SPWI712,postcast,FIREBAA.BAM,SPWI712.SPL -> DFIREBL.PRO (ability 1 projectile [MISSILE-1]) -> FIREBAA.BAM (PRO spread [activation not assumed])
SPWI713,SPWI713,postcast,FODEATH.BAM,SPWI713.SPL -> FODEATH.VVC (ability 1 opcode 215) -> FODEATH.BAM (VVC main)
SPWI714,SPWI714,postcast,PSPRAYT.BAM,SPWI714.SPL -> IDPRO272.PRO (ability 1 projectile [MISSILE-1]) -> PSPRAYT.BAM (PRO ring [activation not assumed])
SPWI714,SPWI714,postcast,FIREBAT.BAM,SPWI714.SPL -> IDPRO272.PRO (ability 1 projectile [MISSILE-1]) -> FIREBOLT.PRO (PRO nested 0x21a [index/activation unconfirmed]) -> FIREBAT.BAM (PRO travel [flag-dependent])
SPWI714,SPWI714,postcast,CONJUH.BAM,SPWI714.SPL -> CONJUH.VVC (ability 1 opcode 215) -> CONJUH.BAM (VVC main)
SPWI715,SPWI715,postcast,PWSTUNH.BAM,SPWI715.SPL -> PWSTUNH.VVC (ability 1 opcode 215) -> PWSTUNH.BAM (VVC main)
SPWI716,SPWI716,postcast,MSWORD.ITM@SUB,SPWI716.SPL -> MSWORD.ITM (ability 9 opcode 111 [weapon/item binding; not artwork import])
SPWI716,SPWI716,postcast,INVOCH.BAM,SPWI716.SPL -> INVOCH.VVC (ability 9 opcode 215) -> INVOCH.BAM (VVC main)
SPWI720,SPWI720,postcast,NECROH.BAM,SPWI720.SPL -> NECROH.VVC (ability 9 opcode 215) -> NECROH.BAM (VVC main)
SPWI720,SPWI720,postcast,FIREBAT.BAM,SPWI720.SPL -> HOLDNECR.PRO (ability 9 projectile [MISSILE-1]) -> FIREBOLT.PRO (PRO nested 0x21a [index/activation unconfirmed]) -> FIREBAT.BAM (PRO travel [flag-dependent])
SPWI720,SPWI720,postcast,ENCHANX.BAM,SPWI720.SPL -> HOLDNECR.PRO (ability 9 projectile [MISSILE-1]) -> #GENENCH.VVC (PRO center [activation not assumed]) -> ENCHANX.BAM (VVC main)
SPWI721,SPWI721,postcast,ILLUSH.BAM,SPWI721.SPL -> ILLUSH.VVC (ability 9 opcode 215) -> ILLUSH.BAM (VVC main)
SPWI721,SPWI721,postcast,FIREBAT.BAM,SPWI721.SPL -> IDPRO273.PRO (ability 9 projectile [MISSILE-1]) -> FIREBOLT.PRO (PRO nested 0x21a [index/activation unconfirmed]) -> FIREBAT.BAM (PRO travel [flag-dependent])
SPWI721,SPWI721,postcast,AREA3X.BAM,SPWI721.SPL -> IDPRO273.PRO (ability 9 projectile [MISSILE-1]) -> #GENILLU.VVC (PRO center [activation not assumed]) -> AREA3X.BAM (VVC main)
SPWI722,SPWI722,postcast,MSUMM1H.BAM,SPWI722.SPL -> WISH.EFF (ability 1 opcode 177) -> MSUMM1H.VVC (external effect opcode 67 arrival) -> MSUMM1H.BAM (VVC main)
SPWI723,SPWI723,postcast,TRAVEL.BAM,SPWI723.SPL -> SPARKLPU.PRO (ability 1 projectile [MISSILE-1]) -> TRAVEL.BAM (PRO travel [flag-dependent])
SPWI723,SPWI723,postcast,CSHIELDH.BAM,SPWI723.SPL -> CSHIELDH.VVC (ability 1 opcode 215) -> CSHIELDH.BAM (VVC main)
SPWI803,SPWI803,postcast,ABJURH.BAM,SPWI803.SPL -> ABJURH.VVC (ability 9 opcode 215) -> ABJURH.BAM (VVC main)
SPWI804,SPWI804,postcast,SPPROIMG.BAM,SPWI804.SPL -> SPPROIMG.VVC (ability 9 opcode 215) -> SPPROIMG.BAM (VVC main)
SPWI805,SPWI805,postcast,MTOUCHH.BAM,SPWI805.SPL -> MTOUCHH.VVC (ability 9 opcode 215) -> MTOUCHH.BAM (VVC main)
SPWI805,SPWI805,postcast,ABJURT.BAM,SPWI805.SPL -> IDPRO227.PRO (ability 9 projectile [MISSILE-1]) -> ABJURT.BAM (PRO travel [flag-dependent])
SPWI805,SPWI805,postcast,ABJURH.BAM,SPWI805.SPL -> ABJURH.VVC (ability 9 opcode 215) -> ABJURH.BAM (VVC main)
SPWI807,SPWI807,postcast,SPSUMGTE.BAM,SPWI807.SPL -> SPFIEND.EFF (ability 1 opcode 177) -> SPSUMGTE.VVC (external effect opcode 67 arrival) -> SPSUMGTE.BAM (VVC main)
SPWI808,SPWI808,postcast,ABJURH.BAM,SPWI808.SPL -> ABJURH.VVC (ability 1 opcode 215) -> ABJURH.BAM (VVC main)
SPWI809,SPWI809,postcast,SPCONTIN.BAM,SPWI809.SPL -> SPCONTIN.VVC (ability 1 opcode 215) -> SPCONTIN.BAM (VVC main)
SPWI810,SPWI810,postcast,FIREBAT.BAM,SPWI810.SPL -> IDPRO214.PRO (ability 9 projectile [MISSILE-1]) -> IDPRO407.PRO (PRO nested 0x214 [index/activation unconfirmed]) -> FIREBOLT.PRO (PRO nested 0x21a [index/activation unconfirmed]) -> FIREBAT.BAM (PRO travel [flag-dependent])
SPWI810,SPWI810,postcast,ENCHANX.BAM,SPWI810.SPL -> IDPRO214.PRO (ability 9 projectile [MISSILE-1]) -> IDPRO407.PRO (PRO nested 0x214 [index/activation unconfirmed]) -> #GENENCH.VVC (PRO center [activation not assumed]) -> ENCHANX.BAM (VVC main)
SPWI810,SPWI810,postcast,ICLOUDX.BAM,SPWI810.SPL -> IDPRO214.PRO (ability 9 projectile [MISSILE-1]) -> ICLOUDX.BAM (PRO center [activation not assumed])
SPWI810,SPWI810,postcast,ICLOUDB.BAM,SPWI810.SPL -> IDPRO214.PRO (ability 9 projectile [MISSILE-1]) -> ICLOUDB.PRO (PRO nested 0x214 [index/activation unconfirmed]) -> ICLOUDB.BAM (PRO spread [activation not assumed])
SPWI810,SPWI810,postcast,ICLOUDA.BAM,SPWI810.SPL -> IDPRO214.PRO (ability 9 projectile [MISSILE-1]) -> ICLOUDA.BAM (PRO spread [activation not assumed])
SPWI811,SPWI811,postcast,SPGLYPTI.BAM,SPWI811.SPL -> ICEGLYP.PRO (ability 6 projectile [MISSILE-1]) -> SPGLYPTI.BAM (PRO travel [flag-dependent])
SPWI811,SPWI811,postcast,SPSPAINI.BAM,SPWI811.SPL -> ICEGLYP.PRO (ability 6 projectile [MISSILE-1]) -> ICSPAIN.VVC (PRO center [activation not assumed]) -> SPSPAINI.BAM (VVC main)
SPWI811,SPWI811,postcast,FIREBAT.BAM,SPWI811.SPL -> ICEGLYP.PRO (ability 6 projectile [MISSILE-1]) -> FIREBOLT.PRO (PRO nested 0x21a [index/activation unconfirmed]) -> FIREBAT.BAM (PRO travel [flag-dependent])
SPWI811,SPWI811,postcast,CONJUH.BAM,SPWI811.SPL -> CONJUH.VVC (ability 6 opcode 215) -> CONJUH.BAM (VVC main)
SPWI812,SPWI812,postcast,FIREBAT.BAM,SPWI812.SPL -> IDPRO318.PRO (ability 9 projectile [MISSILE-1]) -> FIREBOLT.PRO (PRO nested 0x21a [index/activation unconfirmed]) -> FIREBAT.BAM (PRO travel [flag-dependent])
SPWI812,SPWI812,postcast,ADHWILA.BAM,SPWI812.SPL -> IDPRO318.PRO (ability 9 projectile [MISSILE-1]) -> ADHWILA.BAM (PRO spread [activation not assumed])
SPWI812,SPWI812,postcast,ADHWILX.BAM,SPWI812.SPL -> IDPRO318.PRO (ability 9 projectile [MISSILE-1]) -> #ADHWILT.VVC (PRO center [activation not assumed]) -> ADHWILX.BAM (VVC main)
SPWI812,SPWI812,postcast,ADHWILH.BAM,SPWI812.SPL -> ADHWILH.VVC (ability 9 opcode 215) -> ADHWILH.BAM (VVC main)
SPWI813,SPWI813,postcast,SPSPMAZE.BAM,SPWI813.SPL -> SPSPMAZE.VVC (ability 1 opcode 215) -> SPSPMAZE.BAM (VVC main)
SPWI813,SPWI813,postcast,CONJUT.BAM,SPWI813.SPL -> IDPRO231.PRO (ability 1 projectile [MISSILE-1]) -> CONJUT.BAM (PRO travel [flag-dependent])
SPWI815,SPWI815,postcast,MTOUCHH.BAM,SPWI815.SPL -> MTOUCHH.VVC (ability 1 opcode 215) -> MTOUCHH.BAM (VVC main)
SPWI815,SPWI815,postcast,FIREBAT.BAM,SPWI815.SPL -> IDPRO336.PRO (ability 1 projectile [MISSILE-1]) -> FIREBOLT.PRO (PRO nested 0x21a [index/activation unconfirmed]) -> FIREBAT.BAM (PRO travel [flag-dependent])
SPWI815,SPWI815,postcast,PWKILLX.BAM,SPWI815.SPL -> IDPRO336.PRO (ability 1 projectile [MISSILE-1]) -> #PWDBLIN.VVC (PRO center [activation not assumed]) -> PWKILLX.BAM (VVC main)
SPWI816,SPWI816,postcast,SPGLYPTI.BAM,SPWI816.SPL -> ICEGLYP.PRO (ability 6 projectile [MISSILE-1]) -> SPGLYPTI.BAM (PRO travel [flag-dependent])
SPWI816,SPWI816,postcast,SPSPAINI.BAM,SPWI816.SPL -> ICEGLYP.PRO (ability 6 projectile [MISSILE-1]) -> ICSPAIN.VVC (PRO center [activation not assumed]) -> SPSPAINI.BAM (VVC main)
SPWI816,SPWI816,postcast,FIREBAT.BAM,SPWI816.SPL -> ICEGLYP.PRO (ability 6 projectile [MISSILE-1]) -> FIREBOLT.PRO (PRO nested 0x21a [index/activation unconfirmed]) -> FIREBAT.BAM (PRO travel [flag-dependent])
SPWI816,SPWI816,postcast,CONJUH.BAM,SPWI816.SPL -> CONJUH.VVC (ability 6 opcode 215) -> CONJUH.BAM (VVC main)
SPWI817,SPWI817,postcast,CONJUH.BAM,SPWI817.SPL -> SYMVISU.EFF (ability 1 opcode 177) -> CONJUH.VVC (external effect opcode 215) -> CONJUH.BAM (VVC main)
SPWI817,SPWI817,postcast,SPGLYPTI.BAM,SPWI817.SPL -> ICEGLYP.PRO (ability 1 projectile [MISSILE-1]) -> SPGLYPTI.BAM (PRO travel [flag-dependent])
SPWI817,SPWI817,postcast,SPSPAINI.BAM,SPWI817.SPL -> ICEGLYP.PRO (ability 1 projectile [MISSILE-1]) -> ICSPAIN.VVC (PRO center [activation not assumed]) -> SPSPAINI.BAM (VVC main)
SPWI817,SPWI817,postcast,FIREBAT.BAM,SPWI817.SPL -> ICEGLYP.PRO (ability 1 projectile [MISSILE-1]) -> FIREBOLT.PRO (PRO nested 0x21a [index/activation unconfirmed]) -> FIREBAT.BAM (PRO travel [flag-dependent])
SPWI818,SPWI818,postcast,SPBGBFST.BAM,SPWI818.SPL -> SPWI818A.SPL (ability 1 opcode 146) -> SPWI818B.SPL (ability 1 opcode 146) -> SPBGBFS2.VVC (ability 1 opcode 215) -> SPBGBFST.BAM (VVC main)
SPWI902,SPWI902,postcast,ABJURH.BAM,SPWI902.SPL -> ABJURH.VVC (ability 1 opcode 215) -> ABJURH.BAM (VVC main)
SPWI903,SPWI903,postcast,ABJURT.BAM,SPWI903.SPL -> IDPRO227.PRO (ability 1 projectile [MISSILE-1]) -> ABJURT.BAM (PRO travel [flag-dependent])
SPWI903,SPWI903,postcast,ABJURH.BAM,SPWI903.SPL -> ABJURH.VVC (ability 1 opcode 215) -> ABJURH.BAM (VVC main)
SPWI905,SPWI905,postcast,SPSUMGTE.BAM,SPWI905.SPL -> SPGATE.EFF (ability 1 opcode 177) -> SPSUMGTE.VVC (external effect opcode 67 arrival) -> SPSUMGTE.BAM (VVC main)
SPWI907,SPWI907,postcast,ABJURH.BAM,SPWI907.SPL -> ABJURH.VVC (ability 1 opcode 215) -> ABJURH.BAM (VVC main)
SPWI908,SPWI908,postcast,SPCONTIN.BAM,SPWI908.SPL -> SPCONTIN.VVC (ability 1 opcode 215) -> SPCONTIN.BAM (VVC main)
SPWI910,SPWI910,postcast,SPCAGEMZ.BAM,SPWI910.SPL -> SPMAZE2.VVC (ability 1 opcode 215) -> SPCAGEMZ.BAM (VVC main)
SPWI910,SPWI910,postcast,ABJURT.BAM,SPWI910.SPL -> IDPRO227.PRO (ability 1 projectile [MISSILE-1]) -> ABJURT.BAM (PRO travel [flag-dependent])
SPWI912,SPWI912,postcast,FIREBAT.BAM,SPWI912.SPL -> IDPRO278.PRO (ability 1 projectile [MISSILE-1]) -> FIREBOLT.PRO (PRO nested 0x21a [index/activation unconfirmed]) -> FIREBAT.BAM (PRO travel [flag-dependent])
SPWI912,SPWI912,postcast,PWKILLX.BAM,SPWI912.SPL -> IDPRO278.PRO (ability 1 projectile [MISSILE-1]) -> #PWDKILL.VVC (PRO center [activation not assumed]) -> PWKILLX.BAM (VVC main)
SPWI912,SPWI912,postcast,CONJUH.BAM,SPWI912.SPL -> CONJUH.VVC (ability 1 opcode 215) -> CONJUH.BAM (VVC main)
SPWI913,SPWI913,postcast,FIREBAT.BAM,SPWI913.SPL -> IDPRO321.PRO (ability 1 projectile [MISSILE-1]) -> FIREBOLT.PRO (PRO nested 0x21a [index/activation unconfirmed]) -> FIREBAT.BAM (PRO travel [flag-dependent])
SPWI913,SPWI913,postcast,DESTRUH.BAM,SPWI913.SPL -> DESTRUH.VVC (ability 1 opcode 215) -> DESTRUH.BAM (VVC main)
SPWI914,SPWI914,postcast,NECROH.BAM,SPWI914.SPL -> NECROH.VVC (ability 1 opcode 215) -> NECROH.BAM (VVC main)
SPWI915,SPWI915,postcast,INVOCH.BAM,SPWI915.SPL -> INVOCH.VVC (ability 1 opcode 215) -> INVOCH.BAM (VVC main)
SPWI915,SPWI915,postcast,BLAKBLAD.ITM@SUB,SPWI915.SPL -> BLAKBLAD.ITM (ability 1 opcode 111 [weapon/item binding; not artwork import])
SPWI916,SPWI916,postcast,B1-6.ITM@SUB,SPWI916.SPL -> SPIN151.SPL (ability 1 opcode 146) -> B1-6.ITM (ability 1 opcode 111 [weapon/item binding; not artwork import])
SPWI916,SPWI916,postcast,ALTERH.BAM,SPWI916.SPL -> SPIN151.SPL (ability 1 opcode 146) -> ALTERH.VVC (ability 1 opcode 215) -> ALTERH.BAM (VVC main)
SPWI917,SPWI917,postcast,FIREBAT.BAM,SPWI917.SPL -> CDWI917A.SPL (ability 1 opcode 146) -> INAREA.PRO (ability 1 projectile [MISSILE-1]) -> FIREBOLT.PRO (PRO nested 0x21a [index/activation unconfirmed]) -> FIREBAT.BAM (PRO travel [flag-dependent])
SPWI918,SPWI918,postcast,SPBGBFST.BAM,SPWI918.SPL -> SPWI918A.SPL (ability 1 opcode 146) -> SPWI918B.SPL (ability 1 opcode 146) -> SPBGBFS2.VVC (ability 1 opcode 215) -> SPBGBFST.BAM (VVC main)
SPWI919,SPWI919,postcast,MSUMM1H.BAM,SPWI919.SPL -> SPWI919.EFF (ability 1 opcode 177) -> MSUMM1H.VVC (external effect opcode 67 arrival) -> MSUMM1H.BAM (VVC main)
SPWI920,SPWI920,postcast,SPENBLD.BAM,SPWI920.SPL -> SPENBLD.PRO (ability 9 projectile [MISSILE-1]) -> SPENBLD.BAM (PRO travel [flag-dependent])
SPWI920,SPWI920,postcast,ENEBLADE.ITM@SUB,SPWI920.SPL -> ENEBLADE.ITM (ability 9 opcode 111 [weapon/item binding; not artwork import])
SPWI920,SPWI920,postcast,CONJUH.BAM,SPWI920.SPL -> CONJUH.VVC (ability 9 opcode 215) -> CONJUH.BAM (VVC main)
SPWI921,SPWI921,postcast,SPUSEANY.BAM,SPWI921.SPL -> SPUSEANY.VVC (ability 1 opcode 215) -> SPUSEANY.BAM (VVC main)
SPWI922,SPWI922,postcast,SPDRGNBR.BAM,SPWI922.SPL -> SPDRGNBR.VVC (ability 1 opcode 215) -> SPDRGNBR.BAM (VVC main)
SPWI922,SPWI922,postcast,FIREBAR.BAM,SPWI922.SPL -> SPDRBRTH.PRO (ability 1 projectile [MISSILE-1]) -> FIREBAR.BAM (PRO ring [activation not assumed])
SPWI922,SPWI922,postcast,FIREBAA.BAM,SPWI922.SPL -> SPDRBRTH.PRO (ability 1 projectile [MISSILE-1]) -> FIREBAA.BAM (PRO spread [activation not assumed])
SPWI922,SPWI922,postcast,ARARROW.BAM,SPWI922.SPL -> SPDRBRTH.PRO (ability 1 projectile [MISSILE-1]) -> ARROW.PRO (PRO nested 0x21a [index/activation unconfirmed]) -> ARARROW.BAM (PRO travel [flag-dependent])
SPWI923,SPWI923,postcast,SPSUMP.BAM,SPWI923.SPL -> SPPLAN.EFF (ability 9 opcode 177) -> SPSUMP.VVC (external effect opcode 67 arrival) -> SPSUMP.BAM (VVC main)
SPWI924,SPWI924,postcast,SPSPEV.BAM,SPWI924.SPL -> SPPLAN2.EFF (ability 9 opcode 177) -> SPSPEV.VVC (external effect opcode 67 arrival) -> SPSPEV.BAM (VVC main)
SPWI925,SPWI925,postcast,SPCOMTRV.BAM,SPWI925.SPL -> COMET.PRO (ability 1 projectile [MISSILE-1]) -> SPCOMTRV.BAM (PRO travel [flag-dependent])
SPWI925,SPWI925,postcast,SPCOMEXP.BAM,SPWI925.SPL -> COMET.PRO (ability 1 projectile [MISSILE-1]) -> SPCOMEX.VEF (PRO center [activation not assumed]) -> SPCOMEX2.VVC (VEF type 1) -> SPCOMEXP.BAM (VVC main)
SPWI925,SPWI925,postcast,FIREBAT.BAM,SPWI925.SPL -> COMET.PRO (ability 1 projectile [MISSILE-1]) -> FIREBOLT.PRO (PRO nested 0x21a [index/activation unconfirmed]) -> FIREBAT.BAM (PRO travel [flag-dependent])
