source,path,sha256,frames,cycles
IWDEE,ABJURAX.BAM,b0cc72ff488c9c812fb162863eccd6c74bb892e5c9b63534e1e87f9b4cc36497,40,1
IWDEE,ABJURH.BAM,5e02e317a9b20524117dccffbff6126f88c6ab0bc40db025cc1a8ed3c43424df,12,1
IWDEE,ABJURT.BAM,e449c185c75e30e394175c55354209f7bc1031ec5d1ceb15ab268ebdc2d64145,12,1
IWDEE,ADHWILA.BAM,b77c046ddad7f4c6e579c4fd1c0de6da0e5d10120c6d26366ddc4428e198f924,113,3
IWDEE,ADHWILH.BAM,9769280b48b9b4c62a8216619134c3acec5523dccd881b6b88c251f9cb9aa3b6,32,1
IWDEE,ADHWILX.BAM,4810b04c42d49a4a7bb009b5294cf932cbd85e631af7bbd970129d3aa950b231,70,1
IWDEE,ALANCET.BAM,4b6659be61d30646c9418fed79e1c0319dcf22f48433d6ac289a3b9dbffaf1a1,144,9
IWDEE,ALTERAX.BAM,147919f5f640a546c38c67c8e185795d7d21fc0cf7909679a00c191aeba49f4a,40,1
IWDEE,ALTERH.BAM,b74a2345607cca4c4888f6ab352ab96e2d6617473903971e42c231fc89a8b452,12,1
IWDEE,ALTERT.BAM,86bd63b393169089c92eca1e2e901cfd8c97e1d1816eeac02b99ef6c1e0364d3,12,1
IWDEE,AMSHELC.BAM,04dcc6df827d5f122b767d33ec3937138bfc7e67557cf7717bfbb06bb6633bf2,16,1
IWDEE,ARARROW.BAM,062c2b646df3d17d73309e3fbd9f74c6526f83f1446b9ed91fa6c79c3f51add2,15,5
IWDEE,AREA1X.BAM,ee2b012e14330b81bff24c38d3ba217c4fc9ff882c95db03ec5ac6cfe24c1471,36,1
IWDEE,AREA2X.BAM,e0ef496044d8a9d55df539feb93b626997d2fec015809765a890c06fe71c5480,36,1
IWDEE,AREA3X.BAM,df2e3a2c77acbd08285040d80ebe09c14e6f199aa8f0f1397de7e00307e8015f,36,1
IWDEE,AREA4X.BAM,167d357e1a4f94ca2f54c118adc2088cac3e5c55bc052e4c00b90e5e0b933095,36,1
IWDEE,ARMORH.BAM,af0de50ba964410676722cd78e3c4c25bebc61f1cc54517997afbefa2b8aa202,16,1
IWDEE,ASCORCT.BAM,9e50ba8e20661ce8ba3ff9f9f0fabdb550a3f5549701273537b0461fa189113b,180,9
IWDEE,ASTORMA.BAM,c7b41a3025711e65f362d4d600a490b793cb59966425376c80700fdbccf3bac0,50,1
IWDEE,ASTORMX.BAM,7f1b0207728324b1151e3d13445fc9adc3debb6325e71c03ed4b3d705bb93bac,20,1
IWDEE,BBARRH1.BAM,1fb418510caa7ada4bf6fb9efd3fbc6e3dc25f2b4c0fa2d25c39c713fea6c857,102,3
IWDEE,BBARRH2.BAM,b8df3647b4c83ae646a27a2645aceddfa6755ce8057b30927a059145d7b8d03f,102,3
IWDEE,BDETHER.BAM,110223dcd804d1c969afe352b77cff25be8a30bb8928dbb56ad5df2c88f01ee4,32,1
IWDEE,BDETHREA.BAM,d31c65134beb2d32da4b1a1276d4fd23a8f4471be706644c0149c8c0b1ed572a,80,4
IWDEE,BDETHREH.BAM,bbdd7cca77fed36d8bb81a7624f9d184c63634bc2b5ffc11422c5c6b6e867971,50,3
IWDEE,BDRSPIRI.BAM,f1833cba6fa6f2ecb12f0d60cbf6de89dc6cd036813f5a29910f145a85500cb8,31,1
IWDEE,BDSFIREA.BAM,a9ba01dd1f7a42e1db508956f4950cde5ce69bef739b82670a05f6b9ea901c81,75,4
IWDEE,BDSFIREH.BAM,1e5175a71b7da24cf344e7c112d024e830ea7a99aeb4a3bca794445f48212e95,31,1
IWDEE,BDSFIRET.BAM,a13ab170a6a5cbff57f2b410e49611e9805b863f16eb50be7c59bc48b1728caf,72,9
IWDEE,BDSPCLAR.BAM,e265e87ff9c567c5ff56d0e44dc5284ad9817c4d4760acc18636fb7036f77159,27,1
IWDEE,BGLRYH.BAM,ebdd426400a1798061f0f7c2d8372a8bd18d59d80860f1c7fa63d676f457236b,25,1
IWDEE,BGLRYT.BAM,91d12d8ce8a09e08497fe2b39e32cea09d077e0b025f06ab95556dce6d533e52,20,1
IWDEE,BGLRYU.BAM,23f8f910198177091ffe6e0e365a5a4f415b2b4eb695492a022b0ed77e7370e2,20,1
IWDEE,BLESSH.BAM,056869816167a42dd1161218775750ac8a45f1d2e4d8a3f538c68990530cbc00,16,1
IWDEE,CCDAMAH.BAM,d56a45c7d4a1f015b6fed9ccc77e9d0ab921c0af65675a0729096a6b2785794a,41,2
IWDEE,CCOMMAH.BAM,28f597f1148939490a519ec040ba5571ac844a095e78308d5dcd6d1c4503f649,20,1
IWDEE,CCWOUNH.BAM,c578dd59f0cd4494dba29f4ca2995d4939792e68a74d17c1aaa0dc075dd836b3,41,2
IWDEE,CDISEAH.BAM,b9e019ca9be36c7cf8353d98038f0bd3726f51af3836e712bfbc068087009f07,21,1
IWDEE,CIDAMAH.BAM,1481f9d58da49cdeb27f0db5a296a0f2a7e0f23b4601b58f722bd494010c8e79,41,2
IWDEE,CIWOUNH.BAM,3d6efe092041f5c74eed817d4437906d0a5bc5a768a33ba98706516013075d5a,41,2
IWDEE,CLDAMAH.BAM,66d58f9e8a64c3436dc78eb427d5b6283d3d362820adc54ef53fcd26888f2a87,41,2
IWDEE,CLIGHTT.BAM,697f98cac0ae1e742f0c6c051ced917058e0bbaf4e96184f04bbdc2e6ef70698,54,9
IWDEE,CLOUDBA.BAM,36f14aa3087d4b31446fda205d790a8e43973df0e5faeea56a7f42cb7bcca8d7,151,3
IWDEE,CLOUDBH.BAM,db6f9b55835fa4b4e31fa0c492d4858d6abca62c53770dc2c05af2376a9c52dc,18,1
IWDEE,CLOUDKA.BAM,56a1c1d620dcdf469bd6530e51b608dad70dc229aa44bac60455bccf0cbd71cb,64,2
IWDEE,CLOUDKR.BAM,bd4b3e91df196d9db076a8bf7fc39f31294eb7bc0edb9b6ee0df1d91f0d3ba96,64,2
IWDEE,CLOUDKX.BAM,c27ce41276ab62bea458bf53392c738acc440ea73309c216a1cb3acd9d167be0,20,1
IWDEE,CLWOUNH.BAM,c1a5c9f7ffd9a8b8af49bd273cacee3da16a5feaaa5610af13ec3bf4fd2bd61d,41,2
IWDEE,CMDAMAH.BAM,1775645d05e99fa6982a87b473b8017e2f483e8b604451eef08522ed6b0f2649,61,3
IWDEE,CMWOUNH.BAM,0ab996c7eaaa82b093a233fba9a0d87263a72fd87f92c2a0d78a6fa879be1067,61,3
IWDEE,COBONH1.BAM,c53437e1f581b85bd49aae7b6d4d5e7960db40e90b1b8f415d519f2067bbfdbf,93,3
IWDEE,COBONH2.BAM,2ab4dc76eabd090c9c1721cf14d9171f8aa6241fe6f522d1f0296d0266b0d9dc,93,3
IWDEE,COCOLDT.BAM,f26976127b1b5aacdc9c7da106aa52e433c5568d8a4dcc52de70c7b47bd4ae7c,9,4
IWDEE,COFEARC.BAM,76e9fde032b15f99b4980ee9446c068bb2dddc4a9fa66a6d5ce6d723731d573f,48,2
IWDEE,COLDH.BAM,4dd1bd44d7d70b66266e1e79c38bc91f191df8d6435d873eb2a2da1bbeb46df1,16,1
IWDEE,CONFUSH.BAM,475d2a15a7b74335dd9f3a80993fc3d484d9a4d063faed67359042badbb67f2b,41,2
IWDEE,CONJUH.BAM,fe08bda1af59cd852fdddbf067b3af0ed884fe26aa969526b2cbb21a93814eca,12,1
IWDEE,CONJUT.BAM,6bd580408ef66f24362d875be4d1d54beddfe6c0c51ab90f480714d0c11e5059,12,1
IWDEE,COPESTA.BAM,4292c210d000af0e9e979661f081c79add6ac54d0c065b44508e8991cf45445e,65,5
IWDEE,CORBT.BAM,f201f7804bc36474f8938a9f9d07671876f43935c28699e147dd7441616c068e,16,1
IWDEE,CSDAMAH.BAM,764684ce6f316c501eefd11c05c86336ddecd1586411db4dd01d91d7f16c2c8b,41,2
IWDEE,CSHIELDH.BAM,43fb88aa4acdf76d84e6801a8c031600d8c2bad1d7fabb18266187178718a66f,20,1
IWDEE,CSTRENH.BAM,de4755df8c0243dded12f88fcc347a71c95f712534bde7fd29fa51803eaef09c,20,1
IWDEE,CSWOUNH.BAM,62dc376609183868c7c972e5bc0bbf6b6e8fe386445bb971de9a6bc3b7eb751a,41,2
IWDEE,CURSEH.BAM,e4aabe7de35577d60a2f090ff49ff27211b231f5deedec1006ac1615a2dc2661,17,1
IWDEE,DDOORH.BAM,b3cff3b86f652169ef899b8e6886a4c928d15ac55ad5da5ab1a409afae38de37,20,1
IWDEE,DESTRUH.BAM,2bd7d8cf38819dbb9c2de8da8b696a4f7668eb7f573a83371f9347ca8683ac0d,80,1
IWDEE,DFOGA.BAM,d42e8429aa1b614627bcc8481a97b0690c71d7910fcee95f659edc583f89eae2,64,2
IWDEE,DFOGR.BAM,1996b526d9f275e6abddaf2200f1fd307a0335ee7fb2fd5ed08e5e0aa7e6e597,64,2
IWDEE,DFOGX.BAM,05428cdfafb236ee50a57411240d2f9cff8cb655f1ecebadba48d4202fc33886,20,1
IWDEE,DISINTH.BAM,f0933efd15031675f9163cb4c39bb56459dac814f2b13b8ebce32168f34371e4,20,1
IWDEE,DISINTT.BAM,1a76c167aa6d6f9b36c70408bd1355cdebdc7a7157d17607f85b46362c50389a,90,9
IWDEE,DIVINH.BAM,1556f1b7411f3945ef354d1bbf404d0960be37bf1ac21d67ebcdb0350c748f34,12,1
IWDEE,DSPELLH.BAM,4fd8b63352dbe13b7e08700f6abd73e9634a54b8ec85e866979f931180720d8f,40,1
IWDEE,DSPELLX.BAM,e5442b6d398b1b79d0993753388d9128273696b8c63a4fccdbcf8ddf9140fda0,50,1
IWDEE,ENCHAH.BAM,7f42085c320a52521866252c1b752dbeee256eb6b3adf9952aab73574ef528c3,12,1
IWDEE,ENCHANX.BAM,730e330ef9390edf139c77ec01730630d89d1d4030ca86a1e450b7f155c6c33b,50,1
IWDEE,ENCHAT.BAM,2bc4ce120c81a9f8fcdfcb7b1f11cb4d12cb8dd36beed0901522ba620907d4e4,12,1
IWDEE,ENTANGA.BAM,dd302566bbe8548ebebdfe53934e61595a201d3417025d0d9917a33dd91b2e5b,36,4
IWDEE,ENTANGC.BAM,5f30da62f1191444f227b16865870db58e5cf86b07353e538f3cac62ec4b870d,32,3
IWDEE,ENTANGX.BAM,9526efedd9997aed6712eb9821c585cf4a9ef930914f44c932f764bcab5f6593,24,1
IWDEE,ESHIELC.BAM,7c01b6f9c4b4a8ee157901291b57e72def4c2fb393b73c21ce05dc5c582b3d48,16,1
IWDEE,EXALTAH.BAM,5aa4a46fbdd8cfd16f96fef8f06475abf1c23cc009941695613faec33f4b4d50,27,1
IWDEE,FACTIOH.BAM,09707c89385a9c36bf1bc86cb879c3dc392de902798246dc3c482bdea940fd9c,37,1
IWDEE,FDAWNA.BAM,c86b8c7009980d3b7412323ba4fc822048612e5e565b9cbba3f4096805fe9b7c,39,1
IWDEE,FDAWNX.BAM,5f915d9a22f2f26befb69f6531a4227dacc8e9cb5dffc96f063e305fd8fa0bfd,39,1
IWDEE,FIREBAA.BAM,0ec860f2c3e6592d465d60956c6387a78ed7bf9c4e0f91cb6d4ce1354a62a284,89,3
IWDEE,FIREBAR.BAM,35d2c50dd636ef38228bee5408c85dd93078fd700f556b0aff0f6f42c6b989bb,24,2
IWDEE,FIREBAT.BAM,857ec23ea13ff35c1bc27c5565143d20d37cd336e2995c54f527c430249f6184,24,2
IWDEE,FIREBAX.BAM,d621a8e374b7128db8b2f223703808773fb0b9c33abb85a2bf5225c3f4dea475,28,1
IWDEE,FODEATH.BAM,3636e6c541bffa52a74491dda9f4a8f741008d2da5c8bfba7f80dbf1e964f59e,30,1
IWDEE,FSTORMA.BAM,b8cd5d3f7bb7574bfde9aabebb5b11b47cce389be66011ac58a71a1fe295ebaf,50,2
IWDEE,FSTORMX.BAM,c10f356e505aed95f585b2add2d75568ac99803a4fc42c4b685991a8e748ce94,89,3
IWDEE,FSTRIKH.BAM,13ead5e2f0fc77e619451b5f656945bef215ea4b6bcf50a492a3795195f75428,34,1
IWDEE,GARMORH.BAM,4fa07dcee9fcf6e0d10bf25ca2b36138c636bab13afa68066995852b2fe27248,16,1
IWDEE,GLDUSTA.BAM,0b55399f1c832886dc9dfe8f7ad8ed84435073d617143524e88ab37826bc45f4,81,3
IWDEE,GLPHWRDH.BAM,5ea558edf498c82c9137943d6c23430879a44ad13763a87b8eccf3939665197e,60,5
IWDEE,GOINVUC.BAM,8af982e992385a6132941616316de2dccb8e418d0afb79f432404e76d1f9b124,16,1
IWDEE,GREASEA.BAM,f9659b991ec07a98eba1970bca3399b5d7c1fc41326439e314087b8a2e439f6d,16,1
IWDEE,GREASEB.BAM,b80fd3dec46381e17c384a09634fb940aff8ddfc6357044e69b58578d3f4dba3,16,1
IWDEE,GREASEC.BAM,30241211eb363fea791af76bcd1e88aa6ac02233c815361f8aa8751455f148fa,16,1
IWDEE,GREASEX.BAM,8f65cac7b0b9b5f7f1132375c02af98691bbde79eac46b6c2d2eda18ea120069,20,1
IWDEE,GRESTORH.BAM,1dbc4d2117dadddc2b8579647df95e6b90ba01ddad78edcc62f3933928b1f6da,15,1
IWDEE,GRNDGLOW.BAM,e32f57685efb9951b0846ada68aab9e6dabec37b4dc0bdca25e893ce7949aa9e,20,1
IWDEE,GSHOUTT.BAM,40246ba38262941feaf99bbf55677a8aab223374ad9df81f3378b185374c8a39,180,9
IWDEE,GSOLAC1.BAM,be840ece04119c325160f8db919ab96bbb79c79c3ee48242feefc7d1b07287ce,47,1
IWDEE,GSOLAC2.BAM,3499c3556eda8b1ae2276460550f4643d9ae4292a833f89ad0d16ee1cfccd5f8,47,1
IWDEE,HARMH.BAM,37b2b4ca61736f51ca012af306efb8a92707354f1d92ddb5eb998e766b1ac90d,61,3
IWDEE,HEALH.BAM,66b907a56e4289444ac80db4e480adb3bfadda39db791ecc21faa877aadf2cb4,61,3
IWDEE,ICELANT.BAM,502514993be64875d42771a164bbfff097ca07c2260cfd669d3e6341842658d0,54,9
IWDEE,ICLOUDA.BAM,37385587c1ac4ea4d6e8f0f1bc5cccb79e8787c84ee23d363e1821906b7f1476,70,2
IWDEE,ICLOUDB.BAM,8e47b0664da0dd6e4a95351d8b756b90892a2ff89b851d1941b0dd1417a41256,20,1
IWDEE,ICLOUDX.BAM,5c335633b463fe512731d3b3dd8b19d8f2b098a3702c403572be37fdac2538e0,6,1
IWDEE,ILLUSH.BAM,e3971bdb7a160b0a552cf0d0aa1da4fa1e0b3d2bd00bf06ff5444a18ef6729a5,12,1
IWDEE,ILLUST.BAM,dd7d7edcc01e39e34f80ed8fb0defc57b3c8cc4def3a95ca526ae7d5f1b3e621,12,1
IWDEE,INVOCH.BAM,28a06a83ccfe0aeab7a9a6003e1d7f0929c91a65354243eb0e87d9d79e59c2b3,12,1
IWDEE,IPLAGUA.BAM,58582ac90c9e29b32615098b05fa9db8e14299834d0b79eca1ff24c52084ac2b,16,1
IWDEE,IPLAGUR.BAM,5d1cf36f7e0b56621ff6696c548443ef3e84be04cb9b8f3a4838f98b1dafcf24,16,1
IWDEE,IPLAGUX.BAM,5c335633b463fe512731d3b3dd8b19d8f2b098a3702c403572be37fdac2538e0,6,1
IWDEE,ISTORMA.BAM,eaadbb5f2ee48df0bdbc1898428e80d6d22fa94b804a569a058f2823c920566f,18,1
IWDEE,ISTORMX.BAM,5c335633b463fe512731d3b3dd8b19d8f2b098a3702c403572be37fdac2538e0,6,1
IWDEE,LIGHTNT.BAM,c5296d2eb91b295af3632f146fbc5c31aac4fa345a8761ae763e02d6468c8e7f,54,9
IWDEE,LODISRT.BAM,4932e613a7f0a42efb449716dc8172d1d2ca2e246f2825d2694cb329d1975ca3,144,9
IWDEE,LODISRU.BAM,66086ed2d27693adfb07d5c4a9fb05cdaf9204fed6129db93422b03d5bba4302,12,1
IWDEE,LRESTORH.BAM,e73366f1fdb8d1074b1e05dd4f99bfe113ccccc9801b57b8736fdc46b42f88dc,21,1
IWDEE,MAGICSTN.BAM,62c51dd348750823af1e93885f1abd3957db119fb4a41a4ff33120ff968b49ee,8,1
IWDEE,MFMISST.BAM,c5ce922ea3f0bdd5ab3b1fbacf18f833d858d2c55040c38de32076e90849c6e8,16,1
IWDEE,MFMISSX.BAM,30f18358a675f65b86458c5855be78cd09f7aee160666b561e22d2e3d0a290fa,25,1
IWDEE,MGOINVC.BAM,663abe22f67e82a09b4cb0938b752069fde7e953db20db4c7ae44d45f221ef70,16,1
IWDEE,MMAGICH.BAM,afc72ef914063d8dbeee9e9d8ca799d4ee2ef468f0afe0be00fc081c464c2536,20,1
IWDEE,MOELDAA.BAM,eb6070a344d01a064bc36c9e3a11abcf16a76cc544d7c1562ddd4787c5139331,152,4
IWDEE,MRAGEH.BAM,cde4ac94470adf66904c6283d773202041641cd6fbeba9c077dfcc8db9d3ddf6,18,1
IWDEE,MRAGEX.BAM,7072c445178a9d9baae2cbde6f2a12a24dd8a66ecbe294b94817bcecf464d981,36,1
IWDEE,MSUMM1H.BAM,085e8de1fcc762bd90c05a16683d07d410f8b1c4bd080a7103c3cee36f466c65,48,3
IWDEE,MTOUCHH.BAM,f31b88ccadfafb0a80ecb0101d44ffd455ee6062947c645bec3fbaabc79f722b,27,1
IWDEE,NECROH.BAM,e744b7c2d8452271308fe30a1686068790f279140d83528a051c8be956cf7356,16,1
IWDEE,NECROT.BAM,49a4eadaf7c95a1bc2677accbb465cb455cc069a3dfc51ff2a24474bf4536832,12,1
IWDEE,NPOISOH.BAM,2f21f43fdbdda68e1449a11c4a77c06ba8656bd6f78b60fd022571a19db8bef4,21,1
IWDEE,OFSPHEH.BAM,5ef50ff4fd61c0bb355b2ecc34e49b4e105eaeaccb6c8a950cbe8b94723b1698,35,1
IWDEE,OFSPHET.BAM,e96089580f6154b7e3dd3e333a71049d651411b594aebe1ac282e3566e59192d,90,9
IWDEE,ORSPHEC.BAM,0b0af8ef31614cc2cd72cc4d0a3ef71644e9758e31f006d4cc26149543395d8b,16,1
IWDEE,PARALH.BAM,b2d3825586f0387a6797b18aad6bd4e25b2a452964adbc3194fcf4d2324a70f4,12,1
IWDEE,PFIREA.BAM,8f4620adf4c8eb1cf4c7bebdcf45d92c6ea8df9736993c67a4b0d870f7d6f153,89,3
IWDEE,PFIREX.BAM,3e671d211b00e8ab9da63fee62d0d5af6baac45b6f10fca9955e208830f69441,28,1
IWDEE,PFNMISC.BAM,646b4337407f8ccc7f50e209dcd325c6d63ad858fd297effc1fb17b0004882ea,16,1
IWDEE,POISONH.BAM,1603936a07668776a4a6ef8cc6d30544a37824d3e287883f9b1462f5b6f985cb,21,1
IWDEE,PRAYERB.BAM,6672c9319a04b7cd1ed85f5648f6c725e669f5a5150e460c0ffa978f5b04cbed,20,1
IWDEE,PRAYERG.BAM,76b818b1d3b9df9dc814a53359768a8bd88141c2dd5f633395be018b246cc1b8,20,1
IWDEE,PSPRAYT.BAM,7ba2d1fdb3ab7a08b73214f969bc88e634f32483a27d45c91c06e80f074adaaf,30,1
IWDEE,PWKILLX.BAM,b836c5b2c21e872fd7c990ff615870f0bb7a9cd7f38cb328ad26e46a0bca113a,33,1
IWDEE,PWSILEH.BAM,da4df63d825189fd1481d2395c1d14b91d5461250b3de011ddd4d0a08facb434,24,1
IWDEE,PWSTUNH.BAM,5afba6211239b114778c07ec0d69f85da98a9bfd9e1311629042a89b7f45e394,24,1
IWDEE,RDEADH.BAM,d17f1cdac00f0576c72d6cf6cb6edf73914d0f0198b90e7fd57be0203b7fd0f7,31,1
IWDEE,RECITAB.BAM,7c24535c40f1037c39fa248ec38d8c30000e45fe25d0b4f7a8078cb15301a5d2,21,1
IWDEE,RECITAG.BAM,d0a51ed2762313a2b98aab33d397bc0b0b5d1a65a330a35500a67c39beb33a73,21,1
IWDEE,REGENERH.BAM,5456e6e36db1414e079c618104bccaa981e34c9ec8a612aefe82283d04fae4ab,60,1
IWDEE,RESURRH.BAM,6cf6ba6fa7c5568d1a1b189a841e08276da9b294fb2f3b9ca986adb7cffaab8f,37,1
IWDEE,RPARALH.BAM,9de5dd837283052d210c9edb68edd49ae7290fbb1c26fa3655b1ed16c2e86162,34,1
IWDEE,RWOTFAH.BAM,48f1282ea08dcebb8e1d1aea648d9316b1fabc144bbc248a428ba05e962a1983,43,1
IWDEE,SANCTRY.BAM,35f0f7544cb35c516f2ec31e2066312bb30edf6fdc749e7b40332297f23f3594,16,1
IWDEE,SARMORH.BAM,bfa6241faaef02785e53425d47e712262dbc1891713960915fa597ce97d02751,16,1
IWDEE,SCLOUDA.BAM,feae1d493e2018dccf16cbdff9aa850543affdc6cb2baebebad84db1686abdc5,64,6
IWDEE,SCLOUDR.BAM,cf8a2c50de46ba8e97a2f85f93a6adc65974eebd203f624a8b05a17cf1c6ed5b,64,1
IWDEE,SCLOUDX.BAM,528499497bfe3526839f9bc3fffd37c29f4e4eaf9f8ce9963286238f40211d68,20,1
IWDEE,SEATERA.BAM,609b724ecd30adf58199a1a99916c38f22a7c14ac479b0c1655fd14da07d7e7c,74,4
IWDEE,SEATERH.BAM,9cbf1f30153abdaddbd777217ca995d479d42d0364b92603032895f7808eb2ad,46,3
IWDEE,SEYESC1.BAM,84283be98564cd7494e94f3779dbcb11fc6f85f4ebc484e44882d8adc322ed73,245,8
IWDEE,SEYESC2.BAM,14bb7ebd3c02f84a31c3114904ffc2614cbe85bfcf8804243f2220dd5954f4f4,245,8
IWDEE,SGROWTA.BAM,57a8f137f46f9e13a9186b6140f2b9ea4fba988ce0075a1e56c9d510c16010a3,49,4
IWDEE,SGROWTX.BAM,803594932a83ab18927f50b3284aa90515fd6e0f3fef0cb02dc361eba8517721,32,1
IWDEE,SHOUTT.BAM,b0616b07c6d70e276d67f70c0a21eee90001006669e326ab6627d4ba450aee68,180,9
IWDEE,SHSKULL.BAM,1e497d63b0a1d10b40b9cb8cae63998a8875dede8f6401953290c4246dc8a946,1,1
IWDEE,SKLT.BAM,a2cc27443930b25115501bc9207cac902e04411db16072b6ab0ccbae7639f161,9,1
IWDEE,SKYBOLT.BAM,3c2f26c8eaa99779b4aa0fac6d41e11b212e190cc64f42d7bd15c9816db92474,23,1
IWDEE,SLIVINH.BAM,dffe35282f0207bce37d0927abbd051c5ade6e4d86654722b542f639e346e7cf,66,1
IWDEE,SOFLAMC.BAM,ce6952799750ec9034938cb8daa6a4e3990800f0f2310e173c822d31f11d1808,12,1
IWDEE,SOHOPEX.BAM,037acce163abb89134080a02de4faaa7f8318ddfefe9fc8c05aec4bdc5904a3d,24,1
IWDEE,SOLATC1.BAM,251c247c84d41e2868ba6b151852994ee501dca00aaf3f8545f34ab48970f31b,40,1
IWDEE,SOLATC2.BAM,2b2636e0a5a7e29b96b19f2aa11c70f599e108b3639c625a6e7e52ca347b2731,40,1
IWDEE,SOONEH.BAM,8cdf63e6748d26ea2610d40dfc58081227e72a07668fcf4bb5154ece723403ac,21,1
IWDEE,SPAURAFB.BAM,4612c0647fd53e097db7e74c234c3947de862057279ab87b9f6043185ecffdb2,20,2
IWDEE,SPAURAFF.BAM,46c33059a99cb99e048bf619ac30ca074b7fbbef6c981f33ec88e44ddd1fdeb9,20,2
IWDEE,SPBEHBLA.BAM,92fda05a13b80e7e3e78f470e5fbefb0978586d9a93825f8bdcbd758bde5439b,100,5
IWDEE,SPBGBFST.BAM,d6e0fffadfe1ef1561cc3ec5ddb0f1dbae02ef1c1c485f3681c8c59c09bae4eb,37,4
IWDEE,SPBHANDI.BAM,80f7859b631a5078d4cc73a2d889f54227e2d16d81cbbee55a29efd803cfd5cb,12,1
IWDEE,SPBOOM.BAM,f465792a2deccb27c760c421df2e1dfdb6bc144f6498a419af961eff5d10124b,8,1
IWDEE,SPCAGEMZ.BAM,572b8cb4ae9f1f135fbef5082c7d36e32d5b449fad927359a66a22e4b44322f1,84,2
IWDEE,SPCALLLI.BAM,6890848ddaa3ba24b4e23d56727ab865a0ef3ee20fc86b25fa32608addd2ec3c,18,1
IWDEE,SPCHRORB.BAM,abc25b0f09763ed0b39fbeec56f45408b205400ebbb0b7562903c3e535007113,32,2
IWDEE,SPCLKFRI.BAM,76e9fde032b15f99b4980ee9446c068bb2dddc4a9fa66a6d5ce6d723731d573f,48,2
IWDEE,SPCLOUD3.BAM,869c0ebec02473e2be84ed4412c3957abc4bee967b7b8b0ecad91f613694c7c6,11,1
IWDEE,SPCMWOUI.BAM,0ab996c7eaaa82b093a233fba9a0d87263a72fd87f92c2a0d78a6fa879be1067,61,3
IWDEE,SPCOMEXP.BAM,4fd66cb40ff5ae2056078af310b53e2fad1852f3c400f34ffd5018d5b89bac1d,15,2
IWDEE,SPCOMTRV.BAM,75ad2661c6c1a7f7c23393053159dd3579ce5ba5b81c360d8c54750f8ad57762,7,1
IWDEE,SPCONTIN.BAM,564b475caeafc029c224654830489c35a1ae4caf96ebf93c19d5a2e796398dc7,66,1
IWDEE,SPDRGNBR.BAM,781a0224c495b06fa145f3997a04de95efe35a0b7d5c94eb9d9854724d9cc82a,36,1
IWDEE,SPEAR.BAM,80802e06ed6c18d836394c3d07020a0e1bda793b55e2d7725a0f023ae0e9437f,30,5
IWDEE,SPENBLD.BAM,62ae2f264fce9020669ba765d93aaffac80afa3259b01ddcd554ed38149a61eb,3,1
IWDEE,SPFIRESB.BAM,48711ea162ef7051f53de2052842743b4492b5a73575d1c2f02e6e1d7f983c0b,76,4
IWDEE,SPFIRESR.BAM,083240774c0b6ab3863da255fb2335c168ffae4b380edbc9f2746da752599e92,76,4
IWDEE,SPFLMARR.BAM,d01e0b753a0d2f13fac1e485fe99ef995deddec3a947e8bd26f2ea9f29b049cc,30,5
IWDEE,SPGFLSH1.BAM,085e8de1fcc762bd90c05a16683d07d410f8b1c4bd080a7103c3cee36f466c65,48,3
IWDEE,SPGLBBLD.BAM,3b4516a253723de448602da89c31bb1a281adf4d0ce8636e6352154d27e7a9cd,24,3
IWDEE,SPGLYPTI.BAM,118c1b05c270901c19e606d22cd0f4d7950ff0961c1573fd90f798c03ec51e22,16,1
IWDEE,SPIMPFR.BAM,afaf2a45c7c74319c0663e32f7481e7612680d25745e0d2205cdef9c42afe0ab,59,1
IWDEE,SPIMPPT.BAM,060565f70d10d04f710e479978ce3dc1dc5dbf29b0b2787c0f87cf03441d8c0c,30,1
IWDEE,SPIPLAAI.BAM,5ce9cf15e26185fe27274e263778b4e7677176c9c48c980c6a3563fca70f857b,16,1
IWDEE,SPIPLARI.BAM,5ce9cf15e26185fe27274e263778b4e7677176c9c48c980c6a3563fca70f857b,16,1
IWDEE,SPMINDAT.BAM,db3caf2775440b5233a1edb9721cce7c9e47d3a505f733e4bc60c46bd6efc4d7,30,1
IWDEE,SPOISOH.BAM,7d90c884cc0c8c88c17f11b2a11da422829d4696223bde1e49d08747aaaf2be4,21,1
IWDEE,SPPORTAL.BAM,90ff0f284bda26daa93b7ec03d58f3d0b8ddf9e6d5477c84696c7d17d94feb8e,38,1
IWDEE,SPPROIMG.BAM,f0d9a08a44c93783356b2a16c0a67a38c1b00367e9f28d55797b322ef24c65ba,38,3
IWDEE,SPSHADOW.BAM,e6104e53e1659f20588cbe6bb5ff236ef40a93f6fb81140b825e10ec1ed89e22,6,1
IWDEE,SPSPAINI.BAM,e6a80fe78290d815d532ce110f0ae9104f0a538e843e0281f3b58a2514c28c89,24,1
IWDEE,SPSPEV.BAM,175d7cc482ba9d943015119fa945ca16e8c30a36eacb4755a3467e04a8f63311,16,2
IWDEE,SPSPMAZE.BAM,778b37be96c003c8fcf794441ca4a3d678d86d12ba73622235efc1c57d63b245,75,1
IWDEE,SPSTRMVA.BAM,b21368ef03e0ea1cb1a808858129b51d4ec76c52e287ad5da21b7ee147cd0d08,30,4
IWDEE,SPSUMGTE.BAM,4d6823ee31888ff5d6446b203f62015e5bb02a4a053239eee5e5d11d941076f5,50,1
IWDEE,SPSUMP.BAM,6efa963f67aac01ccd60dd74bd1fdf1aaaf3e3faa059978d6b218968a5d0805a,32,1
IWDEE,SPUSEANY.BAM,60e89cbc4f128aa900e7c6ccd59b839837fd82f85d9f4f4ab547cb670117908f,27,1
IWDEE,SSHELLC.BAM,454faa5e7b0e8a1182e7fdaf44e565125c882256abc951b5c8a30ff73495f1e2,16,1
IWDEE,SSORBH.BAM,6106207c684fb9d206889da9f3973dd66919b79459f8777477524cffd7dc5474,35,1
IWDEE,SSORBT.BAM,a17b8ecef456c9fdf08e8a1c1cfa586edda7314e715671998a76cf351769008a,90,9
IWDEE,SSSWARR.BAM,5c006f116246b1577a6199b9a0bc8a05443e7dc6d8eb1a52002fe168d3ec22ac,8,1
IWDEE,SSSWART.BAM,aa45aea01eba3bead92e2154c9e61edb0567c073a1d89a7296c38eb84c095e16,72,9
IWDEE,SSSWARX.BAM,aeac0fd6f45184e2b324eb121652899133fd53a889b8995e7e93b941b46813db,16,1
IWDEE,SSTONEA.BAM,4466cdf172201c88e70f50b3acbbdc43484fd92cf5c305afaa041505997b61b3,17,4
IWDEE,STRENGH.BAM,cfc948b0d6898bd1709910f8a016fd94814340f263a9e971bedb0e90110c2ac0,21,1
IWDEE,SUFFOCA.BAM,d326192bb36d6492415ff791ecb4f28c17e9723512f5e69b5d08dbb2545c01ee,113,3
IWDEE,SUNRAYX.BAM,5b888a86bbe72e2aebae9ebf69de3a04100cb986a6206c5da125eb8d9c8d782d,24,3
IWDEE,SUNSCOH.BAM,b2590a80af887965a8218ab154d5453aadcc6cbbfcdbc6822ace6d356807a8bf,24,1
IWDEE,SWAVEH.BAM,5f9724ab073195ac9397d1d71560eb20636333c8d1f585fa02f8a68bbdb9b475,32,1
IWDEE,SWAVET.BAM,bb537b09b57527258ed335f7314c85ab7c2728526b9f97ee0e4ac2074b82baee,32,1
IWDEE,SWAVEX.BAM,569035e2a04012da66bc7fc6dc10994030de82bbede24aa0a69c917d1c52660a,144,9
IWDEE,SWRATHT.BAM,aa8ea7fa8bf2d2bd4f03330a0ffb718364e74d0e028a3c0bbe106d1fd54908d0,16,1
IWDEE,SWRATHU.BAM,3c9102253472d012486737810949a508d460b3d9b3a491c3d6b9689544f9bb91,24,1
IWDEE,TRAVEL.BAM,fa59baf2c0c928cf0a8d5dce86ec63d3c3a2266d64c042983c3f8ee08f434468,6,1
IWDEE,TSPRAYT.BAM,6075b561e17f2d642c41a81388f698f5cc1f3fd2183e6819cbc4fc87130eb8a1,90,9
IWDEE,UWARDX.BAM,4651e60ec393f09ffcd88f73df9bc6b8100b847084606e070a73e2045727022a,22,3
IWDEE,VSPHERT.BAM,84d0c95919beb38778d09f8a66f66e9ec2712b5fe3274013f775a82a816dfb48,16,1
IWDEE,VSPHERX.BAM,62b42681dbf486fe59043952359375c560db623c79c73a97307222be299dd6c8,32,1
IWDEE,WEBA.BAM,7fe6527df7e7190196c196ef4930b52cc3a337da6e737d17df5c4f8b554d7e50,50,3
IWDEE,WEBC.BAM,0712be46f930c6e88209bfda4e57fe5b68b4b43f9a34be7e8178d6099e876fc7,32,2
IWDEE,WEBX.BAM,048e593530bc98d94bc2c5a723af9c6afc837cf7e97bcf463624dcb8965dd454,16,1
IWDEE,WHIRLWX.BAM,5fdb87c2c1ce542964266e68b75a70643e1c3b04ef38560e7624030afd9f8e2d,12,1
IWDEE,WITHERH.BAM,a6f2f75363d4c84ced93ad4bfca6aa54bf8caf20d11bdee833f9762a5c9ff448,60,1
IWDEE,WOMOONX.BAM,32ef6bba9fb2427b76b316ef72118f7248044f8a003134bba4bc269f6da9766c,180,9
IWDEE,WRITHING.BAM,fca64bcc0e624472f379049806bfe01ee0d1a2c72555a8346d9febf282255129,53,6
EET,1WDCCDAM.BAM,aa1595857849acb797c3a54c62eb56a903eee221867a771a4e2317ec8c8a4360,20,1
EET,1WDCLDAM.BAM,45eef0df089f9fb43874269f14ec5ab71b225b35b2871ed4f44934ae4706a8d9,20,1
EET,1WDCMDAM.BAM,fedac2d38f371bf053a433efb70aef50a9d9e0a8e9eadc2992ecfe9b734207b7,20,1
EET,1WDCSDAM.BAM,922a194863ba01d3f66a91d6e0c73d7f665975fed8c33d051360631690e186c2,20,1
EET,ABJURAX.BAM,b0cc72ff488c9c812fb162863eccd6c74bb892e5c9b63534e1e87f9b4cc36497,40,1
EET,ABJURH.BAM,5e02e317a9b20524117dccffbff6126f88c6ab0bc40db025cc1a8ed3c43424df,12,1
EET,AC#FPCAU.BAM,558f537bb92472c324250497ad7caf1b03f30ae387341be333fab20710f861a1,20,1
EET,AC#FPMOU.BAM,a6d087ca788939c475a8b468a02d2724462b605c663555aff015879404a9c849,24,1
EET,AC#FPSLT.BAM,8dd0b40a0f151cd0c4539c1e3f52258ab14bf0f99de9b6f5115da5e0ee99cac9,70,2
EET,AC#GREAG.BAM,66ebdd41c39f10e13a3b59d4f655c74a87ef32cfd281ceeae4ff7911f1e82c38,24,3
EET,ACIDBLOB.BAM,3a212f9dddd3e06dbbc11afad998977d7c9b42fa936a412aec5e4479c24792ec,30,5
EET,ACIDH.BAM,a7a14051f378c1809c59e689c9f613b80feb885b3e9875c218d0c46d25aa2e01,16,1
EET,ALANCET.BAM,4b6659be61d30646c9418fed79e1c0319dcf22f48433d6ac289a3b9dbffaf1a1,144,9
EET,ALTERH.BAM,b74a2345607cca4c4888f6ab352ab96e2d6617473903971e42c231fc89a8b452,12,1
EET,AMSHELC.BAM,04dcc6df827d5f122b767d33ec3937138bfc7e67557cf7717bfbb06bb6633bf2,16,1
EET,AMYAG_B.BAM,5589df8e84d0ac9455c925a5e1c08331c0b124fe8f6dc4642b40922428c2f31b,34,1
EET,AMYAG_F.BAM,b083d0aadb42c04e25b5f2d5d330d8bd6c98974d386e5870f4ea679a633b2059,34,1
EET,ARARROW.BAM,062c2b646df3d17d73309e3fbd9f74c6526f83f1446b9ed91fa6c79c3f51add2,15,5
EET,AREA1X.BAM,ee2b012e14330b81bff24c38d3ba217c4fc9ff882c95db03ec5ac6cfe24c1471,36,1
EET,AREA2X.BAM,e0ef496044d8a9d55df539feb93b626997d2fec015809765a890c06fe71c5480,36,1
EET,AREA4X.BAM,167d357e1a4f94ca2f54c118adc2088cac3e5c55bc052e4c00b90e5e0b933095,36,1
EET,ASTORMA.BAM,c7b41a3025711e65f362d4d600a490b793cb59966425376c80700fdbccf3bac0,50,1
EET,ASTORMX.BAM,7f1b0207728324b1151e3d13445fc9adc3debb6325e71c03ed4b3d705bb93bac,20,1
EET,ASUMM1X.BAM,7e8ce2bfc0939ae9012d386d98dd66a316bcdd70c1415b23d9b4e1619971ddc4,30,1
EET,BDCROMSP.BAM,e44da06bc42994d4c89b7ba5270028cacedf7cab4042ed89b624dab9861eb160,48,2
EET,BDDARKX.BAM,21aab5d81b59e269819f965db546f8c9eb498e5c42606d86e22dc19f2aa39a2e,20,1
EET,BDDISPMA.BAM,88838843969c1b27af899b1537f973e8af5ae38e47030e4c79dd3fd337cab054,41,1
EET,BDEATH.BAM,d42e392d5bce30cac0a743c9d82af96cb4396362de31127108f9f9cc4034d067,26,1
EET,BDETHER.BAM,110223dcd804d1c969afe352b77cff25be8a30bb8928dbb56ad5df2c88f01ee4,32,1
EET,BDETHREA.BAM,d31c65134beb2d32da4b1a1276d4fd23a8f4471be706644c0149c8c0b1ed572a,80,4
EET,BDETHREH.BAM,bbdd7cca77fed36d8bb81a7624f9d184c63634bc2b5ffc11422c5c6b6e867971,50,3
EET,BDFAVSPI.BAM,7364024aa1967cc396253ba485c55cbf136267bda60b8471895760a58c58909e,21,1
EET,BDFIREWA.BAM,670f9cb9cdf11ad395e08bacf71c62f55ab726507acfab13208e59e00aa0a280,180,9
EET,BDFLBRST.BAM,3d94c0c5d7b7a9df26cacb716fe1786c21b7387af96ba47410354e79294e5eaf,26,1
EET,BDFORCEW.BAM,a823590084db5ff75d851ebca37be64bd3f624a528a2679225dc6aab30a2c2f6,160,9
EET,BDGOOYAA.BAM,52c5d7f748ce86240890e94f5bba07cb55f11d4bdabae44fb92f3f52d2a6ddef,70,2
EET,BDMAGGLO.BAM,37f5783e1448b666347b1739aaf0ade2874c04c5f5cbf681e08c98fdf77e6b0b,33,1
EET,BDNERKIS.BAM,9360baf4e0e715e2ca0a054f0bcc09f1579a263c0ab98eea1ce558767bf86cf5,15,1
EET,BDPFIRXI.BAM,c4fbf0f2000a7f6b80fcd3b9b5ce576167f456dc4e3de3b78c2fc5ba5ebf07f3,28,1
EET,BDPHYDES.BAM,0f99ac21333852ebb9b928b7b6cfc0c0284bc54ad4e9286b1cf870da685574a3,48,1
EET,BDRSPIRI.BAM,f1833cba6fa6f2ecb12f0d60cbf6de89dc6cd036813f5a29910f145a85500cb8,31,1
EET,BDSCRY.BAM,1556f1b7411f3945ef354d1bbf404d0960be37bf1ac21d67ebcdb0350c748f34,12,1
EET,BDSFIREA.BAM,a9ba01dd1f7a42e1db508956f4950cde5ce69bef739b82670a05f6b9ea901c81,75,4
EET,BDSFIREH.BAM,1e5175a71b7da24cf344e7c112d024e830ea7a99aeb4a3bca794445f48212e95,31,1
EET,BDSFIRET.BAM,a13ab170a6a5cbff57f2b410e49611e9805b863f16eb50be7c59bc48b1728caf,72,9
EET,BDSHSUM.BAM,6c414b980c745b86e0aa9e4d5a47e36988aa3b2e456434345b797883409d6b58,30,1
EET,BDSPCLAR.BAM,e265e87ff9c567c5ff56d0e44dc5284ad9817c4d4760acc18636fb7036f77159,27,1
EET,BDSPLASH.BAM,947e0757eba4c2c16d0ecf49464fdca35ca54961d1a6a4fbd04e2b94410658ae,20,1
EET,BDSPLOCK.BAM,5514c6f98b970881f249e80b24ce566a23eb53851607241e40f7305336a83951,21,1
EET,BDSPWARD.BAM,2701a063ce2a5b6d10378d88cd2e287d120cc31b383e7139a617469a3e2a51b4,25,1
EET,BDWARDGR.BAM,fe3190eda1dfe93abd3708cf4aafb6ddb18d26ef16083108ebaba4b980092c54,24,1
EET,BGLRYH.BAM,ebdd426400a1798061f0f7c2d8372a8bd18d59d80860f1c7fa63d676f457236b,25,1
EET,BGLRYT.BAM,91d12d8ce8a09e08497fe2b39e32cea09d077e0b025f06ab95556dce6d533e52,20,1
EET,BLESSH.BAM,056869816167a42dd1161218775750ac8a45f1d2e4d8a3f538c68990530cbc00,16,1
EET,C#DARKD.BAM,97ae7a1db51f6344f6453f73dd97212ea1137ec54768170fddefc9635bc83291,12,1
EET,C#DARKE.BAM,d04746b72eadfe364b13f1fb957a208a048d8716918411394f421d187ae46ffe,34,1
EET,CAELEMX.BAM,7b8c19aaf1a67dd510fc4d8e27845b1fc5a78e421affd3d7f51bda5486869557,29,1
EET,CCDAMAH.BAM,d56a45c7d4a1f015b6fed9ccc77e9d0ab921c0af65675a0729096a6b2785794a,41,2
EET,CDISEAH.BAM,b9e019ca9be36c7cf8353d98038f0bd3726f51af3836e712bfbc068087009f07,21,1
EET,CEELEMX.BAM,5aa5ef9313fad8544217ee0cb4add2a036cef82c1bbefb199ff88fd8cbcbc12b,30,1
EET,CFELEMX.BAM,e23dc9b08683edcfc1a5e2db9588a81e24a148d2eb123cd52eb73653779ab728,30,1
EET,CHRMCYAN.BAM,0d0304f8790ba9f9d88967d22e61694e510e19abd703fdb7d30c2575759505a1,60,1
EET,CIDAMAH.BAM,1481f9d58da49cdeb27f0db5a296a0f2a7e0f23b4601b58f722bd494010c8e79,41,2
EET,CIWOUNH.BAM,3d6efe092041f5c74eed817d4437906d0a5bc5a768a33ba98706516013075d5a,41,2
EET,CLDAMAH.BAM,66d58f9e8a64c3436dc78eb427d5b6283d3d362820adc54ef53fcd26888f2a87,41,2
EET,CLOUDBA.BAM,36f14aa3087d4b31446fda205d790a8e43973df0e5faeea56a7f42cb7bcca8d7,151,3
EET,CLOUDBH.BAM,db6f9b55835fa4b4e31fa0c492d4858d6abca62c53770dc2c05af2376a9c52dc,18,1
EET,CLWOUNH.BAM,c1a5c9f7ffd9a8b8af49bd273cacee3da16a5feaaa5610af13ec3bf4fd2bd61d,41,2
EET,CMDAMAH.BAM,1775645d05e99fa6982a87b473b8017e2f483e8b604451eef08522ed6b0f2649,61,3
EET,CMWOUNH.BAM,0ab996c7eaaa82b093a233fba9a0d87263a72fd87f92c2a0d78a6fa879be1067,61,3
EET,COBONH1.BAM,c53437e1f581b85bd49aae7b6d4d5e7960db40e90b1b8f415d519f2067bbfdbf,93,3
EET,COBONH2.BAM,2ab4dc76eabd090c9c1721cf14d9171f8aa6241fe6f522d1f0296d0266b0d9dc,93,3
EET,COLDH.BAM,4dd1bd44d7d70b66266e1e79c38bc91f191df8d6435d873eb2a2da1bbeb46df1,16,1
EET,CONJUH.BAM,fe08bda1af59cd852fdddbf067b3af0ed884fe26aa969526b2cbb21a93814eca,12,1
EET,COPESTA.BAM,4292c210d000af0e9e979661f081c79add6ac54d0c065b44508e8991cf45445e,65,5
EET,CSDAMAH.BAM,764684ce6f316c501eefd11c05c86336ddecd1586411db4dd01d91d7f16c2c8b,41,2
EET,CSHIELDH.BAM,43fb88aa4acdf76d84e6801a8c031600d8c2bad1d7fabb18266187178718a66f,20,1
EET,CURSEH.BAM,e4aabe7de35577d60a2f090ff49ff27211b231f5deedec1006ac1615a2dc2661,17,1
EET,CWELEMX.BAM,30c6102e6d2f0c2c1f181a46e192a4473511c90291c224af815d440f6cd001d1,29,1
EET,DDOORH.BAM,b3cff3b86f652169ef899b8e6886a4c928d15ac55ad5da5ab1a409afae38de37,20,1
EET,DESTRUH.BAM,2bd7d8cf38819dbb9c2de8da8b696a4f7668eb7f573a83371f9347ca8683ac0d,80,1
EET,DISINTH.BAM,f0933efd15031675f9163cb4c39bb56459dac814f2b13b8ebce32168f34371e4,20,1
EET,ELECTRH.BAM,6cc8d12a32b3ac42a0e3fbc1f7da1eabc83c6d57aa66aeb21eeb596c82aa153e,12,1
EET,ENCHAH.BAM,7f42085c320a52521866252c1b752dbeee256eb6b3adf9952aab73574ef528c3,12,1
EET,ENCHANX.BAM,730e330ef9390edf139c77ec01730630d89d1d4030ca86a1e450b7f155c6c33b,50,1
EET,ESHIELC.BAM,7c01b6f9c4b4a8ee157901291b57e72def4c2fb393b73c21ce05dc5c582b3d48,16,1
EET,EXALTAH.BAM,5aa4a46fbdd8cfd16f96fef8f06475abf1c23cc009941695613faec33f4b4d50,27,1
EET,EXPLODE.BAM,2a6b43bc61cdd631506ec048f06db7ee2f9cad609e2b6a4ee731c8a8f4b559cc,12,1
EET,FDAWNA.BAM,c86b8c7009980d3b7412323ba4fc822048612e5e565b9cbba3f4096805fe9b7c,39,1
EET,FDAWNX.BAM,5f915d9a22f2f26befb69f6531a4227dacc8e9cb5dffc96f063e305fd8fa0bfd,39,1
EET,FIAURAC.BAM,1ac2598479d45ee53e27830d74ff2495bef3ceb4b49b9c72bfd2396361eaab9a,89,3
EET,FINBLANK.BAM,433e856bfc910406a7e50bd308ea4f582b6ecd998b0d9e69d427078e70672ad3,50,1
EET,FIREBAT.BAM,4aa73da568190875428fc532714ad7576c02a9ffe61fc1db65231ea19ba6db4d,24,2
EET,FIREH.BAM,ad37cf20a2180863f1bb91081ddefee77465e3fffa67febe77f17533334c858c,16,1
EET,FLMSTRK.BAM,13ead5e2f0fc77e619451b5f656945bef215ea4b6bcf50a492a3795195f75428,34,1
EET,FRAURAC.BAM,4c3ff2249d5d0b489cb2d556561c2a93cc2c5309eb91b8501671344c22014bbb,24,1
EET,FSTORMA.BAM,889d21f9b46c350474fa36e032ad2818c8c11511a2d83b69fc4989be7963c20e,50,2
EET,FSTORMX.BAM,c10f356e505aed95f585b2add2d75568ac99803a4fc42c4b685991a8e748ce94,89,3
EET,FSTRIKH.BAM,13ead5e2f0fc77e619451b5f656945bef215ea4b6bcf50a492a3795195f75428,34,1
EET,GARMORH.BAM,4fa07dcee9fcf6e0d10bf25ca2b36138c636bab13afa68066995852b2fe27248,16,1
EET,GLDUSTH.BAM,c1f44b834aa12b113bb4e300303fb7cdf795bd84cd9412ecce7a1653d97e7043,39,1
EET,GREASED.BAM,ecad8f8a2dacc293f5068ead6a14e49f75a4bce45cb502ae00f74eb94493f191,24,3
EET,GRNDGLOW.BAM,e32f57685efb9951b0846ada68aab9e6dabec37b4dc0bdca25e893ce7949aa9e,20,1
EET,GSHOUTT.BAM,40246ba38262941feaf99bbf55677a8aab223374ad9df81f3378b185374c8a39,180,9
EET,GSOLAC1.BAM,be840ece04119c325160f8db919ab96bbb79c79c3ee48242feefc7d1b07287ce,47,1
EET,GSOLAC2.BAM,3499c3556eda8b1ae2276460550f4643d9ae4292a833f89ad0d16ee1cfccd5f8,47,1
EET,HARMH.BAM,37b2b4ca61736f51ca012af306efb8a92707354f1d92ddb5eb998e766b1ac90d,61,3
EET,ICELANT.BAM,502514993be64875d42771a164bbfff097ca07c2260cfd669d3e6341842658d0,54,9
EET,ILLUSH.BAM,e3971bdb7a160b0a552cf0d0aa1da4fa1e0b3d2bd00bf06ff5444a18ef6729a5,12,1
EET,INVOCH.BAM,28a06a83ccfe0aeab7a9a6003e1d7f0929c91a65354243eb0e87d9d79e59c2b3,12,1
EET,L#AMBAS.BAM,7fe4cd7a534588cff0e9612d28a22c1d5576beacbbefc59c1e7927b6bfa97586,76,4
EET,L#BHAH1.BAM,7a4a3e18a2335dc271cee560d271b36abc127def446d12859851aaf1cbbb208a,93,3
EET,L#BHAH2.BAM,a707af7c932fadeab3239cabacc125f0e12146aba050cf9d2dfe349791bf8c87,93,3
EET,L#RVBEES.BAM,d7e19de9662e875752332e54663b37b847a3aaa37eb8ddc6fa4cecc86134c070,16,1
EET,L#RVMIRE.BAM,5f7215a56e336a724fcb50778bc921f01b8d6a967ba55460b46c95c03883b34a,32,3
EET,L#RVSPA1.BAM,8f8774d671501e785e9f4be878fb24f5269afc2181835957868263d911b8bd05,70,2
EET,L#XZEP5A.BAM,b1d1c4f38b2fc58ae045f9829c8468a568bee1fc20dc1cc507d6b47f58ded340,76,4
EET,LODISRT.BAM,4932e613a7f0a42efb449716dc8172d1d2ca2e246f2825d2694cb329d1975ca3,144,9
EET,MAGICSTN.BAM,03cdc1776460d2e274346cdbb797211f4375f5d9260efb5fc2c6e168e14e3cd6,3,1
EET,MFMISST.BAM,c5ce922ea3f0bdd5ab3b1fbacf18f833d858d2c55040c38de32076e90849c6e8,16,1
EET,MFMISSX.BAM,30f18358a675f65b86458c5855be78cd09f7aee160666b561e22d2e3d0a290fa,25,1
EET,MH#EVBTE.BAM,ade70b30311f711632b1d7db6304e2ae1f98fff0e49a8ddac82dceb34f347618,36,3
EET,MH#EVBTI.BAM,3cfeb3cf49bbc73eec058f365333d92e880c3927206bccc653c3934ca617b6d0,32,3
EET,MH#FLAME.BAM,7819b4ed59f4a82c9a4fa681ec6664556a531b6dc969c64179162f569f8632d0,24,1
EET,MINORGLB.BAM,7355bc6d242ece20cf330198b28f4a5a74c57c9fd23937660930d3c91c5f3d86,18,1
EET,MMAGICH.BAM,392a8644c4a1b18622326cee691631810bc606910cad80473b24a82901c1ea11,20,1
EET,MOELDAA.BAM,eb6070a344d01a064bc36c9e3a11abcf16a76cc544d7c1562ddd4787c5139331,152,4
EET,MRAGEH.BAM,cde4ac94470adf66904c6283d773202041641cd6fbeba9c077dfcc8db9d3ddf6,18,1
EET,MRAGEX.BAM,7072c445178a9d9baae2cbde6f2a12a24dd8a66ecbe294b94817bcecf464d981,36,1
EET,MSOLG1.BAM,b5165b395b04d7a82fa0dcbdc43620c6ae901d42f741700dd4b848c95af02d2c,387,54
EET,MSUMM1H.BAM,085e8de1fcc762bd90c05a16683d07d410f8b1c4bd080a7103c3cee36f466c65,48,3
EET,MSUMM1X.BAM,ed8033210743183d959fde7285919767b8b774b2779017aa55e5e94c4b0a9bed,30,1
EET,MSWORDH.BAM,5151871ff4d7509bd38b304d764e509f6ced7747818665a946afc4336e421e6f,30,1
EET,MTOUCHH.BAM,f31b88ccadfafb0a80ecb0101d44ffd455ee6062947c645bec3fbaabc79f722b,27,1
EET,NECROH.BAM,e744b7c2d8452271308fe30a1686068790f279140d83528a051c8be956cf7356,16,1
EET,NECROT.BAM,49a4eadaf7c95a1bc2677accbb465cb455cc069a3dfc51ff2a24474bf4536832,12,1
EET,OFSPHEH.BAM,5ef50ff4fd61c0bb355b2ecc34e49b4e105eaeaccb6c8a950cbe8b94723b1698,35,1
EET,OFSPHET.BAM,e96089580f6154b7e3dd3e333a71049d651411b594aebe1ac282e3566e59192d,90,9
EET,OHBENVLP.BAM,4ae7d9bd432ed57f006342cdcb97667be1bd6f615e50afa046babb60f6788f20,70,2
EET,OHBGOLD.BAM,48fd41d5ebf5c23924af6ca3b7ecc252058cd1ecb537de53710f62ac6e2e5b0b,18,1
EET,OHDLPORT.BAM,3f538d8cc83f0dc74579c0de7ba1ba52466b41713b6803052c112bed43abc15d,26,1
EET,OHDSTREE.BAM,db6fa00b99662fdf6936089222f9c173a491d5c275e0ee543b4654b73f9e9289,45,1
EET,OHHNECR.BAM,b391a767f9581400980c8217e116b39b1d4962764697c6b0ff721c14eaade874,11,1
EET,OHNPORTA.BAM,c7d713e01c6f3981626aeb2bc31797b9d8a4dd91e9bfa158a1e32785f57e3129,38,1
EET,OHNVIS1.BAM,97f3743f9aeffe1024dc5c7568a4fe3d9447bd383e36dc1f35c3af985d66eb53,39,2
EET,OHNVIS2.BAM,1621828ac6538a9fb6e265d2ca3242ea26ec53a92dfea55753f40bae6d1c8d96,39,2
EET,OHNVIS3.BAM,18469335898329d99a91b7d23037959bd87b95651b5821701dc21a718c30782a,39,2
EET,OHNVIS4.BAM,bb94bd2c90d27572481571b4e4ecaebf9f75c48e3f8d3a6e161eea3a076e250a,39,2
EET,OHNWAND1.BAM,412f72597c09c98056aaa3d0d4626fb1ced09b88060c10a0d290328697cbed18,32,3
EET,OHRDARK.BAM,f7e7517939e3f4ce038deb0d173eb610408c7797d7ec6b2b6f8a5c0b63e95d09,31,1
EET,OHRFEAR.BAM,153a2a2f4246545baa984c2cd3fae3340827b65d8299cb799e807effb593ab4a,45,1
EET,OHRMIND.BAM,82e91288fcf16594cdf7ea28fe41d7278312e03e794bc1857ff6d24dffab3442,30,1
EET,OHRMJAR.BAM,0ea8065acb1b8d7d9d9503af958f07ab402f48f5f2d6efd10f0445ca882047fc,60,1
EET,OHRPOLY.BAM,2af79f70352793983fcd3ca162b33660eb4a8efcda009f697489835cd168ee8b,90,2
EET,OHRSGATE.BAM,7519a21b25c63c93975a34b48e9bfeb2a4fdfce1d2a55fdc02e80c190843f5f9,30,1
EET,OHRSGONE.BAM,95b9ed64fc069e9e9e50da6eb38b12d50231a6cb35311b8b5785fb60a4d48ccb,119,1
EET,OHRSHFIE.BAM,feb37cdf1480969b5ecee168baa20c3cd6191055f69af5d3ac62f9e45ce9cf0c,12,1
EET,PARALH.BAM,b2d3825586f0387a6797b18aad6bd4e25b2a452964adbc3194fcf4d2324a70f4,12,1
EET,PFIREA.BAM,8f4620adf4c8eb1cf4c7bebdcf45d92c6ea8df9736993c67a4b0d870f7d6f153,89,3
EET,PFIREX.BAM,3e671d211b00e8ab9da63fee62d0d5af6baac45b6f10fca9955e208830f69441,28,1
EET,PRAYERB.BAM,6672c9319a04b7cd1ed85f5648f6c725e669f5a5150e460c0ffa978f5b04cbed,20,1
EET,PRAYERG.BAM,76b818b1d3b9df9dc814a53359768a8bd88141c2dd5f633395be018b246cc1b8,20,1
EET,RECITAB.BAM,7c24535c40f1037c39fa248ec38d8c30000e45fe25d0b4f7a8078cb15301a5d2,21,1
EET,RECITAG.BAM,d0a51ed2762313a2b98aab33d397bc0b0b5d1a65a330a35500a67c39beb33a73,21,1
EET,RECITAH.BAM,b574428363ab99a067be15a3376ab33ed31c97575f2c4fec7cf4f187063dcef1,21,1
EET,RIPPLE_2.BAM,97fa9968e65242a76c496d94b0ce27adc016a3a25ba284d809e5a4e963e452a2,25,1
EET,RWOTFAH.BAM,48f1282ea08dcebb8e1d1aea648d9316b1fabc144bbc248a428ba05e962a1983,43,1
EET,SANCTRY.BAM,1c9e7a29dff872489594133c86d6481b5c15b1eea39a18036f0469781118985b,18,1
EET,SARMORH.BAM,bfa6241faaef02785e53425d47e712262dbc1891713960915fa597ce97d02751,16,1
EET,SCHARGH.BAM,8fee35aba8091f638664a39b46397e9f6244a35d5a945c58200eb1bcd9b90c56,16,1
EET,SCLOUDA.BAM,feae1d493e2018dccf16cbdff9aa850543affdc6cb2baebebad84db1686abdc5,64,6
EET,SCLOUDR.BAM,cf8a2c50de46ba8e97a2f85f93a6adc65974eebd203f624a8b05a17cf1c6ed5b,64,1
EET,SEATERA.BAM,609b724ecd30adf58199a1a99916c38f22a7c14ac479b0c1655fd14da07d7e7c,74,4
EET,SEATERH.BAM,9cbf1f30153abdaddbd777217ca995d479d42d0364b92603032895f7808eb2ad,46,3
EET,SEYESC1.BAM,84283be98564cd7494e94f3779dbcb11fc6f85f4ebc484e44882d8adc322ed73,245,8
EET,SEYESC2.BAM,14bb7ebd3c02f84a31c3114904ffc2614cbe85bfcf8804243f2220dd5954f4f4,245,8
EET,SGROWTA.BAM,57a8f137f46f9e13a9186b6140f2b9ea4fba988ce0075a1e56c9d510c16010a3,49,4
EET,SGROWTX.BAM,803594932a83ab18927f50b3284aa90515fd6e0f3fef0cb02dc361eba8517721,32,1
EET,SHACID.BAM,5dee4611274341c5ebb6f010749bd1d809bb2135078ccfa698a24ba4c1823da1,2,1
EET,SHAIR.BAM,37903205d1ba3d70bc0920eb9ff35b48451831b1be10809b20963712e319eb83,18,1
EET,SHAREAB.BAM,8a78e6b03ae86bac8a2e0b7f5b0847c3b92594c129af1ce253a43c50e8a552aa,6,1
EET,SHAREAW.BAM,9973556be1bfb16e9c25eab62f2e9312b496cedc27e17e27b754df0425a370da,6,1
EET,SHEARTH.BAM,495391342a51e054577d87382a6b021d82aefad68fb3f7592db0c903bec8cf0f,18,1
EET,SHOAL.BAM,52e57be11dfde86548666fa0a6d293a12e6c966f742929255f43a1bddfa0a0d1,20,1
EET,SHOUTT.BAM,b0616b07c6d70e276d67f70c0a21eee90001006669e326ab6627d4ba450aee68,180,9
EET,SHSKULL.BAM,411c59894de6bc052e22aa90d02d8b9588d3c1129b9f1cd362ecce6527404892,1,1
EET,SHWATER.BAM,0d2999695fd3077d5b64d1559c82e054bd23de53b1c5bd62b3a5b7222886917d,18,1
EET,SKLT.BAM,a2cc27443930b25115501bc9207cac902e04411db16072b6ab0ccbae7639f161,9,1
EET,SKYBOLT.BAM,cc3f75d03b11a68250811ee5b34d04a4edde69896ba09ffdedd228084a4910d4,6,1
EET,SOFLAMC.BAM,ce6952799750ec9034938cb8daa6a4e3990800f0f2310e173c822d31f11d1808,12,1
EET,SOHOPEX.BAM,037acce163abb89134080a02de4faaa7f8318ddfefe9fc8c05aec4bdc5904a3d,24,1
EET,SOLATC1.BAM,251c247c84d41e2868ba6b151852994ee501dca00aaf3f8545f34ab48970f31b,40,1
EET,SOLATC2.BAM,2b2636e0a5a7e29b96b19f2aa11c70f599e108b3639c625a6e7e52ca347b2731,40,1
EET,SPABJURA.BAM,b81dd139eca299a2e6c3d1cef13acfac6c6cc6db63c4d6546aaf82c6e0b44629,165,10
EET,SPALTERA.BAM,a965d102a53f33001a54ca665f2cd94fe0d209968cab4d4eaf85659f2beff179,61,2
EET,SPANISUM.BAM,c604185bfc1839f8518542ece1f7c1251760c3cc8fa822a17e511f93e3644dea,49,1
EET,SPARMORI.BAM,af0de50ba964410676722cd78e3c4c25bebc61f1cc54517997afbefa2b8aa202,16,1
EET,SPARMOUR.BAM,97f3743f9aeffe1024dc5c7568a4fe3d9447bd383e36dc1f35c3af985d66eb53,39,2
EET,SPATTCK1.BAM,d8990b3c6b47b04cedf0603a03cd106ef46f9ab505771b7c0a2b109b12d18c88,51,2
EET,SPATTCK2.BAM,101bcd288b7b6b9c973529d37dcaed02f96bf44fbe2d2e2edce97083bbf1e083,21,1
EET,SPAURAFB.BAM,4612c0647fd53e097db7e74c234c3947de862057279ab87b9f6043185ecffdb2,20,2
EET,SPAURAFF.BAM,46c33059a99cb99e048bf619ac30ca074b7fbbef6c981f33ec88e44ddd1fdeb9,20,2
EET,SPBASERD.BAM,d63b1e9c5deb42b07c60eb7e467409e85d7eaa94325656901c454297069a8d40,50,1
EET,SPBASEWT.BAM,f03797953119b0074e45172c4c9d4dc9802dc74abd1e4c1aab01c249c1484381,49,1
EET,SPBEHBLA.BAM,92fda05a13b80e7e3e78f470e5fbefb0978586d9a93825f8bdcbd758bde5439b,100,5
EET,SPBEHRAY.BAM,d2f37907abbf5ce523510402df9aa0cb9fe813f5daf9fb90d64ca9dea9abb2da,50,5
EET,SPBGBFST.BAM,d6e0fffadfe1ef1561cc3ec5ddb0f1dbae02ef1c1c485f3681c8c59c09bae4eb,37,4
EET,SPBHANDI.BAM,80f7859b631a5078d4cc73a2d889f54227e2d16d81cbbee55a29efd803cfd5cb,12,1
EET,SPBLBBTM.BAM,de765cacdb92a13c4fc0ea1b89f5f5d25eaf256b86d3c974a9f99913d6a93841,24,3
EET,SPBLBTOP.BAM,ade74a5952f69ef2649193330f100800a72195cdba0590068b9854067ce55de1,24,3
EET,SPBLESHI.BAM,499b5a10771bdb8bb40634d54e3effd9788985b2cf7ac586e4777026e5dafb47,17,1
EET,SPBOOM.BAM,982b744717089a1b88ff33fd84711ed8cd0b47ac1ddfc8410bc5be8808b0872a,12,1
EET,SPCAGEMZ.BAM,572b8cb4ae9f1f135fbef5082c7d36e32d5b449fad927359a66a22e4b44322f1,84,2
EET,SPCALLLI.BAM,6890848ddaa3ba24b4e23d56727ab865a0ef3ee20fc86b25fa32608addd2ec3c,18,1
EET,SPCAUSEW.BAM,c613f9c981deb7844500093f7e71fdb84e1e02c5107bcc601e0ac609ef03e8a8,61,3
EET,SPCCMDSI.BAM,28f597f1148939490a519ec040ba5571ac844a095e78308d5dcd6d1c4503f649,20,1
EET,SPCHLGT1.BAM,78ff42e52b3d518655978e9219a96b187c8f2da673b0c73f7aceafdf310bdf25,70,9
EET,SPCHLGT2.BAM,92c5027de75823523289788d4a6613d77378bdd51276ea8c23c91f4fcff57c45,70,9
EET,SPCHLGT3.BAM,e4254c504523bc7cce141cef36a5be114922615925d93c8b10515498b028992b,66,9
EET,SPCHMPSI.BAM,de4755df8c0243dded12f88fcc347a71c95f712534bde7fd29fa51803eaef09c,20,1
EET,SPCHRORB.BAM,931d3ce77d593f24390cc211910e65a78183e8db3227d59fcdc9e4ae0332c34f,35,2
EET,SPCL239.BAM,e40c1d57cee69e516b19fdd5323db1eefa50da81aef0921a46f85c525d4bcdbf,24,1
EET,SPCL239X.BAM,29dd2a3a279837e795af2bb2b65261037c8d11e4eda94d8eeac4219476e77105,19,4
EET,SPCLKFRI.BAM,76e9fde032b15f99b4980ee9446c068bb2dddc4a9fa66a6d5ce6d723731d573f,48,2
EET,SPCLOUD1.BAM,e0aef198766511aa70ae17e5cd60119e29afb3b4eafcc3c31c00619dc3104824,57,6
EET,SPCLOUD2.BAM,cd65189aad090ec3ae69f5537522725bf663244ad42161261190b6fc71c58989,11,1
EET,SPCLOUD3.BAM,869c0ebec02473e2be84ed4412c3957abc4bee967b7b8b0ecad91f613694c7c6,11,1
EET,SPCLOUDK.BAM,78f391fe0c0cbdfa6467aa0c3c908185336af05d6c9fecdbd8cd96971ef43cb1,109,6
EET,SPCLOUDS.BAM,100aa6fe3c7434966d958da5073b0ab80be7f1cf550450e516d175a9940cd0cf,109,6
EET,SPCMWOUI.BAM,0ab996c7eaaa82b093a233fba9a0d87263a72fd87f92c2a0d78a6fa879be1067,61,3
EET,SPCOMEND.BAM,f5f0647e272c37a53a1f7adc2735039d014f4724bdd4a275618d35badf15d0bc,72,9
EET,SPCOMETT.BAM,decae242d91f4642b3c56149025903601b4c0f3048cabd098bf4806f72f25e66,40,5
EET,SPCOMEXP.BAM,4fd66cb40ff5ae2056078af310b53e2fad1852f3c400f34ffd5018d5b89bac1d,15,2
EET,SPCOMSTT.BAM,748414d0ba4778e78f74e93a289e67b2bfefb7fb0f1c46efc7ef4bd6eaaae3fb,145,9
EET,SPCOMTRV.BAM,75ad2661c6c1a7f7c23393053159dd3579ce5ba5b81c360d8c54750f8ad57762,7,1
EET,SPCONFUS.BAM,0b0e72d00301aaff636048596624604784afae37838104c9bfb66763d928d9bc,60,1
EET,SPCONTIN.BAM,564b475caeafc029c224654830489c35a1ae4caf96ebf93c19d5a2e796398dc7,66,1
EET,SPCRTWPN.BAM,874b3fc4def749c839568fcd3cefe200b9f0f81d8e3b720ca609ae9394059eb7,88,1
EET,SPCSWOUI.BAM,62dc376609183868c7c972e5bc0bbf6b6e8fe386445bb971de9a6bc3b7eb751a,41,2
EET,SPDFOGA.BAM,eea803e66032ab321c6b7564754814c65537712ebcbd14dc4e53b66da7b188d1,142,4
EET,SPDHRMNY.BAM,b498779527f672700e4e65c8fdc91cf1f5600bbe43665e79bfe5d5ba2c2e3185,12,1
EET,SPDIMNDR.BAM,04828957f44ca3d83581e570377a740e822411e2b0cbc84998f1e466ea0be469,164,5
EET,SPDISPMA.BAM,88838843969c1b27af899b1537f973e8af5ae38e47030e4c79dd3fd337cab054,41,1
EET,SPDIVINA.BAM,4caf336f6467d0896b8a9e67fb473aff07cc73be5725ca3a05b35408f66dcd97,300,10
EET,SPDRGNBR.BAM,75870ded1b6b2e488a902aa204f88915fba62679e9fa3e18369f7d58c78ddbda,36,1
EET,SPDUSTY2.BAM,8d031989bc3a48773c670a713dbc7a3b995cff2acaf58c392e4e5c5afeaa6e52,31,1
EET,SPEAR.BAM,80802e06ed6c18d836394c3d07020a0e1bda793b55e2d7725a0f023ae0e9437f,30,5
EET,SPENBLD.BAM,62ae2f264fce9020669ba765d93aaffac80afa3259b01ddcd554ed38149a61eb,3,1
EET,SPENTAAI.BAM,d65cb7e06a06b15f06985ee794eca9775fb6bdef120dbedcfb687ec11b29aa6f,36,3
EET,SPENTACI.BAM,b9d5f48ba291b7ff2a29e4e68dcff41d866a79295385771be96bb2d33f214437,32,3
EET,SPFDEATH.BAM,c33b08c0a034b62f206d825a6b290e3bed6134ccf83975a290cfdfce3fedf0f3,30,1
EET,SPFEAREF.BAM,7c64e678d5a5c445d88d4ba90c5227aff8704cff3c03d4b5c2a3b59e1ea866e6,45,1
EET,SPFIREBL.BAM,997d40459e27d402d4e6914d46180b344ccc93cc37d3f1a859636237188e6c22,30,5
EET,SPFIREPI.BAM,431fec7a109f46a5c43ba68d39d693b341d794095cf85292a1e36e5567bd541a,22,1
EET,SPFIRESB.BAM,48711ea162ef7051f53de2052842743b4492b5a73575d1c2f02e6e1d7f983c0b,76,4
EET,SPFIRESG.BAM,10bf0a7f7bc9c349f5c4c0d18e751126f67eadc5dd987287b902f032bc6e8360,76,4
EET,SPFIRESR.BAM,083240774c0b6ab3863da255fb2335c168ffae4b380edbc9f2746da752599e92,76,4
EET,SPFIRETR.BAM,9ddde9bb026364da377c822e70caa3fd383580b99eeb3dc76556605226b4c715,50,5
EET,SPFIRIMP.BAM,ad37cf20a2180863f1bb91081ddefee77465e3fffa67febe77f17533334c858c,16,1
EET,SPFIRSDI.BAM,549d32412a1e7d225ba72bd1674cd2095cadd7341cd6ac2eac522c6b5edbbb89,22,1
EET,SPFLAMES.BAM,2ff55ca07e96cbda7025a8725c7ce13b8e23a94dae7b7e13d8922c9fb7ee93e7,72,18
EET,SPFLAST1.BAM,f88a570aa6bc64c6b7d5005c749b6c8e55c0574368166e0cb87abc4f84c025c0,9,1
EET,SPFLAST2.BAM,fd7e96e7fadc81d01c8df5fabe5424ce1fce04874cede3553d7fbbcbfd04bf79,16,2
EET,SPFLESHS.BAM,30a1800eaa9c32e4ac84a224f02f7baceac3076328d0e344b94d83f65eb75e34,31,1
EET,SPFLMARR.BAM,eca45907de0e20abb39880d7eac2c0790d728a88ea0bc3e705a1c7f3589bbd19,30,5
EET,SPFLMBLD.BAM,efd5ab18cb481c08b60389311273dc5acd961fea5d6fc4e7707d7e03b2240939,45,1
EET,SPFLSRIN.BAM,d5aa08be58bdf127f447b2607f8d9d3dfa99666728e4ecf68b1f3b54f60ca0b2,30,1
EET,SPFRACTI.BAM,09707c89385a9c36bf1bc86cb879c3dc392de902798246dc3c482bdea940fd9c,37,1
EET,SPGFLSH1.BAM,f2254af89e8e294674d25f6f8d1b51abee20060b2161c347cc623b3b0242bf47,12,1
EET,SPGLBBLD.BAM,3b4516a253723de448602da89c31bb1a281adf4d0ce8636e6352154d27e7a9cd,24,3
EET,SPGLYPTI.BAM,3552d340b50ca1cf06e5de79c1c0d5ccde61d38b4a22dd8d87b939a33722af08,16,1
EET,SPGREORB.BAM,025377c0c20b744d092354e341395a85eabbcd9f55415eb8c06418416be73c55,16,1
EET,SPGRWHRL.BAM,bdd7ee7fecab7dbec09648ee8f4c1b2f3ae08912114f99c2adcc69d9a542ef09,24,1
EET,SPGSUNSR.BAM,f5ce8a94dbeb14b72c3d5856f6190b06a883911f53664332ec17bcb6a0403279,76,4
EET,SPHANDAT.BAM,a1fa909b5b29cb08660eda7250b761593382787f3ceac2bbe971dfd343fe4626,42,1
EET,SPHEALIN.BAM,f8db83fd8669c18f5b6718224f9ae187d1b61e3adb81adffe1de1a2ea918341d,41,1
EET,SPHEART.BAM,81c0b52d94f436e4fa74b038a2a3cee7dbae9a74c47fadd62791905234b4470a,15,1
EET,SPHLEFT.BAM,0e7b1247c424f0dfd064a256dade928ad112720a412c26b5ef94f10ca6c5d2d6,20,1
EET,SPHLYBLS.BAM,ffc802e466998f9553a8d4e87c7b1422e746356a399ff3597d8667a414799ced,88,1
EET,SPHOLLYW.BAM,cf08b658afe841a3daa1f5da251ad8e1bf521d7f73e2d869af48c520e32e93cd,100,1
EET,SPHOLYMT.BAM,72c64de63108e41ea98e7f5cbaef8e5777aa4d54a3799a8e4a9289d301ac2de7,10,1
EET,SPHORWIA.BAM,406b0c8360184f52856bafda23394842bdeb38f688c47445d744fb44921363d3,76,4
EET,SPHORWIL.BAM,cd8abcd867f5684928080f00e30032736db800286436a061977a6595597d8fd1,90,1
EET,SPHRIGHT.BAM,f90094602018075439a66ac892ee0f87fa91bc8c07d18e76ad24e50fddff8125,20,1
EET,SPILLUS.BAM,6b7f869b9a4f805bd8d35c546208a68eb7cae8a53db93637c0940f07388c4b7b,450,10
EET,SPIMPFR.BAM,afaf2a45c7c74319c0663e32f7481e7612680d25745e0d2205cdef9c42afe0ab,59,1
EET,SPIMPPT.BAM,060565f70d10d04f710e479978ce3dc1dc5dbf29b0b2787c0f87cf03441d8c0c,30,1
EET,SPINCINA.BAM,319f60da7e4bdb44a29278ce049d0c3102ec1ad1eae2eff015280674c1cf46b3,76,5
EET,SPINSECT.BAM,5d254006325a3aaedb42ae53362128042a71850e75277277a46bfbb7a86f92fc,70,2
EET,SPIPLAAI.BAM,5ce9cf15e26185fe27274e263778b4e7677176c9c48c980c6a3563fca70f857b,16,1
EET,SPIPLARI.BAM,5ce9cf15e26185fe27274e263778b4e7677176c9c48c980c6a3563fca70f857b,16,1
EET,SPIPLAUI.BAM,6ecf033d36ec68b65eea5f71c84cd556c4ae7268b96fd57a965c8ef06ce9914b,12,1
EET,SPLIGHTB.BAM,a8ef072a3068237d9107e9876accaf6d1369cde57c60e9d520951ac1689a91d2,30,5
EET,SPMAGGLO.BAM,11d3b5e3c752d5cf693ce3f66171a4c2c96b357b02c78d1b406c239dd195ac70,30,1
EET,SPMELBD1.BAM,04cb4cd457230fcc9ca1c9dcfc14eaf21c57ce18fa05d40e86430369f9386a36,50,1
EET,SPMELBD2.BAM,e4cb063dd710983165b2f12c2cfc87e841ad420afab9985951d432bddebfa2b3,50,1
EET,SPMETSWA.BAM,acfa96659172b59a4c1f496877ffe3c14feeb4af7d9c75ca96fd78cacc1fbb1c,75,5
EET,SPMINDAT.BAM,db3caf2775440b5233a1edb9721cce7c9e47d3a505f733e4bc60c46bd6efc4d7,30,1
EET,SPMONSUM.BAM,21955a74610a5d353a7b989e5292eb7a43b521151ce4215898c7bcf6a0165eaf,41,1
EET,SPNECRO1.BAM,876b896b9b88b116a66c5c498de5b8370cd2c3ec9f7d2685545835e949a05401,93,5
EET,SPNPOISI.BAM,2f21f43fdbdda68e1449a11c4a77c06ba8656bd6f78b60fd022571a19db8bef4,21,1
EET,SPNWCHRM.BAM,cdaf296926db34e009a01ebd664274b341c029198f6c66c82c3178433006ba08,60,1
EET,SPPFIRRI.BAM,ae21cbc05fe2764c52999c3782734ee0fc3a5cf1d2fffa632fac3460a9f9db92,24,2
EET,SPPLANAR.BAM,85eef381fb76dd17f0cfbfa6862e726e460fbbc8989e0f50b40cee068613a41c,45,1
EET,SPPOLYMP.BAM,5c15ec98a7410678c2d893ed46c239000285c06c363e3b9452f9fea5dcee74a8,90,2
EET,SPPORTAL.BAM,90ff0f284bda26daa93b7ec03d58f3d0b8ddf9e6d5477c84696c7d17d94feb8e,38,1
EET,SPPOWATK.BAM,e1f6d759b46e41c05146debd5b5484772855040b58a1cc459ed3f73e9cbfd18e,29,1
EET,SPPOWWRD.BAM,7adf3366b726652a9367411d5f14182cc5a8209b4881b6febc3d2b9f5fd7db43,31,1
EET,SPPRAYRI.BAM,cd19b23e27c7bd5b0b7969662943ceda961dd4ec3d3ba85a300ecba25e72b8c8,20,1
EET,SPPRISMT.BAM,77cbce6274b5cfccfcb1482943752ecd2a0b50e80db4bbe82f220286fce2ef16,30,1
EET,SPPROIMG.BAM,f0d9a08a44c93783356b2a16c0a67a38c1b00367e9f28d55797b322ef24c65ba,38,3
EET,SPPROTEC.BAM,cc1fb155f48beeccb3f935f46906f379588ead659691d0e6b627c5a3bc0389cf,30,1
EET,SPRAISED.BAM,e57bd926c168d7acde1ea2c65f41c27eb0e6b3f68b8c3c2b7eac1f00aadf673f,61,1
EET,SPRAISEI.BAM,d17f1cdac00f0576c72d6cf6cb6edf73914d0f0198b90e7fd57be0203b7fd0f7,31,1
EET,SPRESIST.BAM,e4ca0db907201cb56ac3f2a80db10b2879dee9f8d257caecbf66a077fcbdd578,72,2
EET,SPROTECT.BAM,bb4c7a29ebdc09d598f2aac435f9efd072981f609073b3fcf146f6b7d81a4594,25,1
EET,SPRWRATI.BAM,a73ce64a2b14c2d0b103e6a0285d024f117e8df0a34dbd1e4908f2980618c438,48,1
EET,SPSARMOR.BAM,daed6e77e50aee2bb46769926718184c088fac073960a9bbe32a5ad23f066cba,60,1
EET,SPSCHGI.BAM,a67a948c03e96bc7428ac8a4a76072ed6f4e98d8797f64fd3767da5faa57668a,18,1
EET,SPSCORCH.BAM,4bc157a1bfc0eac6b7042e139dda591023759ba28456d9e059778c2df73b2d89,45,5
EET,SPSDBUR.BAM,101c94ea5f67f4d2246436ea8ae9f740008f115d23b440fd9a2d9d2f2dd1c353,73,9
EET,SPSDIMPA.BAM,59675c82d7d952f99361898bab944948e0df8913ada7e8db52309c66ba982740,15,1
EET,SPSETSCD.BAM,e09333b0bd34880bff5b16fee37abdafea6426de9a450beee2f068be3d7fb0d0,24,2
EET,SPSETSH.BAM,f851ff493bd4d068330679f63f152bfb4a9985283d72811490145c61985cf33d,12,1
EET,SPSETTID.BAM,cdfee4c72461bea4ebc29a905bc6362ce6d634c825eb8d3d2cdb459fd7ae8405,24,2
EET,SPSETTIH.BAM,44f536c8d75b95c99b335b9a75435718894db5c00999033d2f81f894823dddd0,27,1
EET,SPSHADOW.BAM,7a28b012e267a59d4eba48a4b7879cd02495937f78f3e31977877c44fc1077e5,6,1
EET,SPSHIELD.BAM,f2916cf508da13da5bac954f2b7f62d0c529da91fe9eb5a3954ebeea20fc6279,18,1
EET,SPSHKIMP.BAM,a45ad6ba2466971d641b4e49d27b2271235ae171d3d08f22252cb32066f30d39,6,1
EET,SPSKULLT.BAM,64b6cc67dc0e40f61d20779a44551609b26aa5b8dfd5781b52f61c949d328d62,144,9
EET,SPSOHOPI.BAM,e245c1bec5a5928fa922a62af5d92097d0635b17c6bcfd1cfbe401f85ca5b7a4,24,1
EET,SPSOLBRD.BAM,98c22c7382ca36f2a531f83aac5e653262998372e2ce65571cdb0aa61bc70d48,50,1
EET,SPSPAINI.BAM,e6a80fe78290d815d532ce110f0ae9104f0a538e843e0281f3b58a2514c28c89,24,1
EET,SPSPEART.BAM,12279fa1215dd44277d6752e5878adb833b8189af20e37b4a94ee902c6052769,55,5
EET,SPSPEV.BAM,175d7cc482ba9d943015119fa945ca16e8c30a36eacb4755a3467e04a8f63311,16,2
EET,SPSPMAZE.BAM,778b37be96c003c8fcf794441ca4a3d678d86d12ba73622235efc1c57d63b245,75,1
EET,SPSTONES.BAM,d8df59494eb9772c540df03f3374300b359a3f4475f714bf9ac190cc01d1cd0d,210,1
EET,SPSTRENH.BAM,c334694ef76ecd5a3a599fd29f8c9ad05e63d63a54fe347b7b357fbb9cb65182,36,1
EET,SPSTRENI.BAM,cfc948b0d6898bd1709910f8a016fd94814340f263a9e971bedb0e90110c2ac0,21,1
EET,SPSTRMVA.BAM,b21368ef03e0ea1cb1a808858129b51d4ec76c52e287ad5da21b7ee147cd0d08,30,4
EET,SPSTRMVB.BAM,e8349a71224692f25f053dde4612e292e62f9a0e6327a812b8b8a9050c00defe,30,1
EET,SPSTRONE.BAM,8cdf63e6748d26ea2610d40dfc58081227e72a07668fcf4bb5154ece723403ac,21,1
EET,SPSTURNI.BAM,f69ff6f4f4c9fa1d9d4157ea484fc44b46cb50ad4118b3abce9280e39bd07523,90,9
EET,SPSUMGTE.BAM,4d6823ee31888ff5d6446b203f62015e5bb02a4a053239eee5e5d11d941076f5,50,1
EET,SPSUMMON.BAM,a8ddea85f7d23eb2399e6520145aa8e470ab31c5aec443d07d6cb8bf938c14f7,130,3
EET,SPSUMP.BAM,6efa963f67aac01ccd60dd74bd1fdf1aaaf3e3faa059978d6b218968a5d0805a,32,1
EET,SPSUMPLN.BAM,ca6b795f69036bc90030bb71af3b545f7646f70eb7fefbd8018e83bc2e372e37,16,1
EET,SPSUNRAY.BAM,a142dbe1bea3c7e4318621c84baca0190c0bb499c0a84cd256f1b9681e84e747,20,2
EET,SPTRAPBB.BAM,ec87890f906b897a84cca13dc656db7b3c7345b4acfa5c18565acdb2bb425aae,30,1
EET,SPTRUSEE.BAM,8aaa281e3d6aa89ec5893f7ae8721ad17640d6e8e7417a6fe54ed4f6c4cc05c1,42,1
EET,SPTURNI2.BAM,fe9be8dd4b7c8222b4484a9083355526b3d5f9d12a442d6d7f57410f95a5ec2e,40,1
EET,SPUNHOLY.BAM,94d16afdb156863a7ce37f7337b9352d238f6b34eece80523f61ca15a47bf558,50,1
EET,SPUSEANY.BAM,60e89cbc4f128aa900e7c6ccd59b839837fd82f85d9f4f4ab547cb670117908f,27,1
EET,SPWHIRL.BAM,5d8aba3e55416de55d4f9f0426c5ce65910a4c42d1bc0a5dc9427774dd60bba3,24,1
EET,SPWRDFLD.BAM,01d80ca2a206494ae947413eab5a9a31b6f65d718414c0ab4b744e2723349ec1,93,3
EET,SSHELLC.BAM,454faa5e7b0e8a1182e7fdaf44e565125c882256abc951b5c8a30ff73495f1e2,16,1
EET,SSSWARR.BAM,5c006f116246b1577a6199b9a0bc8a05443e7dc6d8eb1a52002fe168d3ec22ac,8,1
EET,SSSWART.BAM,aa45aea01eba3bead92e2154c9e61edb0567c073a1d89a7296c38eb84c095e16,72,9
EET,SSSWARX.BAM,aeac0fd6f45184e2b324eb121652899133fd53a889b8995e7e93b941b46813db,16,1
EET,SSTONEA.BAM,4466cdf172201c88e70f50b3acbbdc43484fd92cf5c305afaa041505997b61b3,17,4
EET,STEAM3.BAM,6f88307cf80de4588522ca32aefd161c5564ac4918d33a20be0b6101efa44354,9,1
EET,STNKCLDT.BAM,6f00cb7c03e2cdb0fda8801011c7f70636895898d4da176734e5cd63c93ace56,6,1
EET,STRENGH.BAM,cfc948b0d6898bd1709910f8a016fd94814340f263a9e971bedb0e90110c2ac0,21,1
EET,SUFFOCA.BAM,d326192bb36d6492415ff791ecb4f28c17e9723512f5e69b5d08dbb2545c01ee,113,3
EET,SUNSCOH.BAM,b2590a80af887965a8218ab154d5453aadcc6cbbfcdbc6822ace6d356807a8bf,24,1
EET,SWAVEH.BAM,5f9724ab073195ac9397d1d71560eb20636333c8d1f585fa02f8a68bbdb9b475,32,1
EET,SWAVEX.BAM,569035e2a04012da66bc7fc6dc10994030de82bbede24aa0a69c917d1c52660a,144,9
EET,SWRATHT.BAM,aa8ea7fa8bf2d2bd4f03330a0ffb718364e74d0e028a3c0bbe106d1fd54908d0,16,1
EET,TRAVEL.BAM,9b52906662e5993b2fc72c346acf94c79a864fc6e2e2c4b5b0320c67cbd6b9a3,6,1
EET,TRGOOYAA.BAM,862f80b4725372655b18934ec79c930224b59b881bf56d27a1705f5e5fad5d4e,70,2
EET,TRGOOYBB.BAM,d386dcc8ecb5bc0adec7ca77ff8f4fd9ce990aaf06df5474117280480dbd5d74,70,2
EET,TRSPEART.BAM,3d0db3bdb98775bdae78025fa65748e2944cd232e81c195f8011918a51c9ed97,96,1
EET,TRVENTAA.BAM,8f9c2a1fbb598d49aef105e16cbeef10678dabdef0edba270e40e5ac7302568d,90,3
EET,TRVENTBB.BAM,4456f0e7707d1ead4e8c64831ecd9f154e3f985b1672c0deba762f18bd3dc1ef,30,3
EET,TSPRAYT.BAM,6075b561e17f2d642c41a81388f698f5cc1f3fd2183e6819cbc4fc87130eb8a1,90,9
EET,UWARDX.BAM,4651e60ec393f09ffcd88f73df9bc6b8100b847084606e070a73e2045727022a,22,3
EET,VSPHERT.BAM,84d0c95919beb38778d09f8a66f66e9ec2712b5fe3274013f775a82a816dfb48,16,1
EET,VSPHERX.BAM,62b42681dbf486fe59043952359375c560db623c79c73a97307222be299dd6c8,32,1
EET,WEBC.BAM,b6ae8f3155d2c1005c62fd2d658c2766223141ce3dcf250c39fde5daf5825b3e,32,3
EET,WEBENTD.BAM,28ebf51fc9b0e0d53a1a18479051d61d33308b394acaf0ecf0a7ee87e34b4303,6,3
EET,WEBENTT.BAM,5e9941af73dea68ec8be6b78d38aa9250ba15cc5ac3b96a3a0f1f66bbb5fb69f,9,1
EET,WHIRLWX.BAM,5fdb87c2c1ce542964266e68b75a70643e1c3b04ef38560e7624030afd9f8e2d,12,1
EET,WITHERH.BAM,a6f2f75363d4c84ced93ad4bfca6aa54bf8caf20d11bdee833f9762a5c9ff448,60,1
EET,WOMOONX.BAM,32ef6bba9fb2427b76b316ef72118f7248044f8a003134bba4bc269f6da9766c,180,9
EET,WRITHING.BAM,fca64bcc0e624472f379049806bfe01ee0d1a2c72555a8346d9febf282255129,53,6
EET,WVDEATH.BAM,12dbc2331a3aafab042eef53676809749eeeb14479dbae510cd2a0149f3106da,24,1
EET,WVHITH.BAM,489c67c6e64f9aa65d1ac3a47541854fd3f6bbad589f37f63faffe722028a07c,9,1
SR,shared/adscroll.bam,d01f6d90d5e0d698ac6b5b75eb24d3e9dedb483084f5d009aecc4afa1f0de56f,1,1
SR,shared/dvelair.bam,e98b2e6aaef1e355125f4eee2068b422c28a2d99668083006ed7bcaf1cac9651,30,1
SR,shared/dveleart.bam,c76866bf0cdbf3d8de8c539f582dd2762b5a9b3b797d0059b9dcbd2cd81b2700,30,1
SR,shared/dvelfire.bam,767bc300f487a2f3cea42e8f9fa80d5b8bacea520239d847be99a5bd3d61f622,30,1
SR,shared/dvholya1.bam,978d9f26b09ac516e65b391e9271f60d7ac2570ac6c2556f2681a55cb3b3a758,40,1
SR,shared/dvholya2.bam,83d4bf44088cd5a335671fbde9fdd9c1279d8f0c13563c15098104ea2fb23595,40,1
SR,shared/dvsun.bam,7ed026d3cb435741b919ccf22cbd5f159e713fd78b1f461fc10cd15bd3e60cfc,10,3
SR,shared/illush.bam,7b8449334559079ebbc001a873be96ed6a2d8829ebda66964c2c431d72f69045,12,1
SR,shared/spdimndr.bam,c0f54a5a69631fb08679045a11c96df65b01ef04fdf7eb13c2b2f1399d389b5e,20,1
SR,shared/spentaai.bam,73b66e96127192bc1a9ad1a19ba7ab25fd95a8110079c2f75d111fc10d43c22a,36,3
SR,shared/spentaci.bam,ee2e54480a47a92a3014688cb4382433560c286c0bc637348e7f3d5eaefe34c3,32,3
SR,shared/spmagglo.bam,86cb2ecd721fbb5e5ed05928b3666ff724492deb32b1da21d2d536767b73d9f6,16,1
SR,shared/wings/cwings01.bam,c26877a39118e79f911688b670dc75ff31ad5ff87047b6d4d1d06f424f93cc53,1,1
SR,shared/wings/gwings01.bam,b810ee1846ca89b99ae1a575d55b2ba48ece320e41b03cdc5479d538c3ec43e2,1,1
SR,shared/wings/wpmzwinv.bam,b97877ead1feff2c5197b04aa1548e9e9aa9e967b14ada81df541fbdd24a659c,2,1
SR,shared/wings/wqmzwa1.bam,b0a9c580831fe0631902c87a54a13de187a45c6cc4741c1ed784173dd27f9611,135,9
SR,shared/wings/wqmzwa2.bam,f10533a375a1bcd8759d14bbcfaa1ce95bf8cc80fa04dd10d5ff5e7ecb65e31f,135,9
SR,shared/wings/wqmzwa3.bam,557336e7a75e8c87676bda6a060d399431eb9a02d8ba1308d6a0780ccec28e8d,135,9
SR,shared/wings/wqmzwa4.bam,a21e96fd2b0d626213555fe73ad6d6b801feb1a1f01cdc06c62e4656b574b65c,135,9
SR,shared/wings/wqmzwa5.bam,8dc99f2d3c7b1f7a6baf29e7e42361b00ed336bdf71c92f11b55730a7571fd25,135,9
SR,shared/wings/wqmzwa6.bam,b920362a68b6ce588b1045747194027b9449639a9c687a8dcc6ae5250e81cbba,126,9
SR,shared/wings/wqmzwa7.bam,58428c3d4da342cbbee2d624466d159918adf46545cbb6bcf05753cc07e756a6,135,9
SR,shared/wings/wqmzwa8.bam,7302ed81635777e634ca989f224104899e08b853c6c2a47b9b23e582ae03027b,135,9
SR,shared/wings/wqmzwa9.bam,882421276277482eed039632c236976d57c98c8f66eb7a017aaa10b9021eb8a1,135,9
SR,shared/wings/wqmzwca.bam,5706ef8c153ea8750927e2f9d485970ce31a4da6e3fb5d8ba928ebd9d493ad66,270,72
SR,shared/wings/wqmzwg1.bam,2bc97ea7d583ec8eb997f8dd01053bd1fac690cf02721fd3fa5e533e6fea5d84,846,99
SR,shared/wings/wqmzwsa.bam,aa565de1981fb8ba51ad3c6be18b2278cc0322521a0478929d021a9ab7196362,126,9
SR,shared/wings/wqmzwss.bam,b0a9c580831fe0631902c87a54a13de187a45c6cc4741c1ed784173dd27f9611,135,9
SR,shared/wings/wqmzwsx.bam,82e762448eddbba2d04f1f23d3fc05b54ff388c393da54ab423c16183d35b32a,126,9
SR,sppr1##/dvpr114a.bam,67f2812211c25ea087c36cfe98c9d096f71904e57903768f008421423bf5b6b3,1,2
SR,sppr1##/dvpr114b.bam,aa5af53ceaec9872cf00783af0fd27a0bb33c2bae28803313ba29010ce7fcfa5,1,2
SR,sppr1##/dvpr114c.bam,41454f2c079add41e87a936817ade08f5a7020d3a330778a307137e75554a912,1,2
SR,sppr1##/dvpr115a.bam,5210cbbd144588f7d386d93b7d44af1e9cbf055fa036017a7ae3a6ef4e8b53dc,1,2
SR,sppr1##/dvpr115b.bam,d80ce1e9db2b48d3120a0778ec5cddd6f6f66345bb6e50b8944e5a1f999e1f2d,1,2
SR,sppr1##/dvpr115c.bam,210f4749ad667158895a6cc99cafa90881a4be316d7f87ce8f29d3fde7221980,1,2
SR,sppr1##/dvpr116a.bam,b77bd61ab39e30f94ee289e1dcdc3cf7de2456aabe6911e92e4fc93d1add7ab9,1,1
SR,sppr1##/dvpr116b.bam,e3455faeb97a24c38d832181784f8b09bf3ee47128d5b35a58fc7584cdeab68d,1,1
SR,sppr1##/dvpr116c.bam,1f684e43d8c59391bd0419c8fb382a93a681943b60761d1205e43ddaa057c696,1,1
SR,sppr1##/dvpr117a.bam,2c394e07032e8fa65e36a3e48dff5632301ed7b80335b41ebbc70ab5f96039b4,1,2
SR,sppr1##/dvpr117b.bam,d90d181d504ddc8018b0c502a0bd72d3c32ef72ddba665b1c2ebf08b21f1a931,1,2
SR,sppr1##/dvpr117c.bam,5af44505f027378096c5b4bb924f29395422561f8b46cb3ba2b5c1b726f8530d,1,2
SR,sppr1##/dvpr119a.bam,588776bcb158e672d5a9c0728ebb0985fd34840b3a00c6123ca4e05ed80b407a,1,1
SR,sppr1##/dvpr119b.bam,40e5c13bb251546af1a548af6c95c3af3e07e04d47933136499f8d51b41c1617,1,1
SR,sppr1##/dvpr119c.bam,c2c3a090a73dbc27bc94934dc76c1940b96b3fdbaf23df912ea2609a17382d9a,1,1
SR,sppr1##/dvpr120a.bam,736c517dbcaabc3d8be6213b517585fe054897539a790daa959397e9c16beec9,1,2
SR,sppr1##/dvpr120b.bam,21cc902ec430ff47a738b3ea1b45c92718cdc630e2a75fc09d3bc42332eab40f,1,2
SR,sppr1##/dvpr120c.bam,1513472239aa275fc52e000522f28ed5cfb75fc9bdc1f0f5c5b5fa89554e5746,1,2
SR,sppr1##/dvpr121a.bam,6b3c04677dfc7de51ea8581c8b01369b6a0d5216d6505eb27302c26798bd385f,1,2
SR,sppr1##/dvpr121b.bam,24f0c90da48ce2de3ab5e620071efb24cf30c9eadeed1845bbfbec5063e2f16c,1,1
SR,sppr1##/dvpr121c.bam,39eeb8ccb9a3a5e2e2665fa26c12c81e5942f9d4f2cf6875a33bc1e3d175bc6c,1,2
SR,sppr1##/mstone.bam,5aae59c31896e76f383da28e9037c20f1d2dfc5412c2d17070e952af7956e7f4,1,1
SR,sppr2##/dvpr216a.bam,fa6b53f862b1049a7c25df246b29583ab5acc5dc7996e46244e2b951e82f8cd5,1,2
SR,sppr2##/dvpr216b.bam,938d3defaa688ec2ea22f204b58a4c4250e9e774055c64db232e9489c05a7b20,1,1
SR,sppr2##/dvpr216c.bam,f68f457c70d78cdcf036839b5b0d27f0845441939ae52cf882b44bcfd8ffa8b7,1,2
SR,sppr2##/dvpr217a.bam,fbd25d672f08df2bc007fe2601640117f9574cbd7106e3c293877c3d625b5501,1,2
SR,sppr2##/dvpr217b.bam,4dc0373874e51740aabf6405545d550f0a73bf93f2aeb720d9d8ba5427856454,1,2
SR,sppr2##/dvpr217c.bam,4d010a8b09a3b9c5f1759094c9ef4feacb9644bb4e2fa1a1cfd1f47722eb4a67,1,2
SR,sppr2##/dvpr219a.bam,398ddb36b6d7483825bda63aabff1f394a958f9beb1087da8615d24c7337424e,1,1
SR,sppr2##/dvpr219b.bam,6683632dbc19064be22692090e89fb4a08eb1cb7dd81940c7be20840e252cf7e,1,1
SR,sppr2##/dvpr219c.bam,24f2656f105e9ea5b822781bb4ab90712783a1f61c14cce8cc76ea36225b5eab,1,1
SR,sppr2##/dvpr220a.bam,8a6c1981bdf596f0aa7f126bee19743f9105a147b3a2feeeae3327087d1114e0,1,2
SR,sppr2##/dvpr220b.bam,f830d2430c72ddc550de682f55c4b472e7a972fd06c36a90d652e2aacdd9bcc1,1,2
SR,sppr2##/dvpr220c.bam,06b0417d896f329512cd1b308a80792ecd09e94c9a1572333b43246b81adfef2,1,2
SR,sppr2##/dvsburst.bam,6df08f6553b8075dc52aa8837226c125733f039b5d3cf293765ab444a2bcbfee,48,1
SR,sppr3##/dvpr318a.bam,00a23f83af4e357fa297a1c8de4e804f744951774f017e1a63d224cea0ca6211,1,2
SR,sppr3##/dvpr318b.bam,910f3b3c89f3b631a38a3ba12dbe69ffb429f83adcb29a431bb52e89561d11e7,1,1
SR,sppr3##/dvpr318c.bam,acde128ead3d9ce6a2fd4c8667bdd024c72487c968fda905a7e212e517ff06b4,1,2
SR,sppr3##/dvpr320a.bam,6a210c0ed27e027e63fc7771375173396e0a2f8f4be67056991524bef0277d5c,1,2
SR,sppr3##/dvpr320b.bam,e5c15bc5b008a9547b24571f801bd955b018ae3e6c527a617d026ce943a72a32,1,2
SR,sppr3##/dvpr320c.bam,8e7f1bfa7bf98bf7c2add025039d71d20f1784949612a67fbdf962f3a254d4b1,1,2
SR,sppr3##/dvpr323a.bam,b0fd29cfb9acce04b17d8b401674618f27f315f1210720bd383c961deb392c02,1,2
SR,sppr3##/dvpr323b.bam,a4abe2e5f7eee8c84980ef0f114cfc4f8bf23a4c33dc443b8107beed794f30ba,1,2
SR,sppr3##/dvpr323c.bam,77278968dac539cc89724055705f9a9384606893b870e72701cc30499062503b,1,2
SR,sppr3##/dvpr324a.bam,0946e356a0c88ff849d2a02e7c9d7b46b6d78ec96803d9e67dad1b0ce9b1f92c,1,2
SR,sppr3##/dvpr324b.bam,7affb52e14c63a93c3839bba7047258760ba9547f24bc2428f8d978181525370,1,2
SR,sppr3##/dvpr324c.bam,778787e5f864d17cfcf07cef846ffa0af61380769e4a247ae9069a728186b701,1,2
SR,sppr3##/dvpr325a.bam,9c8cd13f5884dde3c6b9f3440b37cfe03e0a64a7649e897fcfab41c06e8794cb,1,2
SR,sppr3##/dvpr325b.bam,4f5f9af83b9fa48688c0dd22636e249983a43a9d455a14a70549fa7e369dbe75,1,2
SR,sppr3##/dvpr325c.bam,4ab43509d3014de3a50941c01b9e593e53222699b4fc0d41fffa907d6a6b9f4a,1,2
SR,sppr3##/dvpr326a.bam,c48e5adda8fdc9144a6b6b7d9399726653acb17db8cbbca3c4ffe3823876eb57,1,2
SR,sppr3##/dvpr326b.bam,9cfbe9bda7989584addf645fd5e6cdea314d01879c16fdb332beb16e93ad094d,1,2
SR,sppr3##/dvpr326c.bam,f94da417696aca1760de6c5208d9e501e73f3f81e8fb291c1cb5fa002c46b8b9,1,2
SR,sppr3##/icelance.bam,42db3b7506151d2a49bd06b127d9f5322008a360ab4a9345fe91ae9fe020330c,90,9
SR,sppr3##/spstorms.bam,e694435a6b08f7b35246266fd12db7a5fc4ba8ed0de027b1f921190d87de1199,16,1
SR,sppr4##/dvpr419a.bam,b6e1b4948aaa1c204c0e790eebbda4480292cd04c9288ebfdc43d613ee29b99a,1,2
SR,sppr4##/dvpr419b.bam,4493c04498af345ed20a719a2075427f0da63e0638f9fae65384f0dc6bf8ddff,1,2
SR,sppr4##/dvpr419c.bam,16cc6f96f24e0ebe06a77b821379555745fd67b7699c8ad8a451bd123e465aef,1,2
SR,sppr4##/sppr402a.bam,78c46aa478f5d6835ba97a133acbc15500ce520ce9e6af4afaa5797b0486bb2b,1,2
SR,sppr4##/sppr402b.bam,571685d8b6c30c4737ae855ed5e251c5fde7feb3dae065c7ca2370b96a3369f5,1,2
SR,sppr4##/sppr402c.bam,1b5fd8ef7ab35a3bd1aa274b886064e32eb1aa4a587710f22c61f362241959b0,1,2
SR,sppr5##/dvpr524a.bam,f33611878f4a291cd3458404808e0f30e73239c6587db819cc7c146102098690,1,2
SR,sppr5##/dvpr524b.bam,946d4c7511df0c1a535fc25d6dd40371bfeae9b50d610c1558f6210e417133c8,1,2
SR,sppr5##/dvpr524c.bam,bf7f1fca14242b03e1c9a86cbe88649705e36c79862cc40875c0bb20eb155195,1,2
SR,sppr5##/dvpr525a.bam,0f55748cef24f485f216d46bd06ca16515ee016e77dd82fb2f8bcb34986f1e3a,1,2
SR,sppr5##/dvpr525b.bam,1faa115d39dad65d58fea417b32496eda3a78838e242646a5a730be4a9b98c88,1,2
SR,sppr5##/dvpr525c.bam,d8a9ce46118e0457c397e11ac34f999980f4f7d4dc6719839e31c55ebca0efe5,1,2
SR,sppr5##/sppr501a.bam,19a6d1e23be4d87947b9338ef89ede422fb9193483c8be52c004949d734fd8e9,1,2
SR,sppr5##/sppr501b.bam,148443b7c39a8ca0bcd9a469ef55c090c938c7c99b5b54ba8611ce0cdf92fa68,1,2
SR,sppr5##/sppr501c.bam,060e47ac4697b5ce13ea07e4a5b7cb6ebdc0ea81b01591f59bae5671813ee642,1,2
SR,sppr6##/dvpr620a.bam,3a8bcf94968ae953dab23ed7cf5eff889f7efb22ceca3f5cc3cf997de6b86b4f,1,2
SR,sppr6##/dvpr620b.bam,b9a24115387d935577912d78fe31dd577f61eebac8ff56abe31647b8f2f48882,1,1
SR,sppr6##/dvpr620c.bam,c7dfb89d8c791f605e1c7d4809d6a60e02fbb6befb2b4dfa0f4b065133e04519,1,2
SR,sppr6##/sppr602a.bam,f7fc8eeb7a28e3faf21587614a3958a4b2faf5d0c8362ce64dfcb8f356b13d90,1,2
SR,sppr6##/sppr602b.bam,4c7b6a20d26e7304d34b6d65c1ddd05058c21edd680b906ef19ec654652878bf,1,2
SR,sppr6##/sppr602c.bam,520dae6c16e18f6f1830ed86804af8579803e02dd92e1dc65e348ac4eadfd82b,1,2
SR,sppr7##/a#shope.bam,bf50fbc7e09df5004899e199ada4e9c664f60307ca91f593a27df13943e90ca6,24,1
SR,sppr7##/a#spain.bam,4cc0ae8f7825653c4d39a94e4b9f237a3a358dde11531b74f74dbe0999b6bf2d,24,1
SR,sppr7##/dvimplo.bam,e2c66ed31a0087be92bde91422c6f3c43a63aa6657565574df91c7ce37be2de6,36,1
SR,sppr7##/dvpr716a.bam,c8e28afa7c210321c7a8e0b9023bfb4cd054bfdf23af18e8f4e264edcd191af3,1,2
SR,sppr7##/dvpr716b.bam,a17746bbc095beac84e6c3bde01eea02565673ac61f67a5295cfa92274a46bac,1,2
SR,sppr7##/dvpr716c.bam,cace3218562c948049bb3d91b58b626ed66e3f11e8ad23989b8a12d18ba67949,1,2
SR,sppr7##/sppr702a.bam,36e3785c232a4cdc877231fd9818bfe28ecd2d573510b994b4c582d02cc8fe82,1,2
SR,sppr7##/sppr702b.bam,7d7801486cb5c86b96f053e630cd899b4627890bd544a251e79158765d757df1,1,1
SR,sppr7##/sppr702c.bam,4e43110c52376ee970e8389fa41f1990444361ddddb42cdd158bc2156d3ca0e9,1,2
SR,sppr7##/sppr711a.bam,dd60862dc0bad79d570c3d77fa81810a8e67ab0d0887fa0f29fa11e084f6086a,1,2
SR,sppr7##/sppr711b.bam,be3fb7bf7bd99793665346ab2280c0f85c719ce74a12126fdcd5696b4b8df3c9,1,2
SR,sppr7##/sppr711c.bam,1a3e9892b9f08051c701ea57e34afde09dccae1d757078186600b7fb8ca72f93,1,2
SR,sppr7##/sppr719c.bam,b47159edb2c9efa5f6415b2730400a0235ae6e8cf889cf07ba082116ab1210a3,2,2
SR,spwi1##/dvwi106a.bam,6b3c04677dfc7de51ea8581c8b01369b6a0d5216d6505eb27302c26798bd385f,1,2
SR,spwi1##/dvwi106b.bam,24f0c90da48ce2de3ab5e620071efb24cf30c9eadeed1845bbfbec5063e2f16c,1,1
SR,spwi1##/dvwi106c.bam,39eeb8ccb9a3a5e2e2665fa26c12c81e5942f9d4f2cf6875a33bc1e3d175bc6c,1,2
SR,spwi1##/dvwi107a.bam,8fcc4caab71d8a3e89bae566535f4bb84d99e62665e2ae336ad38f01969f5952,1,2
SR,spwi1##/dvwi107b.bam,8b16f51a11278085df7d9a44123182a5cb8b51f6f6af1dd7ef66ec2291eeea95,1,2
SR,spwi1##/dvwi107c.bam,9abf9e129e4a163b7e85b8d8583d8b4e48a96987519a23bea222adc42c0a225b,1,2
SR,spwi1##/dvwi108a.bam,e68ae39bebc58cefa198373ae58f2ed91d6e28c828841c04dcb39689595627be,1,1
SR,spwi1##/dvwi108b.bam,ecf98a4d5f646f3eaef8e53cbdc9dce69b47a9310d4fa338f9e97cd2357227ea,1,1
SR,spwi1##/dvwi108c.bam,3614f54e57998a8bd12371663d192e31ef11346a3f188432ce9e1734b6a85b9d,1,1
SR,spwi1##/dvwi109a.bam,0943ee00dc430a460868d2ba9502807bb69a179356c54e039b6a003792d92d74,1,2
SR,spwi1##/dvwi109b.bam,9f276182896e1686dbb55511bd6bb38b3b7de1177cbaaefc9cef6da9adac2d3f,1,2
SR,spwi1##/dvwi109c.bam,0a9081fe085a04d2b2ad2861b886af475ff5c03d8ee12b669c524250a2e4fa34,1,2
SR,spwi1##/dvwi111a.bam,119440110dd51693e0d7fee29e0f8c0638f86a996ea8b5d3be560c67f524e32d,1,2
SR,spwi1##/dvwi111b.bam,15ce381a8218a4ca6b741a7dddbe60dd9703d9eda2380c9aea867e08743c0836,1,2
SR,spwi1##/dvwi111c.bam,c09d47916a504c0aee87b8f95cbce51dffdf1343b1000475f6ddddc9cfcf8f11,1,2
SR,spwi1##/spchrorb.bam,69df045c87341b3b19c636af807c5b46426878c74151d21ca6390d6a7b67f968,16,1
SR,spwi2##/dvpr210a.bam,ab6c9accf5f524a51a46c0fd1e0c04f7fce2f1a81012903c8c1da2fadc706956,2,2
SR,spwi2##/dvsburst.bam,6df08f6553b8075dc52aa8837226c125733f039b5d3cf293765ab444a2bcbfee,48,1
SR,spwi2##/dvwi226a.bam,e8a12902076c8ee42fb2eb70b99bfd00fd2af97bbfc21c686a4d4e8b9127a04e,1,2
SR,spwi2##/dvwi226b.bam,c11adb1d003f3c669226283759831b71332986434823eecc9236dc010c2d1045,1,2
SR,spwi2##/dvwi226c.bam,62d874e51a297b7697210492afce67da4ae2afd7f319d51e02b3bfdbaf9e32a2,1,2
SR,spwi2##/spwi207a.bam,86f9d4a9bd6d664c155c18def930a8c40a5835cf76e14f473ce7aefdca246e10,1,2
SR,spwi2##/spwi207b.bam,19a431f0d8b05c475c6a8b53052d968c13dd4b857ca0736947bdffca8312b0fd,1,2
SR,spwi2##/spwi207c.bam,acbf94ca4d2b2d1aa569e0a7a9b0272ab45ad07b6f8d6fb1126cdfb77dbbb749,1,1
SR,spwi3##/dvwi327a.bam,c48e5adda8fdc9144a6b6b7d9399726653acb17db8cbbca3c4ffe3823876eb57,1,2
SR,spwi3##/dvwi327b.bam,9cfbe9bda7989584addf645fd5e6cdea314d01879c16fdb332beb16e93ad094d,1,2
SR,spwi3##/dvwi327c.bam,f94da417696aca1760de6c5208d9e501e73f3f81e8fb291c1cb5fa002c46b8b9,1,2
SR,spwi3##/gharmor.bam,5022298304f7ea077175013cfbfa98068e1cacbd43794f43eed763a9e51f6d06,24,1
SR,spwi3##/spwi309a.bam,e2ff9ca3cc2a5f2af1f2ba60cfe39167623f084696f089e394a13da8bc9f4e31,1,2
SR,spwi3##/spwi309b.bam,84e8b73b27068c4a1282ee1f032309b71e1a280b3d5a70e2e1c6739c67973586,1,2
SR,spwi3##/spwi309c.bam,778f423d28d86d5240876af0afadc3bd81db4c859cdc7efdbf42ec068ad5e17c,1,2
SR,spwi4##/dvvtrsph.bam,e77e883ea1d5555e22a0b229c53c3401d11b24b37c32eb1a01d1a2a0f8fad76b,32,1
SR,spwi4##/dvvtrtra.bam,af748332147952016c46351e4bae60280e2f1fda019a7949da61b44e7c79f25d,16,1
SR,spwi4##/dvwi426a.bam,58e058806886cf5233ea5cefb08cc6c08435a76dfdc222b9bd2ab4147cd308a3,1,2
SR,spwi4##/dvwi426b.bam,57875c3063a50418477b1503ec9534120956a10acfe7a0f31e06340be2866a7d,1,2
SR,spwi4##/dvwi426c.bam,a1e3871ff174979765886f58079f74a15795d2064d93d719d05211399a33d6d1,1,2
SR,spwi4##/dvwi427a.bam,c973710095500573ce4de0a36b05573f6ca0a8a08f22e68fd21d39c0b0769805,1,2
SR,spwi4##/dvwi427b.bam,2c964a6f3dc4ea9f074343cb1c87b25ffb645b7f4c867618ac9ac955ea341738,1,2
SR,spwi4##/dvwi427c.bam,d46f88d18e4ef25409848e6aa82722906195c218c3d1e16fc3c7f5b7c452e6a2,1,2
SR,spwi4##/enchwp/istaf24.bam,8c990b4559d23e43539350a712cadf6dba75c9b2f1500b0ae364632a56c9691a,2,2
SR,spwi4##/sparmor.bam,80a49e0c34c3422c9f4170dbfe3378ba82a986425ee4bb71f0ee8bb06833d23b,16,1
SR,spwi4##/spwi406a.bam,a213851f82219768acadbb3c57338a3f715a893a943f2a9e56a457be5381a690,2,2
SR,spwi4##/spwi406b.bam,b9418cb765e81e7ca550f4397f824f724076aa6c1093d999cc499e3ed43e1fd6,2,2
SR,spwi4##/spwi406c.bam,0800451f9fab817114910d1d650fe1a0977d927583f8e0f5ef90c6739ad79ac3,2,2
SR,spwi4##/spwi417a.bam,694f8536b5e6569ef5ac0c377aebc1106890b3fc908eaf65da28928912e6c05b,1,2
SR,spwi4##/spwi417b.bam,976e986ce1ef97a36f6df6ee4d8acb6641d9270cc86990653196cf93045b0be6,1,2
SR,spwi4##/spwi417c.bam,89f55d3ced6c8e0177b061daf4492a9bc34e2eba72a55dbb3b1bc2873419c778,1,2
SR,spwi4##/spwi423a.bam,597e986bc92b37419939b3fc8a8c4526f665e6200cc8c922645f0c514a864761,1,2
SR,spwi4##/spwi423b.bam,3a90feffda26e7de67a505a0d4ed02b4ab8bbf151d0ed0ce9552db3d62a3b1bb,1,2
SR,spwi4##/spwi423c.bam,6acd8d4deb61d8046228d1051a2fb9fb3627aa758ed525c74df7ff7025d9052d,1,2
SR,spwi5##/dvsdoor.bam,f3d79fec03f62dcd769e8090a7623eac57800da8057514d2cb0cecaeedca1fdc,20,1
SR,spwi5##/dvwi526a.bam,4133ef3518af7229b30d130423144a14d3110b4d37de68a9dd40e9795d061259,1,1
SR,spwi5##/dvwi526b.bam,145975a38a0a7658a771dcfc6fa70ba1d45c2251b7aa77ef1ed871f109e15cb2,1,1
SR,spwi5##/dvwi526c.bam,0c8eadecb050cb01ea8c5e72e4a92b92a3f195690908d6d6ed60344d5100ba21,1,1
SR,spwi5##/mestsh.bam,c2f618a862bf2ad4f16ef1114d9bdad2f2865a5b39f44e425de3f2146aafdd72,16,1
SR,spwi5##/spccoldl.bam,6b671cb45d95f575937c04d5ca7598a1c80404c6bdccf9a92edf94078158dce9,9,4
SR,spwi5##/spwi504a.bam,0ae7ba786def0e46add57fa0c1b7a4ee6262f33bf7c8e2f3a49e2bf7baba8441,1,2
SR,spwi5##/spwi504b.bam,a183b162622e404b923bd75bb56b76d972bdeb632b27307ca29a7c65c3e9c7ab,1,2
SR,spwi5##/spwi504c.bam,792593505e5afd392dda0f11ffe2f2ce7678d68d9b3479038d644f574ff8f304,1,2
SR,spwi5##/spwi508a.bam,32988436f720ed22b10b3f827ab0df32947dd02d5ec7cbc64e48ae5621af0693,1,2
SR,spwi5##/spwi508b.bam,1f745822ebd39131e8f422cad1b50f6ae799000c5f4bf5bb3db957ed9dbbffae,1,1
SR,spwi5##/spwi508c.bam,5e9b41088cfbaddb0ed22cc06d57cf22326041663d7562bd561c6c5c15365920,1,2
SR,spwi5##/spwi519a.bam,8b4e12c217184a6bba4169ea441d7371c7bb9a4a79696ccacb686bd5ce8fd88d,1,1
SR,spwi5##/spwi519b.bam,fc1519d13da1bd54c1747735b476cc44d258bb93b47ff8bd38c1b36faf20742e,1,1
SR,spwi5##/spwi519c.bam,760b9eaae22e714e54af5bcae059d2d0396be66e0709e64b9d18da3d56b26471,1,1
SR,spwi5##/spwi522a.bam,306e2a9a29cf8050e50d4e1fc3eb5b3b75cf16b7c0a39ccc5bb91bf1286c9540,2,2
SR,spwi5##/spwi522b.bam,7b6ec8027ed0de529e76ea5148fb76a05d8309a8afe6829a5a05b38241f8c498,2,2
SR,spwi5##/spwi522c.bam,2075e2bb6c6717bedcaedcd2c26f93d1230ec822bbd77500c22a2c9bd0aa721b,2,2
SR,spwi6##/dvwi605a.bam,3a8bcf94968ae953dab23ed7cf5eff889f7efb22ceca3f5cc3cf997de6b86b4f,1,2
SR,spwi6##/dvwi605b.bam,b9a24115387d935577912d78fe31dd577f61eebac8ff56abe31647b8f2f48882,1,1
SR,spwi6##/dvwi605c.bam,c7dfb89d8c791f605e1c7d4809d6a60e02fbb6befb2b4dfa0f4b065133e04519,1,2
SR,spwi6##/dvwi619a.bam,cb706f42efb6ab0c2f54d0544bca0737fdfbc7712a31ba3ab7562e6a048e87b1,1,2
SR,spwi6##/dvwi619b.bam,4eaa7b7ac5888e905d7f670c82186f6771799e3283ac13ca2f2f1c86a59b62bf,1,2
SR,spwi6##/dvwi619c.bam,8e387d9a5d271022e204ad32c86f4d18c038eb4c72a4d21c7f58f44fe85e7a50,1,2
SR,spwi6##/spwi501a.bam,ca557335dd538a80332c4e3405897286e0abfaf723f55ae819254f71dba717a2,1,2
SR,spwi6##/spwi501b.bam,0e0108520c521dbee42f1603db02b7775c4d7db6043eec32b371251f319f5ea0,1,1
SR,spwi6##/spwi501c.bam,6c62d4cfd942b43b36907080009965a6b77f4f3935765e92305e90ed1ff3e927,1,2
SR,spwi6##/spwi602a.bam,a1525081b16615d2dadfc9167182f91e6fdd2907e9109ad7b9b66d6135030144,2,2
SR,spwi6##/spwi602b.bam,06064f814c89eb4331a834db0b13b91ebd0fa0c7a080ec84f37c224bc33f47a3,2,2
SR,spwi6##/spwi602c.bam,63fe57db8e77a805d12e68d40c9716992b4ab3a7971d8ada061056ccf6ac984e,2,2
SR,spwi7##/dvmantle.bam,b516a63a3a6de6d879f44adefd19e61222b332c70e1c1460e86752dea968dcce,16,1
SR,spwi7##/dvwi707a.bam,9dc57334cb54869cca6fb3c88c5cd503882ec4a8a19bad63100193b020a142fe,1,2
SR,spwi7##/dvwi707b.bam,247493ca1691ecd9af31cd6bddea33a8e6824229dadb72435155717cae13dea2,1,1
SR,spwi7##/dvwi707c.bam,9cdf4328101899eb8ff8d21118e5b078a18043f57b90358344797bfca451077c,1,2
SR,spwi7##/dvwi711a.bam,eead0366e6356fb6216f81fbd1bfe4bbb45cab1c33e08a26dec975132eb226e7,2,1
SR,spwi7##/dvwi711b.bam,719f2296a2abc2f85d280b910d26bf5711f1c7c0d5f2aef020533ee5067b73a8,2,2
SR,spwi7##/dvwi711c.bam,7360d59b26bd92afb8d57f202499698c40ec71ab73278fb59821d823c18a7b52,2,2
SR,spwi7##/dvwi724a.bam,e6238918e24652495fb6f5464cce3b9f74eba5041523ee120a51161923bb8f51,1,2
SR,spwi7##/dvwi724b.bam,fa2eb03607ab5dc860e3a57a67f2eadc9abceebc8ff495012bb3ebd0008fcb01,1,2
SR,spwi7##/dvwi724c.bam,ccb9d7fb0b0868bc1b4b657a957b31a803dccb0c6ff49a6c9ea3e3b648933b70,1,2
SR,spwi7##/spwi701a.bam,ee1f3f1e74232fbf75d293d6002555116dd4b76bbd0f3120d133305b89ed9d93,1,2
SR,spwi7##/spwi701b.bam,909881d5a8d0396f32d95278c2dcd48fbab67f235d5c1cc55587aa8981009cb1,1,2
SR,spwi7##/spwi701c.bam,2a045a67b43f840caa3874fae7f102699b358b646afefa1d4940f85f6b0525c7,1,2
SR,spwi8##/dvwi808a.bam,763642d984fdc647108ffd67b2e016fad44bdb499364ae6e3bca44b521244b85,1,2
SR,spwi8##/dvwi808b.bam,c3ebeb8c9f8f069ebc7c7b8b17813f0abdbcec538f75597bfd892aa2eff5be3f,1,2
SR,spwi8##/dvwi808c.bam,0c8c47afdcb08a13e5cc16e865a8473aca8d731e82c60942bef8248c1ffc8b5b,1,2
SR,spwi8##/dvwi819a.bam,8394e11c98b943f5357f2db235e75851aa328e7753a266cacf82f8e1c0545611,1,2
SR,spwi8##/dvwi819b.bam,8efe083e73e3571eedb7b009464a8f301633ee3a240e859b681bad05884d12d2,1,2
SR,spwi8##/dvwi819c.bam,62127c1f47dffd4980cd3a9804c6673dcb6e2c1eb8e94f4bffa266422426b9ce,1,2
SR,spwi8##/spwi802a.bam,84ca43db943b232d16c3ac5e2b43c4267abbc77206989d9437550e1d2960ea0f,1,2
SR,spwi8##/spwi802b.bam,a8b7f407dfd4b634416eb248533eb09de9abc74ca5bc6e281b95771cd35403e3,1,1
SR,spwi8##/spwi802c.bam,3c61349f4bf8017778108e8298f01e3afc199fd856a6a6e16f72deacc633f03b,1,2
SR,spwi9##/dvwi906a.bam,98888ac2627f155d1ef6c68dd5a120512eb482ce29397e8d224a9eb6daeca05f,1,2
SR,spwi9##/dvwi906b.bam,f3b14b6e1c69a28cf946802aa312d226f92f87a693305291df7ea233080d1017,1,2
SR,spwi9##/dvwi906c.bam,d501c1928603c81c21e68220d5294d7287ba9955a437ec3f0cffd5a9c9cdcefc,1,2
SR,tobex_redist/override/toolscrl.bam,cb20d5eb7ffd5769a821c660b65bcd276f6452541d208c9e6650938c5507e360,7,3
