source,resource,issue,detail
IWDEE,DGRIGHT.SPL,hardcoded/unmapped projectile,255
IWDEE,OHTMPS1.SPL,hardcoded/unmapped projectile,255
IWDEE,OHTMPS1.SPL,hardcoded/unmapped projectile,255
IWDEE,OHTMPS1.SPL,hardcoded/unmapped projectile,255
IWDEE,OHTMPS1.SPL,hardcoded/unmapped projectile,255
IWDEE,OHTMPS1.SPL,hardcoded/unmapped projectile,255
IWDEE,OHTMPS1.SPL,hardcoded/unmapped projectile,255
IWDEE,OHTMPS1.SPL,hardcoded/unmapped projectile,255
IWDEE,OHTMPS1.SPL,hardcoded/unmapped projectile,255
IWDEE,OHTMPS1.SPL,hardcoded/unmapped projectile,255
IWDEE,OHTMPS1.SPL,hardcoded/unmapped projectile,255
IWDEE,OHTMPS1.SPL,hardcoded/unmapped projectile,255
IWDEE,OHTMPS1.SPL,hardcoded/unmapped projectile,255
IWDEE,OHTMPS1.SPL,hardcoded/unmapped projectile,255
IWDEE,OHTMPS1.SPL,hardcoded/unmapped projectile,255
IWDEE,OHTMPS1.SPL,hardcoded/unmapped projectile,255
IWDEE,OHTMPS1.SPL,hardcoded/unmapped projectile,255
IWDEE,OHTMPS1.SPL,hardcoded/unmapped projectile,255
IWDEE,OHTMPS1.SPL,hardcoded/unmapped projectile,255
IWDEE,OHTMPS1.SPL,hardcoded/unmapped projectile,255
IWDEE,OHTMPS1.SPL,hardcoded/unmapped projectile,255
IWDEE,OHTMPS1.SPL,hardcoded/unmapped projectile,255
IWDEE,OHTMPS1.SPL,hardcoded/unmapped projectile,255
IWDEE,OHTMPS1.SPL,hardcoded/unmapped projectile,255
IWDEE,OHTMPS1.SPL,hardcoded/unmapped projectile,255
IWDEE,OHTMPS1.SPL,hardcoded/unmapped projectile,255
IWDEE,OHTMPS1.SPL,hardcoded/unmapped projectile,255
IWDEE,OHTMPS1.SPL,hardcoded/unmapped projectile,255
IWDEE,OHTMPS1.SPL,hardcoded/unmapped projectile,255
IWDEE,OHTMPS1.SPL,hardcoded/unmapped projectile,255
IWDEE,OHTMPS1.SPL,hardcoded/unmapped projectile,255
IWDEE,OHTYR2.SPL,hardcoded/unmapped projectile,66
IWDEE,OHTYR2.SPL,hardcoded/unmapped projectile,66
IWDEE,OHTYR2.SPL,hardcoded/unmapped projectile,66
IWDEE,OHTYR2.SPL,hardcoded/unmapped projectile,66
IWDEE,OHTYR2.SPL,hardcoded/unmapped projectile,66
IWDEE,OHTYR2.SPL,hardcoded/unmapped projectile,66
IWDEE,SPCL122.SPL,hardcoded/unmapped projectile,66
IWDEE,SPCL122.SPL,hardcoded/unmapped projectile,66
IWDEE,SPCL122.SPL,hardcoded/unmapped projectile,66
IWDEE,SPCL122.SPL,hardcoded/unmapped projectile,66
IWDEE,SPCL122.SPL,hardcoded/unmapped projectile,66
IWDEE,SPCL122.SPL,hardcoded/unmapped projectile,66
IWDEE,SPCL122.SPL,hardcoded/unmapped projectile,66
IWDEE,SPCL122.SPL,hardcoded/unmapped projectile,66
IWDEE,SPCL122.SPL,hardcoded/unmapped projectile,66
IWDEE,SPCL122.SPL,hardcoded/unmapped projectile,66
IWDEE,SPCL122.SPL,hardcoded/unmapped projectile,66
IWDEE,SPIN835.SPL,hardcoded/unmapped projectile,131
IWDEE,SPPR214.SPL,hardcoded/unmapped projectile,66
IWDEE,SPPR214.SPL,hardcoded/unmapped projectile,66
IWDEE,SPPR214.SPL,hardcoded/unmapped projectile,66
IWDEE,SPPR214.SPL,hardcoded/unmapped projectile,66
IWDEE,SPPR214.SPL,hardcoded/unmapped projectile,66
IWDEE,SPPR214.SPL,hardcoded/unmapped projectile,66
IWDEE,SPPR214.SPL,hardcoded/unmapped projectile,66
IWDEE,SPPR214.SPL,hardcoded/unmapped projectile,66
IWDEE,SPPR214.SPL,hardcoded/unmapped projectile,66
IWDEE,SPPR214.SPL,hardcoded/unmapped projectile,66
IWDEE,SPPR302.SPL,hardcoded/unmapped projectile,85
IWDEE,SPPR302.SPL,hardcoded/unmapped projectile,86
IWDEE,SPPR302.SPL,hardcoded/unmapped projectile,87
IWDEE,SPPR302.SPL,hardcoded/unmapped projectile,88
IWDEE,SPPR302.SPL,hardcoded/unmapped projectile,89
IWDEE,SPPR302.SPL,hardcoded/unmapped projectile,90
IWDEE,SPPR302.SPL,hardcoded/unmapped projectile,91
IWDEE,SPPR302.SPL,hardcoded/unmapped projectile,91
IWDEE,SPPR302.SPL,hardcoded/unmapped projectile,91
IWDEE,SPPR302.SPL,hardcoded/unmapped projectile,91
IWDEE,SPPR302.SPL,hardcoded/unmapped projectile,91
IWDEE,SPPR302.SPL,hardcoded/unmapped projectile,91
IWDEE,SPPR302.SPL,hardcoded/unmapped projectile,91
IWDEE,SPPR302.SPL,hardcoded/unmapped projectile,91
IWDEE,SPPR302.SPL,hardcoded/unmapped projectile,91
IWDEE,SPPR302.SPL,hardcoded/unmapped projectile,91
IWDEE,SPPR302.SPL,hardcoded/unmapped projectile,91
IWDEE,SPPR302.SPL,hardcoded/unmapped projectile,91
IWDEE,SPPR302.SPL,hardcoded/unmapped projectile,91
IWDEE,SPPR302.SPL,hardcoded/unmapped projectile,91
IWDEE,SPPR302.SPL,hardcoded/unmapped projectile,91
IWDEE,SPPR302.SPL,hardcoded/unmapped projectile,91
IWDEE,SPPR302.SPL,hardcoded/unmapped projectile,91
IWDEE,SPPR302.SPL,hardcoded/unmapped projectile,91
IWDEE,SPPR302.SPL,hardcoded/unmapped projectile,91
IWDEE,SPPR302.SPL,hardcoded/unmapped projectile,91
IWDEE,SPPR412.SPL,hardcoded/unmapped projectile,255
IWDEE,SPPR412.SPL,hardcoded/unmapped projectile,255
IWDEE,SPPR412.SPL,hardcoded/unmapped projectile,255
IWDEE,SPPR412.SPL,hardcoded/unmapped projectile,255
IWDEE,SPPR412.SPL,hardcoded/unmapped projectile,255
IWDEE,SPPR412.SPL,hardcoded/unmapped projectile,255
IWDEE,SPPR412.SPL,hardcoded/unmapped projectile,255
IWDEE,SPPR412.SPL,hardcoded/unmapped projectile,255
IWDEE,SPPR412.SPL,hardcoded/unmapped projectile,255
IWDEE,SPPR412.SPL,hardcoded/unmapped projectile,255
IWDEE,SPPR412.SPL,hardcoded/unmapped projectile,255
IWDEE,SPPR412.SPL,hardcoded/unmapped projectile,255
IWDEE,SPPR412.SPL,hardcoded/unmapped projectile,255
IWDEE,SPPR412.SPL,hardcoded/unmapped projectile,255
IWDEE,SPPR412.SPL,hardcoded/unmapped projectile,255
IWDEE,SPPR412.SPL,hardcoded/unmapped projectile,255
IWDEE,SPPR412.SPL,hardcoded/unmapped projectile,255
IWDEE,SPPR412.SPL,hardcoded/unmapped projectile,255
IWDEE,SPPR412.SPL,hardcoded/unmapped projectile,255
IWDEE,SPPR412.SPL,hardcoded/unmapped projectile,255
IWDEE,SPPR412.SPL,hardcoded/unmapped projectile,255
IWDEE,SPPR412.SPL,hardcoded/unmapped projectile,255
IWDEE,SPPR412.SPL,hardcoded/unmapped projectile,255
IWDEE,SPPR412.SPL,hardcoded/unmapped projectile,255
IWDEE,SPPR513.SPL,hardcoded/unmapped projectile,255
IWDEE,SPPR513.SPL,hardcoded/unmapped projectile,255
IWDEE,SPPR513.SPL,hardcoded/unmapped projectile,255
IWDEE,SPPR513.SPL,hardcoded/unmapped projectile,255
IWDEE,SPPR513.SPL,hardcoded/unmapped projectile,255
IWDEE,SPPR513.SPL,hardcoded/unmapped projectile,255
IWDEE,SPPR513.SPL,hardcoded/unmapped projectile,255
IWDEE,SPPR513.SPL,hardcoded/unmapped projectile,255
IWDEE,SPPR513.SPL,hardcoded/unmapped projectile,255
IWDEE,SPPR513.SPL,hardcoded/unmapped projectile,255
IWDEE,SPPR513.SPL,hardcoded/unmapped projectile,255
IWDEE,SPPR513.SPL,hardcoded/unmapped projectile,255
IWDEE,SPPR513.SPL,hardcoded/unmapped projectile,255
IWDEE,SPPR513.SPL,hardcoded/unmapped projectile,255
IWDEE,SPPR513.SPL,hardcoded/unmapped projectile,255
IWDEE,SPPR513.SPL,hardcoded/unmapped projectile,255
IWDEE,SPPR513.SPL,hardcoded/unmapped projectile,255
IWDEE,SPPR513.SPL,hardcoded/unmapped projectile,255
IWDEE,SPPR513.SPL,hardcoded/unmapped projectile,255
IWDEE,SPPR513.SPL,hardcoded/unmapped projectile,255
IWDEE,SPPR513.SPL,hardcoded/unmapped projectile,255
IWDEE,SPPR513.SPL,hardcoded/unmapped projectile,255
IWDEE,SPPR609D.SPL,hardcoded/unmapped projectile,255
IWDEE,SPPR616.SPL,hardcoded/unmapped projectile,508
IWDEE,SPPR619.SPL,hardcoded/unmapped projectile,508
IWDEE,SPSREST.SPL,hardcoded/unmapped projectile,79
IWDEE,SPWI003.SPL,hardcoded/unmapped projectile,70
IWDEE,SPWI015.SPL,hardcoded/unmapped projectile,191
IWDEE,SPWI021.SPL,hardcoded/unmapped projectile,79
IWDEE,SPWI022.SPL,hardcoded/unmapped projectile,79
IWDEE,SPWI023.SPL,hardcoded/unmapped projectile,66
IWDEE,SPWI024.SPL,hardcoded/unmapped projectile,79
IWDEE,SPWI033.SPL,hardcoded/unmapped projectile,72
IWDEE,SPWI112.SPL,hardcoded/unmapped projectile,68
IWDEE,SPWI112.SPL,hardcoded/unmapped projectile,69
IWDEE,SPWI112.SPL,hardcoded/unmapped projectile,70
IWDEE,SPWI112.SPL,hardcoded/unmapped projectile,71
IWDEE,SPWI112.SPL,hardcoded/unmapped projectile,72
IWDEE,SPWI299.SPL,hardcoded/unmapped projectile,189
IWDEE,SPWI921.SPL,hardcoded/unmapped projectile,79
IWDEE,SPWI975.SPL,hardcoded/unmapped projectile,66
IWDEE,SPWI985.SPL,hardcoded/unmapped projectile,195
IWDEE,SPWM188.SPL,hardcoded/unmapped projectile,189
EET,AC#FPRI.SPL,hardcoded/unmapped projectile,195
EET,BALTH01A.SPL,hardcoded/unmapped projectile,66
EET,BALTH06.SPL,hardcoded/unmapped projectile,73
EET,BALTH07.SPL,hardcoded/unmapped projectile,139
EET,BDCAELA2.SPL,hardcoded/unmapped projectile,195
EET,BDCAELA2.SPL,hardcoded/unmapped projectile,195
EET,BDCAELA2.SPL,hardcoded/unmapped projectile,195
EET,BDCAELA2.SPL,hardcoded/unmapped projectile,195
EET,BDCAELA2.SPL,hardcoded/unmapped projectile,195
EET,BDCAELA2.SPL,hardcoded/unmapped projectile,195
EET,BDREDHM.SPL,hardcoded/unmapped projectile,195
EET,BDSTINK.SPL,hardcoded/unmapped projectile,79
EET,BHAAL2A.SPL,hardcoded/unmapped projectile,66
EET,BHAAL3B.SPL,hardcoded/unmapped projectile,195
EET,BHAAL3B.SPL,hardcoded/unmapped projectile,195
EET,BHAAL3B.SPL,hardcoded/unmapped projectile,195
EET,BHAAL3B.SPL,hardcoded/unmapped projectile,195
EET,BHAAL3B.SPL,hardcoded/unmapped projectile,195
EET,BSPPR412.SPL,hardcoded/unmapped projectile,255
EET,BSPPR412.SPL,hardcoded/unmapped projectile,255
EET,BSPPR412.SPL,hardcoded/unmapped projectile,255
EET,BSPPR412.SPL,hardcoded/unmapped projectile,255
EET,BSPPR412.SPL,hardcoded/unmapped projectile,255
EET,BSPPR412.SPL,hardcoded/unmapped projectile,255
EET,BSPPR412.SPL,hardcoded/unmapped projectile,255
EET,BSPPR412.SPL,hardcoded/unmapped projectile,255
EET,BSPPR412.SPL,hardcoded/unmapped projectile,255
EET,BSPPR412.SPL,hardcoded/unmapped projectile,255
EET,BSPPR412.SPL,hardcoded/unmapped projectile,255
EET,BSPPR412.SPL,hardcoded/unmapped projectile,255
EET,BSPPR412.SPL,hardcoded/unmapped projectile,255
EET,BSPPR412.SPL,hardcoded/unmapped projectile,255
EET,CDDETECT.SPL,parse/bounds,
EET,DGRIGHT.SPL,hardcoded/unmapped projectile,255
EET,DRAKE01.SPL,hardcoded/unmapped projectile,22
EET,FINP103.SPL,hardcoded/unmapped projectile,66
EET,FINP103.SPL,hardcoded/unmapped projectile,66
EET,FINP103.SPL,hardcoded/unmapped projectile,66
EET,FINP103.SPL,hardcoded/unmapped projectile,66
EET,FINP103.SPL,hardcoded/unmapped projectile,66
EET,FINP103.SPL,hardcoded/unmapped projectile,66
EET,IMOSLAY3.SPL,hardcoded/unmapped projectile,255
EET,IMOSLAYA.SPL,hardcoded/unmapped projectile,255
EET,L#BHASY2.SPL,hardcoded/unmapped projectile,66
EET,L#HARHA.SPL,hardcoded/unmapped projectile,106
EET,MELSPL01.SPL,hardcoded/unmapped projectile,66
EET,MELSPL02.SPL,hardcoded/unmapped projectile,255
EET,MELSPL8A.SPL,hardcoded/unmapped projectile,255
EET,OHBBCLT3.SPL,hardcoded/unmapped projectile,255
EET,OHBBCLT4.SPL,hardcoded/unmapped projectile,255
EET,OHBCALLL.SPL,hardcoded/unmapped projectile,84
EET,OHTMPS1.SPL,hardcoded/unmapped projectile,255
EET,OHTMPS1.SPL,hardcoded/unmapped projectile,255
EET,OHTMPS1.SPL,hardcoded/unmapped projectile,255
EET,OHTMPS1.SPL,hardcoded/unmapped projectile,255
EET,OHTMPS1.SPL,hardcoded/unmapped projectile,255
EET,OHTMPS1.SPL,hardcoded/unmapped projectile,255
EET,OHTMPS1.SPL,hardcoded/unmapped projectile,255
EET,OHTMPS1.SPL,hardcoded/unmapped projectile,255
EET,OHTMPS1.SPL,hardcoded/unmapped projectile,255
EET,OHTMPS1.SPL,hardcoded/unmapped projectile,255
EET,OHTMPS1.SPL,hardcoded/unmapped projectile,255
EET,OHTMPS1.SPL,hardcoded/unmapped projectile,255
EET,OHTMPS1.SPL,hardcoded/unmapped projectile,255
EET,OHTMPS1.SPL,hardcoded/unmapped projectile,255
EET,OHTMPS1.SPL,hardcoded/unmapped projectile,255
EET,OHTMPS1.SPL,hardcoded/unmapped projectile,255
EET,OHTMPS1.SPL,hardcoded/unmapped projectile,255
EET,OHTMPS1.SPL,hardcoded/unmapped projectile,255
EET,OHTMPS1.SPL,hardcoded/unmapped projectile,255
EET,OHTMPS1.SPL,hardcoded/unmapped projectile,255
EET,OHTYR2.SPL,hardcoded/unmapped projectile,66
EET,OHTYR2.SPL,hardcoded/unmapped projectile,66
EET,OHTYR2.SPL,hardcoded/unmapped projectile,66
EET,OHTYR2.SPL,hardcoded/unmapped projectile,66
EET,OHTYR2.SPL,hardcoded/unmapped projectile,66
EET,OHTYR2.SPL,hardcoded/unmapped projectile,66
EET,SENBEHKD.SPL,hardcoded/unmapped projectile,208
EET,SENDAIF1.SPL,hardcoded/unmapped projectile,208
EET,SLAYER2.SPL,hardcoded/unmapped projectile,255
EET,SLAYER3.SPL,hardcoded/unmapped projectile,255
EET,SLAYER4.SPL,hardcoded/unmapped projectile,255
EET,SPIN103.SPL,hardcoded/unmapped projectile,66
EET,SPIN103.SPL,hardcoded/unmapped projectile,66
EET,SPIN103.SPL,hardcoded/unmapped projectile,66
EET,SPIN103.SPL,hardcoded/unmapped projectile,66
EET,SPIN103.SPL,hardcoded/unmapped projectile,66
EET,SPIN103.SPL,hardcoded/unmapped projectile,66
EET,SPIN502.SPL,hardcoded/unmapped projectile,79
EET,SPIN563.SPL,hardcoded/unmapped projectile,255
EET,SPIN598.SPL,hardcoded/unmapped projectile,255
EET,SPIN612.SPL,hardcoded/unmapped projectile,120
EET,SPIN655.SPL,hardcoded/unmapped projectile,79
EET,SPIN685.SPL,hardcoded/unmapped projectile,68
EET,SPIN685.SPL,hardcoded/unmapped projectile,69
EET,SPIN685.SPL,hardcoded/unmapped projectile,70
EET,SPIN685.SPL,hardcoded/unmapped projectile,71
EET,SPIN685.SPL,hardcoded/unmapped projectile,72
EET,SPIN690.SPL,hardcoded/unmapped projectile,255
EET,SPIN757.SPL,hardcoded/unmapped projectile,255
EET,SPIN758.SPL,hardcoded/unmapped projectile,255
EET,SPIN782.SPL,hardcoded/unmapped projectile,138
EET,SPIN783.SPL,hardcoded/unmapped projectile,255
EET,SPIN794.SPL,hardcoded/unmapped projectile,138
EET,SPIN821.SPL,hardcoded/unmapped projectile,195
EET,SPIN823.SPL,hardcoded/unmapped projectile,255
EET,SPIN835.SPL,hardcoded/unmapped projectile,131
EET,SPIN867.SPL,hardcoded/unmapped projectile,195
EET,SPIN899.SPL,hardcoded/unmapped projectile,195
EET,SPIN910.SPL,hardcoded/unmapped projectile,79
EET,SPIN952.SPL,hardcoded/unmapped projectile,191
EET,SPIN953.SPL,hardcoded/unmapped projectile,195
EET,SPIN960.SPL,hardcoded/unmapped projectile,195
EET,SPIN961.SPL,hardcoded/unmapped projectile,195
EET,SPIN962.SPL,hardcoded/unmapped projectile,72
EET,SPPR214.SPL,hardcoded/unmapped projectile,66
EET,SPPR214.SPL,hardcoded/unmapped projectile,66
EET,SPPR214.SPL,hardcoded/unmapped projectile,66
EET,SPPR214.SPL,hardcoded/unmapped projectile,66
EET,SPPR214.SPL,hardcoded/unmapped projectile,66
EET,SPPR214.SPL,hardcoded/unmapped projectile,66
EET,SPPR302.SPL,hardcoded/unmapped projectile,81
EET,SPPR302.SPL,hardcoded/unmapped projectile,81
EET,SPPR302.SPL,hardcoded/unmapped projectile,81
EET,SPPR302.SPL,hardcoded/unmapped projectile,82
EET,SPPR302.SPL,hardcoded/unmapped projectile,82
EET,SPPR302.SPL,hardcoded/unmapped projectile,82
EET,SPPR302.SPL,hardcoded/unmapped projectile,82
EET,SPPR302.SPL,hardcoded/unmapped projectile,83
EET,SPPR302.SPL,hardcoded/unmapped projectile,83
EET,SPPR302.SPL,hardcoded/unmapped projectile,83
EET,SPPR302.SPL,hardcoded/unmapped projectile,83
EET,SPPR302.SPL,hardcoded/unmapped projectile,84
EET,SPPR302.SPL,hardcoded/unmapped projectile,84
EET,SPPR302.SPL,hardcoded/unmapped projectile,84
EET,SPPR302.SPL,hardcoded/unmapped projectile,84
EET,SPPR302.SPL,hardcoded/unmapped projectile,85
EET,SPPR412.SPL,hardcoded/unmapped projectile,255
EET,SPPR412.SPL,hardcoded/unmapped projectile,255
EET,SPPR412.SPL,hardcoded/unmapped projectile,255
EET,SPPR412.SPL,hardcoded/unmapped projectile,255
EET,SPPR412.SPL,hardcoded/unmapped projectile,255
EET,SPPR412.SPL,hardcoded/unmapped projectile,255
EET,SPPR412.SPL,hardcoded/unmapped projectile,255
EET,SPPR412.SPL,hardcoded/unmapped projectile,255
EET,SPPR412.SPL,hardcoded/unmapped projectile,255
EET,SPPR412.SPL,hardcoded/unmapped projectile,255
EET,SPPR412.SPL,hardcoded/unmapped projectile,255
EET,SPPR412.SPL,hardcoded/unmapped projectile,255
EET,SPPR412.SPL,hardcoded/unmapped projectile,255
EET,SPPR412.SPL,hardcoded/unmapped projectile,255
EET,SPPR513.SPL,hardcoded/unmapped projectile,255
EET,SPPR513.SPL,hardcoded/unmapped projectile,255
EET,SPPR513.SPL,hardcoded/unmapped projectile,255
EET,SPPR513.SPL,hardcoded/unmapped projectile,255
EET,SPPR513.SPL,hardcoded/unmapped projectile,255
EET,SPPR513.SPL,hardcoded/unmapped projectile,255
EET,SPPR513.SPL,hardcoded/unmapped projectile,255
EET,SPPR513.SPL,hardcoded/unmapped projectile,255
EET,SPPR513.SPL,hardcoded/unmapped projectile,255
EET,SPPR513.SPL,hardcoded/unmapped projectile,255
EET,SPPR513.SPL,hardcoded/unmapped projectile,255
EET,SPPR513.SPL,hardcoded/unmapped projectile,255
EET,SPPR609D.SPL,hardcoded/unmapped projectile,255
EET,SPPR987.SPL,hardcoded/unmapped projectile,85
EET,SPSREST.SPL,hardcoded/unmapped projectile,79
EET,SPWI003.SPL,hardcoded/unmapped projectile,70
EET,SPWI015.SPL,hardcoded/unmapped projectile,191
EET,SPWI018.SPL,hardcoded/unmapped projectile,191
EET,SPWI021.SPL,hardcoded/unmapped projectile,79
EET,SPWI022.SPL,hardcoded/unmapped projectile,79
EET,SPWI023.SPL,hardcoded/unmapped projectile,66
EET,SPWI024.SPL,hardcoded/unmapped projectile,79
EET,SPWI112.SPL,hardcoded/unmapped projectile,68
EET,SPWI112.SPL,hardcoded/unmapped projectile,69
EET,SPWI112.SPL,hardcoded/unmapped projectile,70
EET,SPWI112.SPL,hardcoded/unmapped projectile,71
EET,SPWI112.SPL,hardcoded/unmapped projectile,72
EET,SPWI299.SPL,hardcoded/unmapped projectile,189
EET,SPWI329.SPL,hardcoded/unmapped projectile,68
EET,SPWI329.SPL,hardcoded/unmapped projectile,69
EET,SPWI329.SPL,hardcoded/unmapped projectile,70
EET,SPWI329.SPL,hardcoded/unmapped projectile,71
EET,SPWI329.SPL,hardcoded/unmapped projectile,72
EET,SPWI329.SPL,hardcoded/unmapped projectile,73
EET,SPWI329.SPL,hardcoded/unmapped projectile,74
EET,SPWI329.SPL,hardcoded/unmapped projectile,75
EET,SPWI329.SPL,hardcoded/unmapped projectile,76
EET,SPWI329.SPL,hardcoded/unmapped projectile,77
EET,SPWI329.SPL,hardcoded/unmapped projectile,78
EET,SPWI603.SPL,hardcoded/unmapped projectile,66
EET,SPWI603.SPL,hardcoded/unmapped projectile,66
EET,SPWI603.SPL,hardcoded/unmapped projectile,66
EET,SPWI603.SPL,hardcoded/unmapped projectile,66
EET,SPWI603.SPL,hardcoded/unmapped projectile,66
EET,SPWI603.SPL,hardcoded/unmapped projectile,66
EET,SPWI603.SPL,hardcoded/unmapped projectile,66
EET,SPWI603.SPL,hardcoded/unmapped projectile,66
EET,SPWI603.SPL,hardcoded/unmapped projectile,66
EET,SPWI822.SPL,hardcoded/unmapped projectile,191
EET,SPWI822.SPL,hardcoded/unmapped projectile,191
EET,SPWI822.SPL,hardcoded/unmapped projectile,191
EET,SPWI822.SPL,hardcoded/unmapped projectile,191
EET,SPWI822.SPL,hardcoded/unmapped projectile,191
EET,SPWI822.SPL,hardcoded/unmapped projectile,191
EET,SPWI822.SPL,hardcoded/unmapped projectile,191
EET,SPWI822.SPL,hardcoded/unmapped projectile,191
EET,SPWI822.SPL,hardcoded/unmapped projectile,191
EET,SPWI822.SPL,hardcoded/unmapped projectile,191
EET,SPWI921.SPL,hardcoded/unmapped projectile,79
EET,SPWI938.SPL,hardcoded/unmapped projectile,85
EET,SPWI940.SPL,hardcoded/unmapped projectile,79
EET,SPWI966.SPL,hardcoded/unmapped projectile,66
EET,SPWI985.SPL,hardcoded/unmapped projectile,195
EET,SPWI998.SPL,hardcoded/unmapped projectile,73
EET,SPWM188.SPL,hardcoded/unmapped projectile,189
EET,U!SPEL02.SPL,hardcoded/unmapped projectile,189
SR,BASILG1.ITM,hardcoded/unmapped projectile,65
SR,DVANPACK.SPL,hardcoded/unmapped projectile,313
SR,DVDSCENT.SPL,hardcoded/unmapped projectile,277
SR,DVENAROW.ITM,hardcoded/unmapped projectile,2
SR,DVENBOLT.ITM,hardcoded/unmapped projectile,12
SR,DVENBULL.ITM,hardcoded/unmapped projectile,17
SR,DVRSWARM.SPL,hardcoded/unmapped projectile,297
SR,DVSTENCH.SPL,hardcoded/unmapped projectile,285
SR,ENEBLADE.ITM,hardcoded/unmapped projectile,271
SR,FEARAURA.SPL,hardcoded/unmapped projectile,307
SR,JELLGRSU.ITM,hardcoded/unmapped projectile,108
SR,MELFMET.ITM,hardcoded/unmapped projectile,258
SR,MSTONE.ITM,hardcoded/unmapped projectile,17
SR,MUMMYDSP.SPL,hardcoded/unmapped projectile,254
SR,NERFED_SPPR114.SPL,hardcoded/unmapped projectile,283
SR,NERFED_SPWI224.SPL,hardcoded/unmapped projectile,297
SR,SCRL1J.ITM,hardcoded/unmapped projectile,205
SR,SCRLA3.ITM,hardcoded/unmapped projectile,170
SR,SORB.ITM,hardcoded/unmapped projectile,18
SR,SORB12.ITM,hardcoded/unmapped projectile,258
SR,SORB13.ITM,hardcoded/unmapped projectile,258
SR,SORB14.ITM,hardcoded/unmapped projectile,258
SR,SORB15.ITM,hardcoded/unmapped projectile,258
SR,SORB16.ITM,hardcoded/unmapped projectile,258
SR,SORB17.ITM,hardcoded/unmapped projectile,258
SR,SORB18.ITM,hardcoded/unmapped projectile,258
SR,SORB19.ITM,hardcoded/unmapped projectile,258
SR,SORB20.ITM,hardcoded/unmapped projectile,258
SR,SPCL722.SPL,hardcoded/unmapped projectile,241
SR,SPCL722.SPL,hardcoded/unmapped projectile,241
SR,SPCL722.SPL,hardcoded/unmapped projectile,241
SR,SPCL722.SPL,hardcoded/unmapped projectile,241
SR,SPCL722.SPL,hardcoded/unmapped projectile,241
SR,SPCL722.SPL,hardcoded/unmapped projectile,241
SR,SPCL722.SPL,hardcoded/unmapped projectile,241
SR,SPCL722.SPL,hardcoded/unmapped projectile,241
SR,SPCL722.SPL,hardcoded/unmapped projectile,241
SR,SPCL722.SPL,hardcoded/unmapped projectile,241
SR,SPDR101.SPL,hardcoded/unmapped projectile,24
SR,SPDR101.SPL,hardcoded/unmapped projectile,24
SR,SPDR101.SPL,hardcoded/unmapped projectile,24
SR,SPDR101.SPL,hardcoded/unmapped projectile,24
SR,SPDR101.SPL,hardcoded/unmapped projectile,24
SR,SPDR101.SPL,hardcoded/unmapped projectile,24
SR,SPDR101.SPL,hardcoded/unmapped projectile,24
SR,SPDR201.SPL,hardcoded/unmapped projectile,64
SR,SPDR301.SPL,hardcoded/unmapped projectile,241
SR,SPDR301.SPL,hardcoded/unmapped projectile,241
SR,SPDR301.SPL,hardcoded/unmapped projectile,241
SR,SPDR301.SPL,hardcoded/unmapped projectile,241
SR,SPDR301.SPL,hardcoded/unmapped projectile,241
SR,SPDR301.SPL,hardcoded/unmapped projectile,241
SR,SPDR501.SPL,hardcoded/unmapped projectile,170
SR,SPIN103.SPL,hardcoded/unmapped projectile,66
SR,SPIN103.SPL,hardcoded/unmapped projectile,66
SR,SPIN103.SPL,hardcoded/unmapped projectile,66
SR,SPIN104.SPL,hardcoded/unmapped projectile,50
SR,SPIN104.SPL,hardcoded/unmapped projectile,50
SR,SPIN104.SPL,hardcoded/unmapped projectile,50
SR,SPIN104.SPL,hardcoded/unmapped projectile,50
SR,SPIN104.SPL,hardcoded/unmapped projectile,50
SR,SPIN105.SPL,hardcoded/unmapped projectile,169
SR,SPIN683.SPL,hardcoded/unmapped projectile,260
SR,SPIN701.SPL,hardcoded/unmapped projectile,234
SR,SPIN788.SPL,hardcoded/unmapped projectile,55
SR,SPIN789.SPL,hardcoded/unmapped projectile,159
SR,SPPR101.SPL,hardcoded/unmapped projectile,162
SR,SPPR105.SPL,hardcoded/unmapped projectile,243
SR,SPPR108.SPL,hardcoded/unmapped projectile,168
SR,SPPR113.SPL,hardcoded/unmapped projectile,235
SR,SPPR113.SPL,hardcoded/unmapped projectile,235
SR,SPPR113.SPL,hardcoded/unmapped projectile,235
SR,SPPR113.SPL,hardcoded/unmapped projectile,235
SR,SPPR113.SPL,hardcoded/unmapped projectile,235
SR,SPPR114.SPL,hardcoded/unmapped projectile,293
SR,SPPR115.SPL,hardcoded/unmapped projectile,47
SR,SPPR121.SPL,hardcoded/unmapped projectile,298
SR,SPPR203.SPL,hardcoded/unmapped projectile,162
SR,SPPR203D.SPL,hardcoded/unmapped projectile,159
SR,SPPR204.SPL,hardcoded/unmapped projectile,48
SR,SPPR205D.SPL,hardcoded/unmapped projectile,186
SR,SPPR208.SPL,hardcoded/unmapped projectile,190
SR,SPPR209.SPL,hardcoded/unmapped projectile,185
SR,SPPR211.SPL,hardcoded/unmapped projectile,294
SR,SPPR214.SPL,hardcoded/unmapped projectile,66
SR,SPPR214.SPL,hardcoded/unmapped projectile,66
SR,SPPR214.SPL,hardcoded/unmapped projectile,66
SR,SPPR216.SPL,hardcoded/unmapped projectile,100
SR,SPPR216.SPL,hardcoded/unmapped projectile,100
SR,SPPR216.SPL,hardcoded/unmapped projectile,100
SR,SPPR216.SPL,hardcoded/unmapped projectile,100
SR,SPPR216.SPL,hardcoded/unmapped projectile,100
SR,SPPR216.SPL,hardcoded/unmapped projectile,100
SR,SPPR216.SPL,hardcoded/unmapped projectile,100
SR,SPPR216.SPL,hardcoded/unmapped projectile,100
SR,SPPR218.SPL,hardcoded/unmapped projectile,218
SR,SPPR302.SPL,hardcoded/unmapped projectile,81
SR,SPPR302.SPL,hardcoded/unmapped projectile,82
SR,SPPR302.SPL,hardcoded/unmapped projectile,83
SR,SPPR302.SPL,hardcoded/unmapped projectile,84
SR,SPPR302.SPL,hardcoded/unmapped projectile,85
SR,SPPR303.SPL,hardcoded/unmapped projectile,177
SR,SPPR304.SPL,hardcoded/unmapped projectile,100
SR,SPPR304.SPL,hardcoded/unmapped projectile,100
SR,SPPR304.SPL,hardcoded/unmapped projectile,100
SR,SPPR304.SPL,hardcoded/unmapped projectile,100
SR,SPPR304.SPL,hardcoded/unmapped projectile,100
SR,SPPR304.SPL,hardcoded/unmapped projectile,100
SR,SPPR305.SPL,hardcoded/unmapped projectile,190
SR,SPPR308.SPL,hardcoded/unmapped projectile,168
SR,SPPR309D.SPL,hardcoded/unmapped projectile,254
SR,SPPR310.SPL,hardcoded/unmapped projectile,48
SR,SPPR311.SPL,hardcoded/unmapped projectile,235
SR,SPPR312.SPL,hardcoded/unmapped projectile,295
SR,SPPR313.SPL,hardcoded/unmapped projectile,251
SR,SPPR313.SPL,hardcoded/unmapped projectile,251
SR,SPPR313.SPL,hardcoded/unmapped projectile,251
SR,SPPR313.SPL,hardcoded/unmapped projectile,251
SR,SPPR313.SPL,hardcoded/unmapped projectile,251
SR,SPPR313.SPL,hardcoded/unmapped projectile,251
SR,SPPR314.SPL,hardcoded/unmapped projectile,252
SR,SPPR314.SPL,hardcoded/unmapped projectile,252
SR,SPPR314.SPL,hardcoded/unmapped projectile,252
SR,SPPR314.SPL,hardcoded/unmapped projectile,252
SR,SPPR314.SPL,hardcoded/unmapped projectile,252
SR,SPPR314.SPL,hardcoded/unmapped projectile,252
SR,SPPR318.SPL,hardcoded/unmapped projectile,218
SR,SPPR319.SPL,hardcoded/unmapped projectile,227
SR,SPPR324.SPL,hardcoded/unmapped projectile,158
SR,SPPR325.SPL,hardcoded/unmapped projectile,243
SR,SPPR326.SPL,hardcoded/unmapped projectile,241
SR,SPPR405.SPL,hardcoded/unmapped projectile,48
SR,SPPR406.SPL,hardcoded/unmapped projectile,298
SR,SPPR408.SPL,hardcoded/unmapped projectile,158
SR,SPPR408D.SPL,hardcoded/unmapped projectile,298
SR,SPPR411.SPL,hardcoded/unmapped projectile,235
SR,SPPR411.SPL,hardcoded/unmapped projectile,235
SR,SPPR411.SPL,hardcoded/unmapped projectile,235
SR,SPPR411.SPL,hardcoded/unmapped projectile,235
SR,SPPR412.SPL,hardcoded/unmapped projectile,255
SR,SPPR412.SPL,hardcoded/unmapped projectile,255
SR,SPPR412.SPL,hardcoded/unmapped projectile,255
SR,SPPR412.SPL,hardcoded/unmapped projectile,255
SR,SPPR412.SPL,hardcoded/unmapped projectile,255
SR,SPPR412.SPL,hardcoded/unmapped projectile,255
SR,SPPR412.SPL,hardcoded/unmapped projectile,255
SR,SPPR412.SPL,hardcoded/unmapped projectile,255
SR,SPPR412.SPL,hardcoded/unmapped projectile,255
SR,SPPR412.SPL,hardcoded/unmapped projectile,255
SR,SPPR412.SPL,hardcoded/unmapped projectile,255
SR,SPPR412.SPL,hardcoded/unmapped projectile,255
SR,SPPR412.SPL,hardcoded/unmapped projectile,255
SR,SPPR412.SPL,hardcoded/unmapped projectile,255
SR,SPPR416D.SPL,hardcoded/unmapped projectile,292
SR,SPPR418.SPL,hardcoded/unmapped projectile,98
SR,SPPR503.SPL,hardcoded/unmapped projectile,299
SR,SPPR503.SPL,hardcoded/unmapped projectile,299
SR,SPPR503.SPL,hardcoded/unmapped projectile,299
SR,SPPR503.SPL,hardcoded/unmapped projectile,299
SR,SPPR503.SPL,hardcoded/unmapped projectile,299
SR,SPPR503.SPL,hardcoded/unmapped projectile,299
SR,SPPR503.SPL,hardcoded/unmapped projectile,299
SR,SPPR505.SPL,hardcoded/unmapped projectile,254
SR,SPPR505D.SPL,hardcoded/unmapped projectile,254
SR,SPPR507.SPL,hardcoded/unmapped projectile,66
SR,SPPR507.SPL,hardcoded/unmapped projectile,66
SR,SPPR507.SPL,hardcoded/unmapped projectile,66
SR,SPPR507.SPL,hardcoded/unmapped projectile,66
SR,SPPR507.SPL,hardcoded/unmapped projectile,66
SR,SPPR507.SPL,hardcoded/unmapped projectile,66
SR,SPPR507.SPL,hardcoded/unmapped projectile,66
SR,SPPR507.SPL,hardcoded/unmapped projectile,66
SR,SPPR507.SPL,hardcoded/unmapped projectile,66
SR,SPPR507.SPL,hardcoded/unmapped projectile,66
SR,SPPR507.SPL,hardcoded/unmapped projectile,66
SR,SPPR507.SPL,hardcoded/unmapped projectile,66
SR,SPPR512.SPL,hardcoded/unmapped projectile,300
SR,SPPR513.SPL,hardcoded/unmapped projectile,255
SR,SPPR513.SPL,hardcoded/unmapped projectile,255
SR,SPPR513.SPL,hardcoded/unmapped projectile,255
SR,SPPR513.SPL,hardcoded/unmapped projectile,255
SR,SPPR513.SPL,hardcoded/unmapped projectile,255
SR,SPPR513.SPL,hardcoded/unmapped projectile,255
SR,SPPR513.SPL,hardcoded/unmapped projectile,255
SR,SPPR513.SPL,hardcoded/unmapped projectile,255
SR,SPPR513.SPL,hardcoded/unmapped projectile,255
SR,SPPR513.SPL,hardcoded/unmapped projectile,255
SR,SPPR513.SPL,hardcoded/unmapped projectile,255
SR,SPPR513.SPL,hardcoded/unmapped projectile,255
SR,SPPR514.SPL,hardcoded/unmapped projectile,301
SR,SPPR514.SPL,hardcoded/unmapped projectile,301
SR,SPPR514.SPL,hardcoded/unmapped projectile,301
SR,SPPR514.SPL,hardcoded/unmapped projectile,301
SR,SPPR514.SPL,hardcoded/unmapped projectile,301
SR,SPPR514.SPL,hardcoded/unmapped projectile,301
SR,SPPR514.SPL,hardcoded/unmapped projectile,301
SR,SPPR514.SPL,hardcoded/unmapped projectile,301
SR,SPPR514.SPL,hardcoded/unmapped projectile,301
SR,SPPR514.SPL,hardcoded/unmapped projectile,301
SR,SPPR515D.SPL,hardcoded/unmapped projectile,296
SR,SPPR516.SPL,hardcoded/unmapped projectile,158
SR,SPPR517.SPL,hardcoded/unmapped projectile,228
SR,SPPR519.SPL,hardcoded/unmapped projectile,47
SR,SPPR524.SPL,hardcoded/unmapped projectile,301
SR,SPPR524.SPL,hardcoded/unmapped projectile,301
SR,SPPR524.SPL,hardcoded/unmapped projectile,301
SR,SPPR524.SPL,hardcoded/unmapped projectile,301
SR,SPPR524.SPL,hardcoded/unmapped projectile,301
SR,SPPR524.SPL,hardcoded/unmapped projectile,301
SR,SPPR524.SPL,hardcoded/unmapped projectile,301
SR,SPPR524.SPL,hardcoded/unmapped projectile,301
SR,SPPR524.SPL,hardcoded/unmapped projectile,301
SR,SPPR524.SPL,hardcoded/unmapped projectile,301
SR,SPPR525.SPL,hardcoded/unmapped projectile,158
SR,SPPR603E.SPL,hardcoded/unmapped projectile,218
SR,SPPR606D.SPL,hardcoded/unmapped projectile,226
SR,SPPR609D.SPL,hardcoded/unmapped projectile,255
SR,SPPR609E.SPL,hardcoded/unmapped projectile,302
SR,SPPR610.SPL,hardcoded/unmapped projectile,235
SR,SPPR612.SPL,hardcoded/unmapped projectile,233
SR,SPPR620.SPL,hardcoded/unmapped projectile,172
SR,SPPR704.SPL,hardcoded/unmapped projectile,303
SR,SPPR705.SPL,hardcoded/unmapped projectile,229
SR,SPPR705.SPL,hardcoded/unmapped projectile,229
SR,SPPR705.SPL,hardcoded/unmapped projectile,229
SR,SPPR705.SPL,hardcoded/unmapped projectile,229
SR,SPPR705.SPL,hardcoded/unmapped projectile,229
SR,SPPR705.SPL,hardcoded/unmapped projectile,229
SR,SPPR705.SPL,hardcoded/unmapped projectile,229
SR,SPPR705E.SPL,hardcoded/unmapped projectile,205
SR,SPPR706.SPL,hardcoded/unmapped projectile,225
SR,SPPR707.SPL,hardcoded/unmapped projectile,159
SR,SPPR708.SPL,hardcoded/unmapped projectile,235
SR,SPPR708.SPL,hardcoded/unmapped projectile,235
SR,SPPR708.SPL,hardcoded/unmapped projectile,235
SR,SPPR708.SPL,hardcoded/unmapped projectile,235
SR,SPPR708.SPL,hardcoded/unmapped projectile,235
SR,SPPR708.SPL,hardcoded/unmapped projectile,235
SR,SPPR708.SPL,hardcoded/unmapped projectile,235
SR,SPPR709.SPL,hardcoded/unmapped projectile,304
SR,SPPR710.SPL,hardcoded/unmapped projectile,254
SR,SPPR710.SPL,hardcoded/unmapped projectile,254
SR,SPPR710.SPL,hardcoded/unmapped projectile,254
SR,SPPR710.SPL,hardcoded/unmapped projectile,254
SR,SPPR710.SPL,hardcoded/unmapped projectile,254
SR,SPPR710.SPL,hardcoded/unmapped projectile,254
SR,SPPR710.SPL,hardcoded/unmapped projectile,254
SR,SPPR715.SPL,hardcoded/unmapped projectile,254
SR,SPPR715.SPL,hardcoded/unmapped projectile,254
SR,SPPR715.SPL,hardcoded/unmapped projectile,254
SR,SPPR715.SPL,hardcoded/unmapped projectile,254
SR,SPPR715.SPL,hardcoded/unmapped projectile,254
SR,SPPR715.SPL,hardcoded/unmapped projectile,254
SR,SPPR715.SPL,hardcoded/unmapped projectile,254
SR,SPPR717.SPL,hardcoded/unmapped projectile,228
SR,SPPR718.SPL,hardcoded/unmapped projectile,225
SR,SPPR719.SPL,hardcoded/unmapped projectile,225
SR,SPPR720.SPL,hardcoded/unmapped projectile,94
SR,SPPR720F.SPL,hardcoded/unmapped projectile,322
SR,SPPR721.SPL,hardcoded/unmapped projectile,271
SR,SPPR722.SPL,hardcoded/unmapped projectile,265
SR,SPPR725E.SPL,hardcoded/unmapped projectile,218
SR,SPRA301.SPL,hardcoded/unmapped projectile,158
SR,SPRA301.SPL,hardcoded/unmapped projectile,158
SR,SPRA301.SPL,hardcoded/unmapped projectile,158
SR,SPRA301.SPL,hardcoded/unmapped projectile,158
SR,SPRA301.SPL,hardcoded/unmapped projectile,158
SR,SPRA301.SPL,hardcoded/unmapped projectile,158
SR,SPRA301.SPL,hardcoded/unmapped projectile,158
SR,SPRA301.SPL,hardcoded/unmapped projectile,158
SR,SPRA301.SPL,hardcoded/unmapped projectile,158
SR,SPRA301.SPL,hardcoded/unmapped projectile,158
SR,SPRA301.SPL,hardcoded/unmapped projectile,158
SR,SPRA301.SPL,hardcoded/unmapped projectile,158
SR,SPRA301.SPL,hardcoded/unmapped projectile,158
SR,SPRA301.SPL,hardcoded/unmapped projectile,158
SR,SPRA301.SPL,hardcoded/unmapped projectile,158
SR,SPRA303.SPL,hardcoded/unmapped projectile,55
SR,SPWI101.SPL,hardcoded/unmapped projectile,101
SR,SPWI103.SPL,hardcoded/unmapped projectile,313
SR,SPWI103.SPL,hardcoded/unmapped projectile,313
SR,SPWI103.SPL,hardcoded/unmapped projectile,313
SR,SPWI103.SPL,hardcoded/unmapped projectile,313
SR,SPWI103.SPL,hardcoded/unmapped projectile,313
SR,SPWI104.SPL,hardcoded/unmapped projectile,48
SR,SPWI105.SPL,hardcoded/unmapped projectile,249
SR,SPWI105.SPL,hardcoded/unmapped projectile,249
SR,SPWI105.SPL,hardcoded/unmapped projectile,249
SR,SPWI105.SPL,hardcoded/unmapped projectile,249
SR,SPWI105.SPL,hardcoded/unmapped projectile,249
SR,SPWI105.SPL,hardcoded/unmapped projectile,249
SR,SPWI105.SPL,hardcoded/unmapped projectile,249
SR,SPWI105.SPL,hardcoded/unmapped projectile,249
SR,SPWI105.SPL,hardcoded/unmapped projectile,249
SR,SPWI105.SPL,hardcoded/unmapped projectile,249
SR,SPWI105.SPL,hardcoded/unmapped projectile,249
SR,SPWI105.SPL,hardcoded/unmapped projectile,249
SR,SPWI105.SPL,hardcoded/unmapped projectile,249
SR,SPWI105.SPL,hardcoded/unmapped projectile,249
SR,SPWI105.SPL,hardcoded/unmapped projectile,249
SR,SPWI105.SPL,hardcoded/unmapped projectile,249
SR,SPWI105.SPL,hardcoded/unmapped projectile,249
SR,SPWI105.SPL,hardcoded/unmapped projectile,249
SR,SPWI105.SPL,hardcoded/unmapped projectile,249
SR,SPWI105.SPL,hardcoded/unmapped projectile,249
SR,SPWI106.SPL,hardcoded/unmapped projectile,314
SR,SPWI112.SPL,hardcoded/unmapped projectile,68
SR,SPWI112.SPL,hardcoded/unmapped projectile,69
SR,SPWI112.SPL,hardcoded/unmapped projectile,70
SR,SPWI112.SPL,hardcoded/unmapped projectile,71
SR,SPWI112.SPL,hardcoded/unmapped projectile,72
SR,SPWI116.SPL,hardcoded/unmapped projectile,42
SR,SPWI116.SPL,hardcoded/unmapped projectile,42
SR,SPWI116.SPL,hardcoded/unmapped projectile,42
SR,SPWI116.SPL,hardcoded/unmapped projectile,42
SR,SPWI116.SPL,hardcoded/unmapped projectile,42
SR,SPWI116.SPL,hardcoded/unmapped projectile,42
SR,SPWI116.SPL,hardcoded/unmapped projectile,42
SR,SPWI116.SPL,hardcoded/unmapped projectile,42
SR,SPWI116.SPL,hardcoded/unmapped projectile,42
SR,SPWI116.SPL,hardcoded/unmapped projectile,42
SR,SPWI116.SPL,hardcoded/unmapped projectile,42
SR,SPWI116.SPL,hardcoded/unmapped projectile,42
SR,SPWI116.SPL,hardcoded/unmapped projectile,42
SR,SPWI116.SPL,hardcoded/unmapped projectile,42
SR,SPWI116.SPL,hardcoded/unmapped projectile,42
SR,SPWI116.SPL,hardcoded/unmapped projectile,42
SR,SPWI116.SPL,hardcoded/unmapped projectile,42
SR,SPWI116.SPL,hardcoded/unmapped projectile,42
SR,SPWI116.SPL,hardcoded/unmapped projectile,42
SR,SPWI116.SPL,hardcoded/unmapped projectile,42
SR,SPWI118.SPL,hardcoded/unmapped projectile,24
SR,SPWI118.SPL,hardcoded/unmapped projectile,24
SR,SPWI118.SPL,hardcoded/unmapped projectile,24
SR,SPWI118.SPL,hardcoded/unmapped projectile,24
SR,SPWI118.SPL,hardcoded/unmapped projectile,24
SR,SPWI118.SPL,hardcoded/unmapped projectile,24
SR,SPWI118.SPL,hardcoded/unmapped projectile,24
SR,SPWI119.SPL,hardcoded/unmapped projectile,50
SR,SPWI119.SPL,hardcoded/unmapped projectile,50
SR,SPWI119.SPL,hardcoded/unmapped projectile,50
SR,SPWI119.SPL,hardcoded/unmapped projectile,50
SR,SPWI119.SPL,hardcoded/unmapped projectile,50
SR,SPWI125.SPL,hardcoded/unmapped projectile,235
SR,SPWI125.SPL,hardcoded/unmapped projectile,235
SR,SPWI125.SPL,hardcoded/unmapped projectile,235
SR,SPWI125.SPL,hardcoded/unmapped projectile,235
SR,SPWI125.SPL,hardcoded/unmapped projectile,235
SR,SPWI203D.SPL,hardcoded/unmapped projectile,254
SR,SPWI205.SPL,hardcoded/unmapped projectile,169
SR,SPWI207.SPL,hardcoded/unmapped projectile,47
SR,SPWI208.SPL,hardcoded/unmapped projectile,185
SR,SPWI209.SPL,hardcoded/unmapped projectile,48
SR,SPWI210.SPL,hardcoded/unmapped projectile,168
SR,SPWI211.SPL,hardcoded/unmapped projectile,102
SR,SPWI211.SPL,hardcoded/unmapped projectile,102
SR,SPWI211.SPL,hardcoded/unmapped projectile,102
SR,SPWI211.SPL,hardcoded/unmapped projectile,102
SR,SPWI211.SPL,hardcoded/unmapped projectile,102
SR,SPWI213.SPL,hardcoded/unmapped projectile,306
SR,SPWI214.SPL,hardcoded/unmapped projectile,47
SR,SPWI214.SPL,hardcoded/unmapped projectile,47
SR,SPWI214.SPL,hardcoded/unmapped projectile,47
SR,SPWI214.SPL,hardcoded/unmapped projectile,47
SR,SPWI214.SPL,hardcoded/unmapped projectile,47
SR,SPWI214.SPL,hardcoded/unmapped projectile,47
SR,SPWI214.SPL,hardcoded/unmapped projectile,47
SR,SPWI214.SPL,hardcoded/unmapped projectile,47
SR,SPWI214.SPL,hardcoded/unmapped projectile,47
SR,SPWI214.SPL,hardcoded/unmapped projectile,47
SR,SPWI214.SPL,hardcoded/unmapped projectile,47
SR,SPWI214.SPL,hardcoded/unmapped projectile,47
SR,SPWI214.SPL,hardcoded/unmapped projectile,47
SR,SPWI214.SPL,hardcoded/unmapped projectile,47
SR,SPWI214.SPL,hardcoded/unmapped projectile,47
SR,SPWI214.SPL,hardcoded/unmapped projectile,47
SR,SPWI214.SPL,hardcoded/unmapped projectile,47
SR,SPWI214.SPL,hardcoded/unmapped projectile,47
SR,SPWI215.SPL,hardcoded/unmapped projectile,64
SR,SPWI217.SPL,hardcoded/unmapped projectile,109
SR,SPWI221.SPL,hardcoded/unmapped projectile,48
SR,SPWI222.SPL,hardcoded/unmapped projectile,49
SR,SPWI222.SPL,hardcoded/unmapped projectile,49
SR,SPWI222.SPL,hardcoded/unmapped projectile,49
SR,SPWI222.SPL,hardcoded/unmapped projectile,49
SR,SPWI222.SPL,hardcoded/unmapped projectile,49
SR,SPWI222.SPL,hardcoded/unmapped projectile,49
SR,SPWI222.SPL,hardcoded/unmapped projectile,49
SR,SPWI222.SPL,hardcoded/unmapped projectile,49
SR,SPWI222.SPL,hardcoded/unmapped projectile,49
SR,SPWI222.SPL,hardcoded/unmapped projectile,49
SR,SPWI222.SPL,hardcoded/unmapped projectile,49
SR,SPWI222.SPL,hardcoded/unmapped projectile,49
SR,SPWI222.SPL,hardcoded/unmapped projectile,49
SR,SPWI222.SPL,hardcoded/unmapped projectile,49
SR,SPWI222.SPL,hardcoded/unmapped projectile,49
SR,SPWI222.SPL,hardcoded/unmapped projectile,49
SR,SPWI222.SPL,hardcoded/unmapped projectile,49
SR,SPWI222.SPL,hardcoded/unmapped projectile,49
SR,SPWI223D.SPL,hardcoded/unmapped projectile,276
SR,SPWI224.SPL,hardcoded/unmapped projectile,307
SR,SPWI302.SPL,hardcoded/unmapped projectile,177
SR,SPWI303A.SPL,hardcoded/unmapped projectile,308
SR,SPWI303B.SPL,hardcoded/unmapped projectile,308
SR,SPWI303C.SPL,hardcoded/unmapped projectile,308
SR,SPWI303D.SPL,hardcoded/unmapped projectile,308
SR,SPWI303E.SPL,hardcoded/unmapped projectile,4
SR,SPWI304.SPL,hardcoded/unmapped projectile,38
SR,SPWI304.SPL,hardcoded/unmapped projectile,38
SR,SPWI304.SPL,hardcoded/unmapped projectile,38
SR,SPWI304.SPL,hardcoded/unmapped projectile,38
SR,SPWI304.SPL,hardcoded/unmapped projectile,38
SR,SPWI304.SPL,hardcoded/unmapped projectile,38
SR,SPWI305.SPL,hardcoded/unmapped projectile,158
SR,SPWI305.SPL,hardcoded/unmapped projectile,158
SR,SPWI305.SPL,hardcoded/unmapped projectile,158
SR,SPWI305.SPL,hardcoded/unmapped projectile,158
SR,SPWI305.SPL,hardcoded/unmapped projectile,158
SR,SPWI305.SPL,hardcoded/unmapped projectile,158
SR,SPWI305.SPL,hardcoded/unmapped projectile,158
SR,SPWI305.SPL,hardcoded/unmapped projectile,158
SR,SPWI305.SPL,hardcoded/unmapped projectile,158
SR,SPWI305.SPL,hardcoded/unmapped projectile,158
SR,SPWI305.SPL,hardcoded/unmapped projectile,158
SR,SPWI305.SPL,hardcoded/unmapped projectile,158
SR,SPWI305.SPL,hardcoded/unmapped projectile,158
SR,SPWI305.SPL,hardcoded/unmapped projectile,158
SR,SPWI305.SPL,hardcoded/unmapped projectile,158
SR,SPWI306.SPL,hardcoded/unmapped projectile,190
SR,SPWI307.SPL,hardcoded/unmapped projectile,205
SR,SPWI308.SPL,hardcoded/unmapped projectile,241
SR,SPWI308.SPL,hardcoded/unmapped projectile,241
SR,SPWI308.SPL,hardcoded/unmapped projectile,241
SR,SPWI308.SPL,hardcoded/unmapped projectile,241
SR,SPWI308.SPL,hardcoded/unmapped projectile,241
SR,SPWI308.SPL,hardcoded/unmapped projectile,241
SR,SPWI311.SPL,hardcoded/unmapped projectile,55
SR,SPWI312.SPL,hardcoded/unmapped projectile,159
SR,SPWI313.SPL,hardcoded/unmapped projectile,96
SR,SPWI313.SPL,hardcoded/unmapped projectile,96
SR,SPWI313.SPL,hardcoded/unmapped projectile,96
SR,SPWI313.SPL,hardcoded/unmapped projectile,96
SR,SPWI313.SPL,hardcoded/unmapped projectile,96
SR,SPWI313.SPL,hardcoded/unmapped projectile,96
SR,SPWI316.SPL,hardcoded/unmapped projectile,48
SR,SPWI321.SPL,hardcoded/unmapped projectile,311
SR,SPWI322.SPL,hardcoded/unmapped projectile,159
SR,SPWI324.SPL,hardcoded/unmapped projectile,259
SR,SPWI326.SPL,hardcoded/unmapped projectile,157
SR,SPWI327.SPL,hardcoded/unmapped projectile,241
SR,SPWI401.SPL,hardcoded/unmapped projectile,170
SR,SPWI404.SPL,hardcoded/unmapped projectile,98
SR,SPWI409.SPL,hardcoded/unmapped projectile,235
SR,SPWI411.SPL,hardcoded/unmapped projectile,170
SR,SPWI411.SPL,hardcoded/unmapped projectile,170
SR,SPWI411.SPL,hardcoded/unmapped projectile,170
SR,SPWI411.SPL,hardcoded/unmapped projectile,170
SR,SPWI411.SPL,hardcoded/unmapped projectile,170
SR,SPWI411.SPL,hardcoded/unmapped projectile,170
SR,SPWI411.SPL,hardcoded/unmapped projectile,170
SR,SPWI411.SPL,hardcoded/unmapped projectile,170
SR,SPWI411.SPL,hardcoded/unmapped projectile,170
SR,SPWI411.SPL,hardcoded/unmapped projectile,170
SR,SPWI411.SPL,hardcoded/unmapped projectile,170
SR,SPWI411.SPL,hardcoded/unmapped projectile,170
SR,SPWI411.SPL,hardcoded/unmapped projectile,170
SR,SPWI411.SPL,hardcoded/unmapped projectile,170
SR,SPWI412.SPL,hardcoded/unmapped projectile,170
SR,SPWI415.SPL,hardcoded/unmapped projectile,47
SR,SPWI416.SPL,hardcoded/unmapped projectile,47
SR,SPWI421.SPL,hardcoded/unmapped projectile,238
SR,SPWI427.SPL,hardcoded/unmapped projectile,226
SR,SPWI463.ITM,hardcoded/unmapped projectile,194
SR,SPWI502.SPL,hardcoded/unmapped projectile,299
SR,SPWI503.SPL,hardcoded/unmapped projectile,250
SR,SPWI503.SPL,hardcoded/unmapped projectile,250
SR,SPWI503.SPL,hardcoded/unmapped projectile,250
SR,SPWI503.SPL,hardcoded/unmapped projectile,250
SR,SPWI503.SPL,hardcoded/unmapped projectile,250
SR,SPWI503.SPL,hardcoded/unmapped projectile,250
SR,SPWI505D.SPL,hardcoded/unmapped projectile,373
SR,SPWI506.SPL,hardcoded/unmapped projectile,48
SR,SPWI507.SPL,hardcoded/unmapped projectile,190
SR,SPWI508.SPL,hardcoded/unmapped projectile,170
SR,SPWI509.SPL,hardcoded/unmapped projectile,48
SR,SPWI513.SPL,hardcoded/unmapped projectile,55
SR,SPWI514.SPL,hardcoded/unmapped projectile,221
SR,SPWI514.SPL,hardcoded/unmapped projectile,221
SR,SPWI514.SPL,hardcoded/unmapped projectile,221
SR,SPWI514.SPL,hardcoded/unmapped projectile,221
SR,SPWI514.SPL,hardcoded/unmapped projectile,221
SR,SPWI514.SPL,hardcoded/unmapped projectile,221
SR,SPWI514.SPL,hardcoded/unmapped projectile,221
SR,SPWI514.SPL,hardcoded/unmapped projectile,221
SR,SPWI514.SPL,hardcoded/unmapped projectile,221
SR,SPWI514.SPL,hardcoded/unmapped projectile,221
SR,SPWI514.SPL,hardcoded/unmapped projectile,221
SR,SPWI514.SPL,hardcoded/unmapped projectile,221
SR,SPWI515.SPL,hardcoded/unmapped projectile,254
SR,SPWI523D.SPL,hardcoded/unmapped projectile,323
SR,SPWI523D.SPL,hardcoded/unmapped projectile,323
SR,SPWI523D.SPL,hardcoded/unmapped projectile,323
SR,SPWI523D.SPL,hardcoded/unmapped projectile,323
SR,SPWI523D.SPL,hardcoded/unmapped projectile,323
SR,SPWI523D.SPL,hardcoded/unmapped projectile,323
SR,SPWI523D.SPL,hardcoded/unmapped projectile,323
SR,SPWI603.SPL,hardcoded/unmapped projectile,66
SR,SPWI603.SPL,hardcoded/unmapped projectile,66
SR,SPWI603.SPL,hardcoded/unmapped projectile,66
SR,SPWI603.SPL,hardcoded/unmapped projectile,66
SR,SPWI603.SPL,hardcoded/unmapped projectile,66
SR,SPWI603.SPL,hardcoded/unmapped projectile,66
SR,SPWI603.SPL,hardcoded/unmapped projectile,66
SR,SPWI603.SPL,hardcoded/unmapped projectile,66
SR,SPWI603.SPL,hardcoded/unmapped projectile,66
SR,SPWI604.SPL,hardcoded/unmapped projectile,236
SR,SPWI605.SPL,hardcoded/unmapped projectile,172
SR,SPWI608.SPL,hardcoded/unmapped projectile,221
SR,SPWI609.SPL,hardcoded/unmapped projectile,254
SR,SPWI609D.SPL,hardcoded/unmapped projectile,254
SR,SPWI613.SPL,hardcoded/unmapped projectile,158
SR,SPWI614.SPL,hardcoded/unmapped projectile,313
SR,SPWI615A.SPL,hardcoded/unmapped projectile,241
SR,SPWI615A.SPL,hardcoded/unmapped projectile,241
SR,SPWI615A.SPL,hardcoded/unmapped projectile,241
SR,SPWI615A.SPL,hardcoded/unmapped projectile,241
SR,SPWI615A.SPL,hardcoded/unmapped projectile,241
SR,SPWI615A.SPL,hardcoded/unmapped projectile,241
SR,SPWI615A.SPL,hardcoded/unmapped projectile,241
SR,SPWI615A.SPL,hardcoded/unmapped projectile,241
SR,SPWI615A.SPL,hardcoded/unmapped projectile,241
SR,SPWI615B.SPL,hardcoded/unmapped projectile,213
SR,SPWI615B.SPL,hardcoded/unmapped projectile,213
SR,SPWI615B.SPL,hardcoded/unmapped projectile,213
SR,SPWI615B.SPL,hardcoded/unmapped projectile,213
SR,SPWI615B.SPL,hardcoded/unmapped projectile,213
SR,SPWI616.SPL,hardcoded/unmapped projectile,219
SR,SPWI616.SPL,hardcoded/unmapped projectile,219
SR,SPWI616.SPL,hardcoded/unmapped projectile,219
SR,SPWI616.SPL,hardcoded/unmapped projectile,219
SR,SPWI616.SPL,hardcoded/unmapped projectile,219
SR,SPWI616.SPL,hardcoded/unmapped projectile,219
SR,SPWI616.SPL,hardcoded/unmapped projectile,219
SR,SPWI616.SPL,hardcoded/unmapped projectile,219
SR,SPWI616.SPL,hardcoded/unmapped projectile,219
SR,SPWI625.SPL,hardcoded/unmapped projectile,47
SR,SPWI704.SPL,hardcoded/unmapped projectile,221
SR,SPWI705.SPL,hardcoded/unmapped projectile,221
SR,SPWI711.SPL,hardcoded/unmapped projectile,312
SR,SPWI712.SPL,hardcoded/unmapped projectile,244
SR,SPWI712.SPL,hardcoded/unmapped projectile,244
SR,SPWI712.SPL,hardcoded/unmapped projectile,244
SR,SPWI712.SPL,hardcoded/unmapped projectile,244
SR,SPWI712.SPL,hardcoded/unmapped projectile,244
SR,SPWI712.SPL,hardcoded/unmapped projectile,244
SR,SPWI712.SPL,hardcoded/unmapped projectile,244
SR,SPWI712D.SPL,hardcoded/unmapped projectile,322
SR,SPWI712D.SPL,hardcoded/unmapped projectile,322
SR,SPWI712D.SPL,hardcoded/unmapped projectile,322
SR,SPWI712D.SPL,hardcoded/unmapped projectile,322
SR,SPWI712D.SPL,hardcoded/unmapped projectile,322
SR,SPWI712D.SPL,hardcoded/unmapped projectile,322
SR,SPWI712D.SPL,hardcoded/unmapped projectile,322
SR,SPWI713.SPL,hardcoded/unmapped projectile,235
SR,SPWI713.SPL,hardcoded/unmapped projectile,235
SR,SPWI713.SPL,hardcoded/unmapped projectile,235
SR,SPWI713.SPL,hardcoded/unmapped projectile,235
SR,SPWI713.SPL,hardcoded/unmapped projectile,235
SR,SPWI713.SPL,hardcoded/unmapped projectile,235
SR,SPWI713.SPL,hardcoded/unmapped projectile,235
SR,SPWI714.SPL,hardcoded/unmapped projectile,253
SR,SPWI720.SPL,hardcoded/unmapped projectile,259
SR,SPWI720.SPL,hardcoded/unmapped projectile,259
SR,SPWI720.SPL,hardcoded/unmapped projectile,259
SR,SPWI720.SPL,hardcoded/unmapped projectile,259
SR,SPWI720.SPL,hardcoded/unmapped projectile,259
SR,SPWI720.SPL,hardcoded/unmapped projectile,259
SR,SPWI720.SPL,hardcoded/unmapped projectile,259
SR,SPWI720.SPL,hardcoded/unmapped projectile,259
SR,SPWI721.SPL,hardcoded/unmapped projectile,158
SR,SPWI721.SPL,hardcoded/unmapped projectile,158
SR,SPWI721.SPL,hardcoded/unmapped projectile,158
SR,SPWI721.SPL,hardcoded/unmapped projectile,158
SR,SPWI721.SPL,hardcoded/unmapped projectile,158
SR,SPWI721.SPL,hardcoded/unmapped projectile,158
SR,SPWI721.SPL,hardcoded/unmapped projectile,158
SR,SPWI723.SPL,hardcoded/unmapped projectile,49
SR,SPWI805.SPL,hardcoded/unmapped projectile,221
SR,SPWI810.SPL,hardcoded/unmapped projectile,315
SR,SPWI811.SPL,hardcoded/unmapped projectile,225
SR,SPWI812.SPL,hardcoded/unmapped projectile,237
SR,SPWI812.SPL,hardcoded/unmapped projectile,237
SR,SPWI812.SPL,hardcoded/unmapped projectile,237
SR,SPWI812.SPL,hardcoded/unmapped projectile,237
SR,SPWI812.SPL,hardcoded/unmapped projectile,237
SR,SPWI813.SPL,hardcoded/unmapped projectile,49
SR,SPWI816.SPL,hardcoded/unmapped projectile,225
SR,SPWI817.SPL,hardcoded/unmapped projectile,225
SR,SPWI897.SPL,hardcoded/unmapped projectile,225
SR,SPWI898.SPL,hardcoded/unmapped projectile,225
SR,SPWI899.SPL,hardcoded/unmapped projectile,225
SR,SPWI903.SPL,hardcoded/unmapped projectile,221
SR,SPWI911.SPL,hardcoded/unmapped projectile,305
SR,SPWI913.SPL,hardcoded/unmapped projectile,254
SR,SPWI914.SPL,hardcoded/unmapped projectile,54
SR,SPWI920.SPL,hardcoded/unmapped projectile,271
SR,SPWI921.SPL,hardcoded/unmapped projectile,79
SR,SPWI922.SPL,hardcoded/unmapped projectile,270
SR,SPWI925.SPL,hardcoded/unmapped projectile,266
SR,SPWISH38.SPL,hardcoded/unmapped projectile,254
SR,WAND18.ITM,hardcoded/unmapped projectile,55
SR,WAND18.ITM,hardcoded/unmapped projectile,221
